filename,Raw_successful_fits,Raw_I0_mean,Raw_Tau_mean,Raw_B_mean,Raw_Residuals_Std_mean,Raw_I0_std,Raw_Tau_std,Raw_B_std,Raw_Residuals_Std_std,Raw_I0_min,Raw_Tau_min,Raw_B_min,Raw_Residuals_Std_min,Raw_I0_max,Raw_Tau_max,Raw_B_max,Raw_Residuals_Std_max,Savitzky-Golay_successful_fits,Savitzky-Golay_I0_mean,Savitzky-Golay_Tau_mean,Savitzky-Golay_B_mean,Savitzky-Golay_Residuals_Std_mean,Savitzky-Golay_I0_std,Savitzky-Golay_Tau_std,Savitzky-Golay_B_std,Savitzky-Golay_Residuals_Std_std,Savitzky-Golay_I0_min,Savitzky-Golay_Tau_min,Savitzky-Golay_B_min,Savitzky-Golay_Residuals_Std_min,Savitzky-Golay_I0_max,Savitzky-Golay_Tau_max,Savitzky-Golay_B_max,Savitzky-Golay_Residuals_Std_max,SimpleRNN_successful_fits,SimpleRNN_I0_mean,SimpleRNN_Tau_mean,SimpleRNN_B_mean,SimpleRNN_Residuals_Std_mean,SimpleRNN_I0_std,SimpleRNN_Tau_std,SimpleRNN_B_std,SimpleRNN_Residuals_Std_std,SimpleRNN_I0_min,SimpleRNN_Tau_min,SimpleRNN_B_min,SimpleRNN_Residuals_Std_min,SimpleRNN_I0_max,SimpleRNN_Tau_max,SimpleRNN_B_max,SimpleRNN_Residuals_Std_max,improvedrnn_successful_fits,improvedrnn_I0_mean,improvedrnn_Tau_mean,improvedrnn_B_mean,improvedrnn_Residuals_Std_mean,improvedrnn_I0_std,improvedrnn_Tau_std,improvedrnn_B_std,improvedrnn_Residuals_Std_std,improvedrnn_I0_min,improvedrnn_Tau_min,improvedrnn_B_min,improvedrnn_Residuals_Std_min,improvedrnn_I0_max,improvedrnn_Tau_max,improvedrnn_B_max,improvedrnn_Residuals_Std_max,CONV_successful_fits,CONV_I0_mean,CONV_Tau_mean,CONV_B_mean,CONV_Residuals_Std_mean,CONV_I0_std,CONV_Tau_std,CONV_B_std,CONV_Residuals_Std_std,CONV_I0_min,CONV_Tau_min,CONV_B_min,CONV_Residuals_Std_min,CONV_I0_max,CONV_Tau_max,CONV_B_max,CONV_Residuals_Std_max
processed_data_batch_1.npz,150,1.4052737922978615,142.36316706551082,0.02419155614212141,0.003544633367288504,0.0747555431542212,0.3030425515308944,0.00016818076255282308,7.216262095275e-05,1.1713014351521478,141.5364812980874,0.02374540554078091,0.0033226035435471785,1.5148894940096445,142.99017680379788,0.02464437270072408,0.0037156406472950185,150,1.4052747060724868,142.36307943192932,0.024191520055853843,0.0007990765399276457,0.07475295714634753,0.3032145154200416,0.0001683170190051887,8.015958277334448e-05,1.1712963603558533,141.53961416413716,0.023743799214303196,0.0006597058445238612,1.5148632927247354,142.9923362914496,0.024647230251365882,0.0011470410242648476,150,1.4052309453919383,142.3868561276145,0.024061321977721272,0.0005289663903493366,0.07459844801129172,0.3009944244570354,0.00016656552109717702,8.044837431219955e-05,1.1717654035173897,141.57808971454665,0.02364631513702844,0.0004090888037591486,1.5145942434645596,143.03188408983235,0.024513412672204263,0.0008796755984838749,150,1.4114070868553232,142.06808223662722,0.025604373063194696,0.0017055698727581443,0.07557616302549196,0.3127929504667349,0.00017123586665799778,7.22898786098366e-05,1.1754306098750287,141.22125145841486,0.025180778292905825,0.0015562111529859278,1.5225479762921694,142.65546529528356,0.026057780428674373,0.0018961220521726148,150,1.4063192549765207,142.2476835690139,0.024262781607811906,0.0004470759302465819,0.0749496454024498,0.31224336544553577,0.00017506524517369145,9.683839342227753e-05,1.1718484491225916,141.40359624067642,0.023815847725740143,0.0002840625160707459,1.5158928065216304,142.92270363181393,0.02473106043655635,0.0008674320658201433
processed_data_batch_2.npz,150,1.3594140123933396,142.52423963617144,0.02422457003969164,0.003518189282551686,0.1167331383816721,0.2356989219171173,0.0001417263222056428,7.599004986676966e-05,0.917666266156077,141.89066113833954,0.02384786662638283,0.0033385212911822876,1.4873085688356,143.06529449030967,0.02464335888919081,0.0037346021736700034,150,1.3594173228392614,142.52380609922824,0.02422478149158798,0.0007835707239102352,0.11673182986721742,0.23613784494840084,0.0001419072993705387,6.518068903473748e-05,0.9176582887049368,141.88616149169866,0.02384602374401305,0.0006479407891133746,1.4873050579291562,143.06874511096544,0.02464775468002379,0.0009689299210761365,150,1.3594868427266458,142.53337317738163,0.024100051140939497,0.0005086200570298068,0.1165652766455372,0.23296909544454955,0.00013914216305716692,7.830797375518985e-05,0.9177081064289407,141.85049614524766,0.023719363639810163,0.000339685441024328,1.4866768271551425,143.0839301047212,0.024510512975808075,0.000779939552484963,150,1.3651451239354118,142.24567358052585,0.02562938665747425,0.001739404988551765,0.11776566628407967,0.2391984987147983,0.00014163023446403793,9.0117937832659e-05,0.9204910603732254,141.65209560717656,0.025262629275685487,0.0015493402796605766,1.4945272363013555,142.79357365290258,0.026029008724115024,0.002013801037673689,150,1.3603174417828277,142.42068299883488,0.024289566779511534,0.00043558670867930693,0.11702055866284211,0.22975058069369025,0.00014271219171834484,7.304332559490824e-05,0.9174374971722318,141.78516395956663,0.02387309438841775,0.0003051453089535685,1.4882765937174967,142.96329623473187,0.024675804054815263,0.0006812189855978186
processed_data_batch_3.npz,150,1.3925137926173887,142.45814100943346,0.024262871196414373,0.0035287644411877823,0.08366416816928202,0.2621940441880396,0.00015163981614141177,7.359258328103112e-05,1.0162219626998,141.7994196248739,0.02375275200269579,0.0033537390133380504,1.4945386903392504,143.29200447745393,0.024664393546013377,0.003714902082853915,150,1.392515832200952,142.45777332721008,0.024263308864489557,0.0007988464408727247,0.08366616005447433,0.26204093469631207,0.00015162502816246779,6.09705962515604e-05,1.0162256797797304,141.79703156667364,0.023753491865168768,0.0006623673219333244,1.4945659115665946,143.29181788111018,0.024666602628879004,0.001024145959297877,150,1.3925063013694303,142.47820856635866,0.024134378970341448,0.0005337982804717408,0.08352198716696668,0.26147517855817287,0.00015011033576721566,7.397144534246606e-05,1.0167763018038671,141.86834456990502,0.023651403198096815,0.00037588507300482117,1.4945886619461028,143.2881870164795,0.024505542845984715,0.0008039692553729148,150,1.3985007378022252,142.17309243288804,0.02566828665956989,0.0017120745392469913,0.08452570711712257,0.256787202103847,0.00015056761845458425,7.469323934673606e-05,1.019564031782055,141.52094396571425,0.025119265788122517,0.0015395202619016965,1.5021579903078441,143.07862343430628,0.026060860206076147,0.001984630613224989,150,1.3934972459248813,142.34823680972457,0.024331201393348507,0.0004636478596412965,0.08388017798522729,0.2624421086066988,0.00015548237491483372,8.514145674067525e-05,1.0163791340342696,141.6499591828005,0.023839473475573653,0.0003035726305570021,1.4959251410831786,143.16837392626627,0.0247862892935872,0.0007518876871822526
processed_data_batch_4.npz,150,1.4092489422131114,142.3242517331518,0.024278065028988275,0.0035285334525178244,0.07719088311543729,0.29572195675097857,0.00014644707135338822,7.157027665453547e-05,1.0350145167037161,141.56270020013633,0.023972470562524394,0.0033083915696344814,1.4854035429444081,142.9636689217391,0.024720287232869346,0.003698235849007862,150,1.4092557364033538,142.3234632852253,0.02427846317205365,0.0008020926773545554,0.07719205416533831,0.29640779498255815,0.0001469175597564695,6.947589083984271e-05,1.0349842680707633,141.5584916148537,0.023970192633900413,0.0006548155566446492,1.4854712310211518,142.96213592077186,0.024721908076968238,0.0009954927120665788,150,1.409190345283644,142.349235354173,0.024148025737463354,0.0005306918770992358,0.07706559538324337,0.29330485015634006,0.00014383793384660772,7.862559882564578e-05,1.0354823253105485,141.56564992714115,0.023824159373361894,0.0003961322326933656,1.4851573147137853,142.9915961933467,0.024597227339735468,0.0008228612629011174,150,1.4154236098724493,142.02762632880714,0.02568972482797335,0.0017004853193548545,0.07795866603460923,0.2950279101661802,0.0001475278597904744,6.732597897093578e-05,1.0384976105460302,141.26873002815972,0.025341345133961,0.0015706676086280045,1.492713853104695,142.68283610662104,0.02613452844875104,0.001990571608869086,150,1.410290348467176,142.20920978636724,0.024350966587043773,0.00045984605531748825,0.0773811028608975,0.30614500227936875,0.0001535449498322046,8.864510884501907e-05,1.035300958365077,141.4230621515948,0.024009904379252444,0.0002926232055840864,1.4865439659711672,142.89703187012088,0.024827779819907074,0.0007857378737057724
processed_data_batch_5.npz,150,1.3724671551357168,142.37252379381874,0.024382986796831433,0.0035307122201112392,0.11578966644925444,0.23080089477060148,0.00015475747525416707,8.281116678715224e-05,0.941947853780701,141.81658368139645,0.023991634821075893,0.003320835375194702,1.4964454066012005,142.95767043519325,0.024754424649131603,0.003731228245395946,150,1.3724684996817458,142.3724106920655,0.024383054195215116,0.0007923386297731979,0.11579290194001693,0.23083436701537663,0.0001545866452860027,6.787862657627241e-05,0.9419442724693017,141.81606182414012,0.024000264956298322,0.0006262243768922237,1.4964729473151646,142.95742983040472,0.024753004836986166,0.0010159613433145358,150,1.3724905038138808,142.38838592574845,0.0242552598312747,0.0005247036035818024,0.11559405021665357,0.23371989178696678,0.00015428823325029577,8.274687683211169e-05,0.9420172684842323,141.7950370306683,0.02388673165195914,0.000386109629779583,1.4963436431410753,143.0219549230195,0.02463565257405563,0.0008372978895596889,150,1.3783494254353885,142.0873808730172,0.025787621741165518,0.0017308267379297845,0.11686801021939716,0.23256604799337702,0.00015572230852030236,8.702758861610603e-05,0.944848934304309,141.58899011354387,0.025442080821197775,0.0015722778610007255,1.5039011674727878,142.64096113256574,0.02615067662392945,0.0019468283855494665,150,1.3734051287035578,142.2671370760687,0.024448462042055183,0.000446434779214322,0.11609779318195441,0.2230164516989234,0.00015455881660299018,8.959799839616306e-05,0.9418762947798763,141.75340633623676,0.02405871861476507,0.00027470648488268033,1.49759530123732,142.83600491426466,0.024805909708808645,0.0007834456267056925
processed_data_batch_6.npz,150,1.4011971639025023,142.31264943409894,0.024370771006896372,0.00353507235824059,0.08632918806034881,0.2903926263852952,0.00016162233223854588,7.402912420858454e-05,1.0386803066585883,141.41565565576389,0.023878121959637774,0.0033202915295264855,1.4968309547129273,142.97964022462506,0.024719655315845187,0.0037267210588607163,150,1.4012012833125014,142.3121647662082,0.024371074026377747,0.0007959027085425613,0.08633182437194424,0.2904724836384833,0.00016188538484881285,6.9967685979729e-05,1.0386166983482639,141.4188475396401,0.023873917837456564,0.0006089059838615414,1.496834893502814,142.97995177201872,0.02471946473628956,0.0010039702726833434,150,1.4011806008025403,142.33422359065278,0.0242410799486836,0.000531239644333805,0.08616651867819078,0.2888109688004885,0.00015952013170108818,8.465828641478787e-05,1.0394975045423263,141.4688961286847,0.023753022304729067,0.0003606060696018173,1.4969276142732524,142.99140456173419,0.024574827153432007,0.0008023315444095404,150,1.4073169175713645,142.01903772571336,0.025778322595899947,0.0017104773324043401,0.08721500677155727,0.289271314656925,0.00015838817509306966,6.974292109131174e-05,1.0420467349579592,141.08291229342026,0.025319519133286932,0.001568149513121675,1.5040996154305006,142.75769850346765,0.026151040880624598,0.0019207298137543468,150,1.4022125118857984,142.19894440062504,0.024442217594342865,0.0004594799522199438,0.08655829527998168,0.2959810054377479,0.0001667933716640075,8.751124205911138e-05,1.0389581901511256,141.25194057520562,0.02397767599227797,0.0003056706237068187,1.4979345166260918,142.89638186049478,0.024835052853819393,0.0007394174050437132
processed_data_batch_7.npz,150,1.4135792751114484,142.45861957845403,0.024299284306643985,0.0035483969992552225,0.07099013506833196,0.2387565404514008,0.00014030031732136132,7.137636667091333e-05,1.0864154342887178,141.8309082909474,0.023968449223699756,0.003404742953186547,1.490059369397032,143.20497081658925,0.024631479911468405,0.0037371733866645635,150,1.413580732115279,142.45839188448818,0.0242994934217872,0.0007930342025265431,0.07099002292830212,0.23896622149511837,0.00014052580485030518,6.843750446330648e-05,1.086346161745866,141.82777681540477,0.02396952439803871,0.0006540077144972923,1.4900797995621795,143.20935320673445,0.024630353081329746,0.0009760887210684224,150,1.4135043933036542,142.48665247696317,0.024166719538706992,0.000524723035222062,0.07084658825130319,0.23769786280744376,0.00013988632385392898,8.02414431760051e-05,1.086997468169625,141.83449700766664,0.023832900412586965,0.0004008711804577772,1.4898573456911588,143.21688200571487,0.024496245262243022,0.0007890050749623129,150,1.419815546252276,142.15967458450754,0.025709852683713588,0.001700108320966344,0.07176731010047993,0.2407272520840855,0.00014013967609699716,7.028796718784785e-05,1.0900319681440989,141.58233971141726,0.02535237501547319,0.0015511175948885456,1.4973687849395327,142.96413498066931,0.026044803869916214,0.001960695702210525,150,1.4146318103157587,142.34099526420633,0.02437439356687591,0.0004508221668376657,0.07117399876390362,0.24331165218124476,0.00014517997755303838,9.024654292038235e-05,1.0865792093194502,141.69989768269775,0.02403625480101117,0.0002823327976540859,1.491426186290011,143.11585040344156,0.024748819334689292,0.0007883791817730888
processed_data_batch_8.npz,150,1.4154447324722097,142.30568216695596,0.024256493698201403,0.00355518073281089,0.06663639916582985,0.3170573377549558,0.0001577349836378711,6.828070010687773e-05,1.1065723866713988,141.53550599480556,0.023778255265466577,0.0033745604406259155,1.5021363541594717,143.19441158337676,0.0246931402882982,0.003703969827029584,150,1.4154479318239823,142.3052470628269,0.024256798925005665,0.0008083230725940036,0.06663435360777023,0.3171109756536859,0.00015793293326172328,7.707503291674317e-05,1.10656616452733,141.53950640582548,0.023773414795237806,0.0006522903787366935,1.5021237942252632,143.19893656534626,0.024697319661786152,0.0010675649344299666,150,1.4153614120954399,142.33417717128702,0.024123795117159896,0.0005456096492342614,0.06649698950285043,0.31989042580017224,0.0001575601691568694,9.533926637441211e-05,1.1071464835166696,141.55098927271587,0.02365156131895065,0.0003937187731797943,1.5023853467013104,143.2234981647793,0.024552949173044798,0.0008348870439550804,150,1.4216848134631983,142.0060857193571,0.025669229563472378,0.0017032534625262311,0.06739966136375533,0.3158536687006779,0.00016110112352989272,7.063940477138886e-05,1.110365878897719,141.165740965008,0.02520183069630456,0.0015203138932296132,1.509406441716351,142.8647132467705,0.02611933104109541,0.001946235054456392,150,1.4165010093349695,142.18973577823547,0.024329040474585898,0.00046793965417155634,0.06678964219543863,0.3230137458185626,0.00016237635923306782,8.876458132419678e-05,1.1071179627013206,141.3838877378751,0.023870927513052295,0.00029705944664579426,1.5031733451106704,143.0736609856222,0.024809826751111857,0.0007684564812773713
processed_data_batch_9.npz,150,1.4197458976157913,142.434827758835,0.024202864309866064,0.0038265658246651596,0.06618659676390196,1.7905568693339768,0.0012074625460570792,0.0021551500629591867,1.1735876340482727,141.38219175950732,0.01085613329975933,0.0033509991815137774,1.6321629763157806,163.09973639080076,0.027482245021355805,0.027724062885665077,150,1.4197499127337752,142.43430046601998,0.02420330615527675,0.0011506238463708815,0.06619742319314087,1.7876709079369912,0.0012056334242225377,0.00241835575176912,1.1736010062485114,141.38052252234806,0.010881038224040542,0.0006849666187652969,1.6324621153715688,163.06270559704922,0.027487587562209443,0.027329058500111504,150,1.4197011975664962,142.4596570351601,0.02407209594835389,0.0008729806890969956,0.06612227747118829,1.7673339532356314,0.0011885771091164862,0.0023237816640783475,1.1739881781918435,141.398595823725,0.010942475309683333,0.00040713448850762223,1.6336741190772166,162.8566553434723,0.027338990120861897,0.026193259538202715,150,1.4260912721824135,142.1283179709314,0.025618094392565426,0.002010946658271017,0.0671901983286901,1.7644764520101086,0.001201985022471817,0.00231587773359788,1.1777338159667776,141.10575026262558,0.012194357063434429,0.0015390690158260676,1.6422631199837823,162.6797974982099,0.028918158517237388,0.027774640483988717,150,1.4210134279703874,142.29485900462595,0.024290393131621634,0.0007614457144217183,0.06697299365142464,1.6434868574790953,0.0011183731720319464,0.0020631119038298958,1.173858098505717,141.24927510689926,0.011871274097343539,0.00031177136185120196,1.6487694225309424,161.39936321115098,0.027540623966051715,0.02411682156902492
processed_data_batch_10.npz,150,1.4020795972960545,142.06635467872943,0.024408816362866237,0.003814429570019658,0.09868390083890954,2.1684624284141836,0.0010339818711888086,0.0018568560259718747,0.9819716424663799,121.73412066383302,0.021858223790094826,0.0033198620685991075,1.4938941223471067,145.7257699245781,0.03240283369896617,0.022899800976935912,150,1.4020823663829112,142.06599788888659,0.024409083714314075,0.001161200684358315,0.09868749985283096,2.167827345230458,0.0010341679600500678,0.0021503805146194676,0.981936541017841,121.75532385467355,0.02185948608160113,0.0006636575720209164,1.4939134321719085,145.71131196955628,0.03241196116636981,0.022584850153125557,150,1.4020329658529926,142.09234906853706,0.02427607417478415,0.0008765596479268924,0.09852773871956919,2.1566353869397408,0.0010276985622923627,0.0019849584660832547,0.9822518040114258,122.02389460203982,0.02175673307142953,0.00036638187356017617,1.4940605032447454,145.91436291850925,0.032271288889653194,0.020921882751182955,150,1.4082126093385843,141.7686759211899,0.025823726471310718,0.0020336656101627164,0.09967718807840459,2.1389785094070217,0.0010217750698297851,0.002046916334419357,0.9851069758971976,121.55819401108897,0.023343494746514527,0.0015273092597704355,1.5012178827593423,145.4175258860763,0.0336387435156134,0.022601570104257243,150,1.403018999968973,141.96329895077628,0.024472892910583396,0.0008181265490417893,0.09899375917154166,2.1176314553856725,0.0009961024132075524,0.0019541499882304416,0.9822435123402188,120.93253275737258,0.02194709647240206,0.00030776096325291663,1.4951675980991348,145.59434757960668,0.0315098654599243,0.01934541241936511
processed_data_batch_11.npz,150,1.365871943925651,142.39918425127814,0.02429943471452045,0.0035265519665048555,0.11397599424109299,0.24532484849448385,0.00014312156955479662,8.33463598993415e-05,0.9711266092248576,141.82871535139424,0.023930474909949814,0.0033207550389437886,1.497655437868089,143.0224969074771,0.02466052205993587,0.0037249783136334568,150,1.3658755822839732,142.39876663659996,0.024299720472764883,0.0008027470823971305,0.1139801391899256,0.24521231882977498,0.00014337267719990887,7.433476484311111e-05,0.9711326097991199,141.8277943537478,0.023930561968813654,0.0006536225475352442,1.4976450752402772,143.02270179998965,0.024661599128618344,0.0010249937934114755,150,1.365939178922071,142.41000772245272,0.02417497513750704,0.0005338829017293251,0.11378220397915424,0.24996595874073857,0.00014201311684042123,8.727514567507242e-05,0.9715005434814598,141.82387213922817,0.02380002999543696,0.0003620667554374453,1.4973278962477297,143.04196999159433,0.024525900097715072,0.0008543812463400321,150,1.3716770417835145,142.11713730399816,0.02570493098757736,0.0017390841970347682,0.11504195856360001,0.24160918574591278,0.000143756084935212,9.192137582442673e-05,0.9741909892057621,141.53258742106712,0.02537382929078317,0.0015680706733040394,1.5052002546014167,142.66464579441913,0.02609323389231052,0.002027988446725967,150,1.3668064960589665,142.29162917382482,0.024367252542664697,0.0004558834796824625,0.1142472548428219,0.2380350891368041,0.00014651453212193399,8.823590076917034e-05,0.97110361656493,141.72564877964157,0.024018151903120424,0.0003058787700329444,1.4987620319241095,142.85440276666128,0.024729015797430923,0.0008555124164506892
processed_data_batch_12.npz,150,1.3854055660529987,142.51177926133926,0.024271024786126538,0.0035181971956627727,0.10623386438950923,0.24027466079347243,0.00014377436008988315,7.921792190560733e-05,0.9253946615095675,141.87974006224593,0.024003409440231285,0.0032955451202925238,1.5003084658808108,142.9849255855279,0.02466637391834753,0.0037637557862525424,150,1.3854113737486988,142.51102871025242,0.024271446797753202,0.0007943913103064756,0.10623325202997165,0.2402414167371058,0.00014388506119345675,7.449527125308932e-05,0.9253868570431252,141.88062728580113,0.024003099319984147,0.000648022493175686,1.5003709898662443,142.9780910516577,0.024669081458859408,0.0011575872327238912,150,1.3853743077170957,142.53439408745038,0.024140427805548995,0.0005245539460092785,0.10609727172923068,0.24164310874853187,0.00014390443390110275,8.295143635014743e-05,0.925442510158539,141.88125193553032,0.02385011260668364,0.00039006195268900915,1.5007130093758847,143.00069429208273,0.02455563602016295,0.0007910205891183853,150,1.3913898693969853,142.22299278296353,0.02567774051284585,0.001719571619282788,0.10720704531374392,0.24673227936530984,0.00014583262794358814,9.054654854462763e-05,0.928262063066673,141.55878501591462,0.025402169888481856,0.0015448372442474114,1.5079096059293335,142.74784422887967,0.026103732262078364,0.0020068277650035077,150,1.3863738492237272,142.40395432938098,0.024338780669644962,0.00043674262098187855,0.10650177325677714,0.24056252547145576,0.0001478278238648983,9.078068968023748e-05,0.9253029227304451,141.7736063058636,0.024053918461091815,0.00027954923329432437,1.501455337256,142.89052773156078,0.024751989361758868,0.001026103879293585
processed_data_batch_13.npz,150,1.411412669405671,142.3537387660272,0.024238708672004235,0.003542859354812619,0.08033259739640372,0.2813620394298131,0.00015476610092645402,7.506119876616429e-05,1.0857279610706276,141.6830990189206,0.023784343019641586,0.0033633800946244797,1.5010244063441063,142.9864730012787,0.024627008403206925,0.0037254276221730756,150,1.4114172525652229,142.35316284646672,0.024239088681406794,0.0008099851235795874,0.08033313210217001,0.28130262135283846,0.0001548923788066763,7.557112260824863e-05,1.0857173177959099,141.67741630658136,0.02378143430902192,0.0006114405718561645,1.500985496917869,142.98023515977238,0.024629198012935435,0.0010771815731955405,150,1.411376940693171,142.3768813402421,0.024108851272414945,0.0005414237179718188,0.08022038806938567,0.2851614261142355,0.00015494035218657177,9.387239467303722e-05,1.0861072634812747,141.74084619216526,0.023698289945422363,0.000384286597818277,1.5010066175919459,143.02730216179918,0.024519971529721865,0.0009280554545940209,150,1.4176382345647607,142.0529688952208,0.025653387851952786,0.0017086010481916513,0.08118413845912362,0.28287883540016645,0.00015622848313229275,7.392805497421371e-05,1.0893642393228211,141.40198693487076,0.025193565188174668,0.0015257735272095646,1.508494252088263,142.71001467477228,0.026049298139990754,0.001942171751046897,150,1.4124361263545973,142.2419151303128,0.024309459999019973,0.00047055722724675546,0.0805573660399396,0.28402027272187297,0.00015950943002020928,9.263875683456415e-05,1.0856664035487331,141.54877694946342,0.023836635928672443,0.0002809034557780617,1.502397172077222,142.92808094189672,0.024728328513852958,0.0007760689564766449
processed_data_batch_14.npz,150,1.415875508635162,142.34057061365235,0.024305274350916766,0.0035525186683519525,0.0676084888505143,0.31689686162008646,0.000146066647600388,7.852810325108957e-05,1.187728595383587,141.49850332336496,0.023940096629662115,0.0033416780651350712,1.5024018992186847,143.14679269025223,0.024666940481296303,0.0037162113529700417,150,1.4158765926444044,142.34048360130788,0.024305218480582494,0.0007988010224584236,0.06760825419526054,0.31703464943103704,0.0001460607467176638,6.69852782888698e-05,1.187766870830334,141.49821596559087,0.023938164290882996,0.0006491200445244305,1.5023776486981661,143.14622539231038,0.024669744157559476,0.000968310936355897,150,1.415840067357952,142.36314532312431,0.024176221644605856,0.0005286739374030516,0.067494397826913,0.3137678640092795,0.00014507130483599567,7.855316778506799e-05,1.1881575721677227,141.5329697223577,0.023845785381815632,0.00037912827801384286,1.5031670226868996,143.18246065792982,0.024544797281461167,0.0008110813234660899,150,1.4221215310569153,142.04150413595295,0.025716552069854105,0.0017016696891453493,0.068382843209693,0.3260072578146208,0.00014870728826258178,6.24719989940472e-05,1.1920407728354212,141.23392577207179,0.02533670244063523,0.0015296384832770317,1.5096832607470758,142.84919497794888,0.026073453266168504,0.001901208050805381,150,1.4169240925515096,142.22527282233415,0.024378390857414268,0.000457818942661688,0.06780276624790833,0.3243426494202713,0.0001519657675106486,8.426505672871151e-05,1.1881445076380965,141.38555119271317,0.023988329720043416,0.0002905336715903191,1.5035403920144508,143.0216381843074,0.024759751474109616,0.0007907394020317892
processed_data_batch_15.npz,150,1.4174942952623213,142.45269000458964,0.02428425766754063,0.0035541645690499194,0.07009303025760849,0.2816808227442226,0.00015905351504500766,7.631827772628148e-05,1.1416117462925512,141.9184754819876,0.023853339683814846,0.003345644954157636,1.4941519470805809,143.21947829782604,0.024640657736475,0.0037564055920862476,150,1.4174996187576043,142.45202941080802,0.024284645783830973,0.0008125637587264409,0.0700929901929488,0.2813207524933292,0.0001593060700862273,7.477389497051154e-05,1.1415785208436284,141.91407257164715,0.023852824639475592,0.0006251475424202256,1.4941281060617648,143.21843938522287,0.02464298693913191,0.0010924034729989883,150,1.4174737326395204,142.47304472862214,0.024157295602129373,0.0005453332429113579,0.06998147937129189,0.27939284784945023,0.00015365406801138104,7.99581092891689e-05,1.1422621124012606,141.97154696514355,0.023758702624124373,0.00037938703400433523,1.4946165445921573,143.29877774741257,0.02450066384650987,0.0008975983319036613,150,1.4237784155980278,142.15120791304724,0.02569583902708233,0.0017085446610884262,0.07088599817461162,0.2903934136788132,0.00016341932252051443,7.20953999533883e-05,1.145477782226227,141.53528923606862,0.025255846359186276,0.0015421424783518575,1.501393137792392,142.9848409795586,0.02609391220215082,0.0019246860618176436,150,1.418543453851112,142.33764034324705,0.024357865815748572,0.0004557946246343561,0.07028220701600725,0.2931177308835871,0.00016649268296612088,8.649565886108776e-05,1.1420741756999964,141.75287427996332,0.02392224306924774,0.00028858846905966003,1.4956967894007922,143.14805148227447,0.024746872446307994,0.0007856734606249626
processed_data_batch_16.npz,150,1.421261429352415,142.24236666341793,0.024371567282725035,0.0035448050312299148,0.06615819156127761,0.2914678695950986,0.0001508138225475384,6.973377341135708e-05,1.1581202540978972,141.58775103149492,0.02405668582682811,0.00335447169619637,1.5041606472458415,142.86904007260907,0.024810897692390005,0.0037079894478724723,150,1.421260737617553,142.2424543585053,0.024371600940450915,0.0008078219728185547,0.06616434658387575,0.29122770162121187,0.0001507913670422974,6.735120978032824e-05,1.1581485242814995,141.58397842565464,0.024057146455251165,0.0006533038389946694,1.5041553711768498,142.872299807934,0.024810643451591858,0.0010304980346511625,150,1.4211640192593322,142.27283160570877,0.024237716177598956,0.0005406304002930077,0.06603344260892549,0.287278113056127,0.00014853417903961587,7.714624582762332e-05,1.158519787709318,141.59469760205005,0.02392812183038732,0.0003918119488841993,1.5039670602242603,142.8767844967272,0.02468637699185899,0.0007764734818895049,150,1.4275836948498484,141.93850806378796,0.025783946548617504,0.0017021606380643946,0.06691735650985985,0.29632406693177915,0.0001537946569508034,6.138906070129748e-05,1.162311302863212,141.33611548949932,0.025471758588074114,0.0015606510611874769,1.511721731025918,142.6470793636402,0.026223586874030706,0.001896042374111973,150,1.422328257198042,142.12549996392136,0.024446073275747108,0.0004705885384352647,0.0663011186716852,0.2989110189465439,0.00015783680370151976,9.230924300417084e-05,1.1584291972681706,141.49728540507473,0.02411735661188857,0.0003210660315462233,1.5055003261090945,142.78824010507142,0.024917602737472504,0.0008586302213206218
processed_data_batch_17.npz,150,1.4033756629223388,142.33643160646247,0.024320840890223027,0.003537936782338466,0.08325138074547064,0.2998821843762664,0.00015909121919984926,7.588336729825657e-05,1.0512776064617975,141.62076295076625,0.023980954464189394,0.0033634297669782208,1.5044130980764607,143.16127782152972,0.024732378147621102,0.0037872586617088543,150,1.4033748517333366,142.33653872006496,0.0243208067947792,0.000803916067490533,0.08325428930663892,0.2993377025553196,0.0001587266261394614,7.257513674098182e-05,1.0512889393856444,141.6222433278906,0.02398027975895073,0.0006345141566246942,1.5044062373126428,143.1536441501601,0.024732156497842772,0.0010221070176857844,150,1.4033573981675072,142.35888184887725,0.024190687021653043,0.0005285487242224474,0.08309564018404049,0.2996403167984283,0.00015708295430313173,8.074411546129798e-05,1.0519281065193673,141.6564738506253,0.023837475280483484,0.0003976037930264154,1.5043421914235267,143.17770106434148,0.024556711708788374,0.0007780381024822956,150,1.4095170975296123,142.0413811849225,0.025730258718493892,0.0017116341470649705,0.08414292964690608,0.3058605138741624,0.00016033576224939224,7.081748489969503e-05,1.0546459592595505,141.24103046786738,0.025387821737586042,0.0015635197278766981,1.5119279341589658,142.9097893255478,0.026162830142642975,0.00195058811968218,150,1.4043920507154546,142.22223550650213,0.024393808977760004,0.0004596439178137814,0.08347110606108082,0.3072684573548112,0.00016511891540846446,8.594494472766216e-05,1.0514614681694947,141.4895141038874,0.024027408613925536,0.00029231845627505595,1.5055818125559324,143.09169108965528,0.024785616503947172,0.0007041284656038143
processed_data_batch_18.npz,150,1.413838514471984,142.39754689887388,0.02428402639944657,0.0035435144559034094,0.08940647832017697,0.31710044196281845,0.00015768978738484802,7.73383885614966e-05,1.0171257057113285,141.41381953224257,0.0238455023070825,0.0033278183766572147,1.5126858455128438,143.1254110992934,0.024757625396292362,0.0037471335815687256,150,1.4138441116466478,142.39691038925918,0.02428436892906692,0.0008034960717572471,0.08940871937594928,0.317089592568387,0.00015779733495762486,7.351024025329967e-05,1.0170819651892538,141.4202593158651,0.02384527188456576,0.0006277092994503408,1.512639678660257,143.1271444778715,0.02475458727657819,0.0009896424542569328,150,1.4138114123586016,142.41967001740616,0.024154433832013444,0.0005414188981156678,0.08926652393747174,0.32417363328493665,0.00016113425579900183,9.571600812042377e-05,1.0177851251256012,141.36506500280026,0.0236790520441873,0.00034836589573867676,1.5127498212235262,143.16948842186557,0.024670724945578985,0.0008652730405388539,150,1.4201375838076002,142.0912011986866,0.025700224427012947,0.0016996120274771654,0.09031429963420365,0.3191797536336709,0.00015852923513081862,7.554259563949228e-05,1.0203044769503191,141.06449266866085,0.02529539276893794,0.0015430313917012,1.5203880048280065,142.86265820354768,0.026194591549352685,0.0019442501301904758,150,1.414896623228423,142.28157939049711,0.02435710804275387,0.00046151728790641425,0.08964720327624913,0.3183198796352116,0.0001635840656846352,8.732604797201283e-05,1.0173876793765173,141.28249154116577,0.02394188764052629,0.0002774485005641321,1.5138972194609666,143.03985637219097,0.024845488207705192,0.0007689795025554787
processed_data_batch_19.npz,150,1.3820914344691846,142.39101214840747,0.024233414919670838,0.0035299624327745855,0.10693613175402768,0.28531137843307186,0.00015452413177196957,8.002403357026833e-05,0.9977378917821053,141.49756361152143,0.023836399109581772,0.003299070930005272,1.4932221346601167,143.00570635343055,0.02463062362223304,0.0037852129578494578,150,1.3820903428585165,142.39113085395934,0.02423338468647534,0.0007956738018989007,0.1069361022559175,0.28517162136188484,0.00015449328544847908,7.560276144837596e-05,0.9977183551997202,141.49245050479325,0.023837200655051568,0.0006311686264588888,1.4932360682347534,143.00600009837115,0.024632942882071216,0.0010301236440991204,150,1.3821121348713628,142.40580080087364,0.02410778799336115,0.000531830356113463,0.10675560266027813,0.28313947300841075,0.00015207554903112148,9.18563313885212e-05,0.9982143691660813,141.52565314313395,0.023733261733723848,0.0003785124609821831,1.4934409069876737,143.0108710206632,0.024484721728825647,0.000832517532103344,150,1.3880385881943325,142.10256381854438,0.02564296445382233,0.001721299605896985,0.10793021184659998,0.2841356682623141,0.00015618921244534657,8.370088319712516e-05,1.0008703564502233,141.2452653009485,0.02523368660483814,0.0015585752519023466,1.5003964843357454,142.72283451122163,0.02601916022594146,0.001946609077780448,150,1.383075977744898,142.28192626068196,0.02430054746625709,0.0004528699447482435,0.10721833819824995,0.2833302314096404,0.00015503032089883532,8.702308950180892e-05,0.9978235984786527,141.3706918069203,0.02386369280851672,0.0002966902731913655,1.494146662130733,142.879646085107,0.024710853042196636,0.0007394960590023783
processed_data_batch_20.npz,150,1.3840777508856679,142.4097518312364,0.02421724144200337,0.003534953634182926,0.09724563244275142,0.262962476123833,0.00014775511023350953,7.318541640076516e-05,1.075392346536278,141.76460476898254,0.02381749421821709,0.003386286768298184,1.49423870486658,142.99251209542896,0.024619429272237165,0.003719621478664691,150,1.384077644887474,142.40983039897395,0.024217148150754018,0.0007985835272530012,0.09724892654013291,0.2634141191266423,0.0001479909412929347,6.770236490275445e-05,1.0753822062265297,141.75959028313653,0.02381501774279219,0.0006564399108055815,1.4942376237673451,142.9910775929072,0.02462020768648475,0.0010242492053327593,150,1.384097164637992,142.42564854651087,0.024090351079503084,0.0005181442047211476,0.0970691856062199,0.2656731179793354,0.0001446939552285146,7.340360588579709e-05,1.0760189947850516,141.7684315316145,0.02372713704818039,0.00037404694596622837,1.4940511206504261,143.04805002759863,0.024491361645836023,0.0007509328972120598,150,1.3900284708728097,142.12203059163556,0.025627127212698983,0.0017291764672785273,0.09822764632946858,0.2647642911562101,0.0001502122721894899,7.707572821537605e-05,1.078802147199259,141.4023180637256,0.02522446631755599,0.001563614634266141,1.50183302652753,142.68638551323676,0.02605369834059736,0.0019469279594431226,150,1.3850534061724054,142.29934795794057,0.024285401462157418,0.00045542879558902203,0.09749641414458136,0.26097422310766066,0.00015408966234906432,8.421399633530457e-05,1.0757724885023685,141.6364574573154,0.023842458669032465,0.0003078050575320186,1.4954734991503842,142.86633609554784,0.02472418398202102,0.000726966759799934
processed_data_batch_21.npz,150,1.3917549606940451,142.4833746827976,0.02421093050979598,0.0035260136096960317,0.10847569172157293,0.2765954065285694,0.00014898966010815413,8.043988760379741e-05,0.8887239877985383,141.85809938571407,0.023878171187177482,0.003270632881964761,1.4980662022599684,143.1370362579798,0.024596457756044826,0.0037095294035981085,150,1.3917551358963716,142.48339193373346,0.024210937009093523,0.0007978022533184486,0.108479687353999,0.2766732687909442,0.0001488950445139108,6.851032227609303e-05,0.8886985248882849,141.85061113826325,0.023877911072371135,0.0006301412993578439,1.4980768993458768,143.14508117698716,0.024596381266974405,0.0009688402691663545,150,1.391801606996259,142.4955710979195,0.02408678859131611,0.0005310446399803648,0.10834717276853058,0.27493305991447226,0.000149983665357543,8.801245981768616e-05,0.8884902980798762,141.87715297289816,0.023717650731816482,0.0003506353864855102,1.4975723344414538,143.11339959276998,0.02446498947412377,0.000848158871201641,150,1.3978336286340156,142.1868735003455,0.02562471660885797,0.001714714017998981,0.10951436704897761,0.28336165224677246,0.00014886627907683005,8.806507436143348e-05,0.89142262553702,141.61111270313654,0.025270502621746797,0.0015681607233614349,1.5056273665535167,142.91265323400097,0.026046032456300397,0.0020387287262205065,150,1.392770431499906,142.3706599984267,0.02428117644131248,0.00044913931919867393,0.10875860062761906,0.2747117803021704,0.00015422418336874915,7.392099538634744e-05,0.8883527166366505,141.81195330372793,0.02396467512315194,0.0002707295489677379,1.4995853811931406,143.07707335294174,0.02468365038566298,0.0007053309410612833
processed_data_batch_22.npz,150,1.4100779850856402,142.37419909815134,0.024201972025492496,0.00363973411153246,0.08607424302670416,1.1004357532044728,0.0003440973280717984,0.0009601024077692244,0.9760799442915475,129.69965782408946,0.020946641841708417,0.003357483337428081,1.5040531636969063,143.30952883557694,0.025662842534048404,0.014624154197280711,150,1.4100820189914955,142.3737298008511,0.024202243629082888,0.0009366966493258959,0.08607643859641244,1.1013489303379016,0.0003440845784418587,0.0011692342745847724,0.9761120895265851,129.68762213572222,0.02094729270064661,0.0006815534164844605,1.5041863538655662,143.31549872355012,0.025664787344540075,0.014018495123862575,150,1.410024683175281,142.39852888997763,0.024070986437237773,0.0006695788683509099,0.08593151045593027,1.1115007703050885,0.00034488197598228404,0.0011352523096451793,0.9764162168717326,129.5995600493902,0.02082008372060983,0.00039516376142753785,1.5034230093580776,143.29241204199445,0.025524564589773303,0.0132603475495513,150,1.4163284290706992,142.06986014526976,0.025618542007874504,0.0018278241863515462,0.08697627844015948,1.1101465185036536,0.0003397124551733217,0.0010949050488688425,0.9791683309387268,129.28817298569976,0.022406575402793383,0.0015278594967234982,1.5114899688527408,143.0476040620766,0.027066903380334996,0.014201558971372354,150,1.4111001245762438,142.2619565908159,0.024271813891713543,0.0006021763522756979,0.08632528490817537,1.1129114783501173,0.0003477082053727543,0.0012149582840107964,0.976258400851479,129.4267088001885,0.02097350876747465,0.00031689097038748376,1.5061517741865527,143.19992209164295,0.02573504003808867,0.014202677731693425
processed_data_batch_23.npz,150,1.3968096711111164,142.34928526855046,0.024197576431790005,0.00364127116688527,0.09522871371899559,1.1691414433630274,0.0005608540003184627,0.0007756589226824783,1.0595859437224466,137.92634655045953,0.018673923722229903,0.003333849994268909,1.602866167668317,155.10253589959598,0.024849510519403727,0.011326916453274945,150,1.3968135255505543,142.34886996842042,0.024197818509406322,0.0009592119894896219,0.0952349628804972,1.169556570371963,0.0005607663519383127,0.0010125680478779012,1.059561690207156,137.92384609648366,0.01867387619256849,0.0006595533873520992,1.6030681457650426,155.103384045947,0.02484797141959706,0.010431062394558254,150,1.3967848622124681,142.36795246164144,0.024070176643571917,0.0006661521641627507,0.09503593806762187,1.1392366509746372,0.0005355411935141581,0.0008973532876237076,1.0600498573508303,137.86968637244306,0.018913780739191012,0.0003863417498550513,1.6031798375366297,154.69364674176674,0.02474508189913061,0.00820077845644754,150,1.4028962906157036,142.05534444901292,0.025609016637948644,0.0018591277015571875,0.09620929719952842,1.1620517551885805,0.0005595035428828916,0.0009429872895085924,1.0630343647769656,137.68574239754628,0.020097528817134298,0.0015464119792750607,1.6117376828021115,154.70445588044547,0.026220490950090228,0.010892027200326771,150,1.397767023901802,142.24426618654417,0.024262224696467095,0.0006233341663295868,0.0954385647603093,1.2182892142532922,0.0005899644996145384,0.0010143664683049996,1.0603383620366102,137.7983193673551,0.01831352601849156,0.0002719711890526754,1.603803899033042,155.63497045530846,0.02490808850187993,0.009840054762597436
processed_data_batch_24.npz,150,1.4108886886307732,142.31766334084807,0.02421743889862912,0.0035421815682302234,0.07492804018717943,0.32505051642793015,0.00018465864486859405,7.62904315659449e-05,1.097337080578533,141.5349261583807,0.023412231943606296,0.003316569003115445,1.5149361808395707,143.2477582892629,0.024657297804584925,0.0037300059642832346,150,1.410891615497142,142.31728147818905,0.02421770747827102,0.0008095659204612702,0.07492841639760504,0.3251468507698889,0.0001845237532555633,8.235203794411397e-05,1.097321305691148,141.5333093251674,0.023412916075959384,0.0006517748549363654,1.514963056481732,143.24613187027055,0.02465668130608424,0.0011581836562844987,150,1.410873117952472,142.33745056478296,0.02408931823322849,0.0005422384798209078,0.07481335356893182,0.3197012896477142,0.00018260414748161652,9.084888075249066e-05,1.097994424763903,141.5414332647133,0.02329608084185142,0.0004000390525920453,1.5149660204325661,143.24248867383236,0.024534387643796184,0.0009367676832779523,150,1.4170800205608558,142.02009767209893,0.025630870933982672,0.0017055343108568484,0.07574641938124596,0.33498912551954096,0.00018640289901377516,6.82463374393707e-05,1.1008970009954542,141.22618696769194,0.024823431433383388,0.0015711572016424956,1.52297523693679,143.00560449683948,0.026055516510048487,0.0019974849436511346,150,1.4119352909159344,142.20395158425387,0.024287564834094676,0.0004683047594593261,0.0751059219975283,0.3373901248125374,0.00019070629195317066,9.700009926694376e-05,1.0978270630967986,141.37318403106548,0.023451901167555134,0.00030255633612170295,1.5168416458044263,143.16555234020296,0.024747252610494853,0.0009371712355438278
processed_data_batch_25.npz,150,1.4139044552271576,142.37038378126735,0.02426731869652079,0.0035399272782723657,0.06627389185261327,0.27511053727311974,0.00013734262248098878,7.376602117372953e-05,1.1659649929299212,141.67884447206703,0.023899513321993644,0.0033652199257022796,1.502543198422233,143.09182129713042,0.024665572178830596,0.0037417845967210976,150,1.4139119151249524,142.36949782289435,0.02426782225313361,0.0008061686494201962,0.06627686638307292,0.27544406264207555,0.00013756406914578468,7.61546999893609e-05,1.1660102865661124,141.67536280213636,0.02389930033132479,0.0006661588143605195,1.5025468466724354,143.09455776031083,0.024668573449393074,0.0010480907254163826,150,1.4138347797989137,142.39818783371734,0.02413470845093891,0.0005319930387801738,0.06616797156712093,0.2740619695678602,0.00013658943338111515,8.397929488898666e-05,1.1660398649038883,141.76743898762473,0.023783094021181717,0.00037275304804278343,1.5027346688597805,143.16464980017162,0.024538361586241897,0.0007862655576352924,150,1.4201284715938214,142.0718594549616,0.025678887204964595,0.0017083959394000674,0.06700873858672786,0.28841817299368455,0.00014088410777734738,7.060985776699413e-05,1.1702435998958978,141.35252390145195,0.025328120362876738,0.0015615040691210566,1.5100983622963258,142.8472098273469,0.026103207662843016,0.0019404999089459919,150,1.4149668668821134,142.252064673669,0.024342483677700387,0.00046189981392741184,0.06645462936191439,0.28341471257859047,0.000143126775626737,0.00010162296630096153,1.166348946620611,141.5546283713882,0.02396483336166006,0.00029989985910335666,1.5038229459095604,142.98924025776324,0.024730569674465745,0.000862500120470036
processed_data_batch_26.npz,150,1.4024550287690822,142.42386876702503,0.024266146245975638,0.003537163436501528,0.07978554873205586,0.29140822001804983,0.00014501745007509378,7.310984753352015e-05,1.1200952042160868,141.84457754092927,0.023898348120362716,0.0033254148100789562,1.504795657710852,143.10120420173217,0.024592849883357127,0.0037110666798307545,150,1.4024566402636178,142.42365617502978,0.024266312497281686,0.0007994002308542263,0.0797867712092241,0.2921735405107006,0.00014557837078790225,6.931625562872013e-05,1.120133962071984,141.84425133971044,0.023894031622127904,0.0006222593079788213,1.5047821027953172,143.10228946296542,0.024592906055025756,0.0009845860103732196,150,1.4024438602355302,142.4432709487903,0.024138672824272414,0.0005241388186593374,0.07964409558527173,0.2918137869505739,0.00014156285721119084,7.515080601806639e-05,1.120608176635401,141.8545278375023,0.023778564222810133,0.0003961643812191482,1.5046344488032377,143.08820044067977,0.02445937013849411,0.0008175014191109124,150,1.408579078411698,142.12973342776138,0.02567602483041882,0.0017077756693467665,0.08065936050191126,0.29337510099458136,0.0001514197252361051,7.430084603848096e-05,1.12400678309374,141.52537870580775,0.025299266515764293,0.0015689159870144044,1.5125207896657131,142.86819727146013,0.026024929929224883,0.0019049891795387148,150,1.4034856537416938,142.30906017858166,0.024337432947445573,0.0004534684448401797,0.07999036893127703,0.2937629508291919,0.00015198700937135668,7.749480848472352e-05,1.1205136443904187,141.68755999477267,0.023980614192053478,0.00030148362982005214,1.5060675215320105,143.01036667269904,0.02468169128836334,0.0007640905279179118
processed_data_batch_27.npz,150,1.4037544079637978,142.40153157540718,0.02420893019231184,0.003544896537246503,0.08491888704434014,0.3147841656790155,0.00015278602147832546,7.845005981205217e-05,1.0276004067355704,141.66902963412127,0.023733860425279547,0.00333111104784242,1.5075429951598969,143.35184994683098,0.02460938928074023,0.003711534452842535,150,1.4037567198765233,142.40126170205713,0.024209043480697794,0.0008054867561882768,0.08491982060403758,0.31512808079582755,0.0001529356595044488,6.294101442903027e-05,1.0276348979930512,141.6717864129631,0.02373751722618014,0.0006391879037397509,1.5075813850132325,143.35581556246277,0.02461266281153311,0.0009822883678137567,150,1.403714947752362,142.4251839017984,0.0240787142443944,0.0005407583716003402,0.08475223150552287,0.31671723170965044,0.0001526033471461099,7.917701638720071e-05,1.0282751518763364,141.68726448341766,0.0236329340720473,0.0004030430638441206,1.5075225146380833,143.39369718778175,0.024484105841797,0.0007869499662348247,150,1.409884111241906,142.1068312337337,0.02562096571165958,0.0017122523747054208,0.08580928907175815,0.31391129628119585,0.00015348849888676514,6.872277599845635e-05,1.0308745221456117,141.430722448607,0.025170319388854466,0.0015140571769947273,1.5152594723803847,143.0050029207785,0.026037538556599075,0.0019242167975474357,150,1.404775031595059,142.28973836267267,0.02427869755946701,0.00046097685141958017,0.0851616165170437,0.317309408966915,0.00015588271584991242,7.990873721392562e-05,1.0275644236585095,141.58658141887867,0.023808276081679302,0.00031120553202901123,1.508967140015902,143.23888575731948,0.024741621658204902,0.0007013233070422901
processed_data_batch_28.npz,150,1.3996369519700076,142.35622228172363,0.02420281877361036,0.0035332435104977,0.10062190765653709,0.23504651223279113,0.00013379821368230224,8.03190519793339e-05,0.87729981462222,141.70207604486876,0.02387930607470884,0.0033317843813736436,1.4950537824080952,142.90437893137283,0.024478714544239676,0.0037644564538678936,150,1.3996395538823343,142.35594026544504,0.024202915007292974,0.0007845087152613947,0.10062248529138512,0.23510400617426597,0.00013375300991896367,6.175972539216387e-05,0.8772762928056926,141.69431478319623,0.023880299864577847,0.0006454364142620281,1.4950147707973525,142.9045736400284,0.024476346861164445,0.000991317657266286,150,1.3996180179577398,142.37703583020425,0.024073406838716636,0.0005221280673155404,0.10049237575007099,0.2353777093027085,0.00013239043878096493,6.778621666155192e-05,0.8771832153306531,141.70134902762862,0.023747899855741363,0.00040123169189941704,1.4952077400531225,142.92304820080338,0.024355859949741706,0.0007061091324321276,150,1.405764491743886,142.05828793606915,0.02561801928634748,0.0017042308185221593,0.10158637025214134,0.24459441681973879,0.00013750332578411833,7.943622307917647e-05,0.8799072757740259,141.32093070347904,0.02528843741311432,0.001554582688281342,1.5026047245111747,142.67834406702082,0.025923677041834542,0.002004051129438551,150,1.400638077549749,142.2466801251224,0.024271100743654836,0.00043819678521207653,0.10086875475751832,0.2407779544443204,0.00014062087855211535,7.218162091206759e-05,0.8771511961544933,141.53770554160462,0.023881153470650143,0.0003040486983504621,1.4964612710943694,142.85902529050972,0.02458225544288295,0.0007892360399233519
processed_data_batch_29.npz,150,1.4081330323017414,142.34968607968986,0.0242238081050964,0.0035937057488602177,0.07946085171522756,0.3491611625125348,0.00032613717429307867,0.00030276630502758484,1.0676901300210089,141.51853664262177,0.021614833160089972,0.0033647553554939274,1.494346059238301,144.73773449886644,0.025747555762985718,0.006980964221662559,150,1.4081345500836029,142.3494401873949,0.024224084378534048,0.0008656573321975852,0.07946210434501727,0.34962490279891234,0.00032603252594362505,0.00046657195094577627,1.0676729700843648,141.51882975380335,0.021616666343557703,0.0006037621370115588,1.494293772641224,144.74278512483207,0.02574504518315573,0.005868945893024891,150,1.4080894249218556,142.37428448772926,0.02409273003394539,0.0006028020796580457,0.07931976635680157,0.3480333590798059,0.0003251201261304826,0.0004702340365695693,1.068304628353429,141.53550203760975,0.02147632062938373,0.00037155686727685254,1.4946535503540452,144.83174833595154,0.02557549449554567,0.005505557346741657,150,1.4143145453180603,142.05113447556315,0.02563832520832646,0.0017642535396830902,0.08030548294119036,0.3597434924672786,0.0003245546132152413,0.0004036083633495766,1.0711497619149428,141.20634628388416,0.023062232342320188,0.0015388878630135236,1.501686535173336,144.4260828120874,0.02716133299723351,0.006203312028545678,150,1.4091588013078717,142.23704457124157,0.02429259432645302,0.0005325388745858554,0.07967845415861242,0.3580596530169407,0.0003280631222079083,0.0005052764645732305,1.067927431607839,141.37052683707358,0.021681457997748996,0.0003171022566763671,1.4959319752397726,144.62713167578787,0.02581984854004009,0.005968631614042983
processed_data_batch_30.npz,150,1.412005917923812,142.35366184208308,0.0241850581399588,0.0035624787230558214,0.0731727417885876,0.49204989312056113,0.00017429358268848368,0.0002325078743782165,0.9919819340517947,141.64914694376066,0.023291900381721763,0.0033487542602267384,1.5046855510708315,146.72549273940479,0.024599744154907618,0.006251811337485033,150,1.412010512651844,142.3530501156268,0.024185536095106295,0.0008334583704915695,0.07317274776872724,0.49201805907477103,0.0001744204090259659,0.0003329947081225692,0.9919641406172877,141.6518948070961,0.023292623177189057,0.0006532370162814116,1.5046529736905496,146.72306227579972,0.024601801414660042,0.004787764349250001,150,1.4119718358460318,142.37790298478987,0.024054317427168567,0.0005649224795985493,0.0730760643274798,0.5014036034495396,0.00017879565751175144,0.0002850730343048602,0.99228494887313,141.62688758046514,0.023042605086787606,0.00038205602612514006,1.5047436446430191,146.90508679539832,0.024495544536763895,0.0038871917404186837,150,1.4182158076200186,142.0539802864584,0.02560083803805305,0.0017254540583051745,0.07398077939273204,0.49276379025117706,0.000174846743937471,0.0003064122986606724,0.9951245784948555,141.36720495130734,0.02472292037333716,0.0015767123354060838,1.5122596443254757,146.36947676187629,0.026031778685201266,0.005358635333177124,150,1.4130392014465891,142.2393302368449,0.024255404837073034,0.0005002628931948409,0.07333461109489138,0.5078620538342136,0.00018046653803159058,0.00034673438563393886,0.992004272971766,141.49227032282033,0.023348743453596568,0.00030841446528905334,1.5058565809016013,146.75186014315523,0.024679847757592445,0.00456416982988368
processed_data_batch_31.npz,150,1.3968962140112515,142.37853653755286,0.02418988157854813,0.003538304324651762,0.09339478178562582,0.2829675957536328,0.00015382656468960587,7.171652319481416e-05,0.9965455383661581,141.6504737161495,0.023825235721585007,0.0033421736711718615,1.5113224032199237,143.2170623764983,0.024578910452074377,0.003681325230450039,150,1.3968992788535004,142.3782073764759,0.024189971541417155,0.0007980329676963618,0.09339574276359874,0.28313566070460694,0.00015388689571516762,7.236408620988854e-05,0.9965488341276431,141.65048728328438,0.02382430423979043,0.0006561485490989111,1.5113166362263923,143.21789783068874,0.024580155194717977,0.0010419865621691142,150,1.3969120368636532,142.39432723358857,0.024063822186973893,0.0005283338886916711,0.09324792524610694,0.28563852826834396,0.00015217343163080593,8.675116437073313e-05,0.9970635533959256,141.67181627545887,0.023677419739685467,0.0003414270859703017,1.5114638737014185,143.2255666725096,0.02445372401532826,0.0009103727750148573,150,1.4029725477228516,142.0845120093073,0.025602649715837023,0.0017146086721541972,0.09430884525957917,0.27898437387639735,0.00015178636147800866,7.439628867096738e-05,0.9998575441991613,141.3671013006694,0.0252374327922596,0.001587198216009252,1.5188198739113852,142.85055876123653,0.025997685186233643,0.002011454175509143,150,1.397905203662271,142.26625277775966,0.024259372337570848,0.00045823129476392445,0.09362104339724826,0.28578935615628615,0.00015682795515264226,9.547374371875574e-05,0.9965915290240325,141.52473499532545,0.02388681385095568,0.0003206173590632126,1.5121954613244406,143.13043309151598,0.02464373230750641,0.0008010214499694115
processed_data_batch_32.npz,150,1.3988497554029318,142.39104898147713,0.02420027176589859,0.003538904812999107,0.08391257108664676,0.32267573711579134,0.00016689821622314877,7.99614658516286e-05,1.034402580728601,141.66328064461226,0.023716731148038593,0.003284121429385438,1.5016008811788633,143.11965908142514,0.024582788774629095,0.0037134970639744027,150,1.3988481373996078,142.3913453503414,0.024199983826956047,0.000801570553425103,0.08391629514402281,0.3225411364186033,0.00016694191373616395,7.843992320260333e-05,1.0343769359516133,141.66382356691685,0.023719382720820838,0.0006578077421815214,1.5016222469603457,143.11475935154178,0.024583678093448937,0.0011181723482527495,150,1.3988380632010788,142.41022633585956,0.024073030088267968,0.000536628667650239,0.083765771302624,0.32046349721296036,0.00016580169771078138,8.74338879069303e-05,1.035060762921703,141.69682674369326,0.023592310365575582,0.00038595619645006993,1.5014198418477664,143.14415513337434,0.024462334379647396,0.0007957410638514035,150,1.4049179319117369,142.0997003113967,0.025610798714178012,0.0017149373817979881,0.08477459340238365,0.32985285498487454,0.00017024660097886935,7.976888531502271e-05,1.0376794251216448,141.38339316918342,0.025153544556677267,0.0015588582943178659,1.5091691481474425,142.83302074290356,0.025999243610124782,0.0019442461004703913,150,1.399871506312352,142.27901960383994,0.024269326078030336,0.00045128805866544164,0.0841112151986758,0.32915757113440114,0.00017194445811738335,8.77744047856356e-05,1.0346407677177232,141.532942791516,0.023758639980932323,0.00029771540372454977,1.502918093700632,143.05107011511944,0.024654401379695774,0.0008901157246824772
processed_data_batch_33.npz,150,1.3923766240799291,142.45490927629598,0.024217881358240333,0.0035670951178127567,0.09827498554040807,0.29154509856461264,0.0002870493502242278,0.00022904750579726878,1.0793490559150216,140.99710466461627,0.02341504915394151,0.003325058434769194,1.4983846181261566,143.45195127056252,0.026663523839011525,0.00570430552179477,150,1.3923767935033489,142.45491528857215,0.02421781642384014,0.000834824889895476,0.0982749601946771,0.2909075333635818,0.00028765693439674505,0.00034133878305407254,1.0793424751088652,141.03307471861652,0.023394960054612363,0.000629481509576948,1.498409945737236,143.45263122548985,0.0266669854009623,0.003632908764145892,150,1.3924058135556976,142.46974508838096,0.024091262213987327,0.0005779214208760353,0.09809030236093284,0.29188471113399633,0.0002882537946988536,0.000346849857286479,1.080178687145325,140.89858711732072,0.0233523066075377,0.0003401914137579445,1.4974596057470257,143.33047653173858,0.026554711093376822,0.0031416649156421777,150,1.398436800470202,142.160338405059,0.025630818009870035,0.0017517102104158673,0.09924513629427885,0.30197855502257354,0.00028547404390241753,0.00028298829606225617,1.0829825375710636,140.66635354463673,0.024842902546556956,0.001534970909716862,1.5059860584779055,143.22173680201735,0.02802879015744954,0.004337933887908143,150,1.3933922015137337,142.3417820698442,0.024288579915846528,0.0004951855966238041,0.09854208818810894,0.30002056099141755,0.00028694202844414,0.00034524749951822195,1.0795633052352496,140.73865462846877,0.023582816973528306,0.00028161403315666195,1.4994620202042914,143.43867440237594,0.0266822844922847,0.0029553725564640775
processed_data_batch_34.npz,150,1.400214850740544,142.34840087026475,0.024193580467287368,0.003592678715390264,0.08707193602920987,0.3988943342185082,0.00036150300758688256,0.0003092071149791336,1.000491918446186,139.74399796301498,0.0236121206180634,0.003278776826803447,1.5163707698031237,143.45135982928815,0.02733712012776416,0.006155088940147043,150,1.4002184702094296,142.34791692472697,0.02419387327311988,0.0008863681232295909,0.08706891524835503,0.3991308663686324,0.0003612299613805658,0.0004834077509301043,1.0005085800640503,139.73876724109243,0.023616499405072208,0.0006367970182783252,1.5164350517043912,143.44514060581682,0.02733841489891257,0.004862559949205535,150,1.4001794890336479,142.37149786527118,0.02406322168720877,0.000619286971830705,0.086952502548985,0.39669003673178943,0.0003632689150144126,0.0004955425214073563,1.0009542378389096,139.78165634312185,0.0234767689622219,0.0003503153626933553,1.5161580628773532,143.48835484309132,0.027220071597075457,0.004786408829762223,150,1.4063034332919921,142.05476843852884,0.025606985703556972,0.0017852638522582876,0.08795666630503488,0.411264211351618,0.0003621331265938978,0.0003992291880311863,1.0038059551428045,139.40927957438527,0.025049993855729525,0.0015588113049181183,1.524378255379317,143.10774945747707,0.028739948518662097,0.00507351053911208,150,1.4012127040440938,142.23900067461108,0.024260915613085077,0.0005413263896736889,0.08728755138116058,0.40822641698898127,0.00036821619078777814,0.0004948060991302949,1.0006164988250297,139.63868351069073,0.02364055083246835,0.00031223463926237176,1.5176560681010585,143.4152296012751,0.027430711557760435,0.0048049485820240495
processed_data_batch_35.npz,150,1.402392605289976,142.35840143918676,0.02415853599840877,0.0035401710426037356,0.08265462473073323,0.2841110516751216,0.00014087104770395435,7.496849439876458e-05,1.0941575098420067,141.50771585024978,0.02379793861750337,0.003366534853657545,1.4973201787154837,142.95491743349316,0.02457156933646142,0.003697965254880506,150,1.4023978627497002,142.35778610382036,0.02415893464207965,0.0007965033041168007,0.08265928773823168,0.28374482629035774,0.000140779335359631,7.05772546421886e-05,1.09416732289205,141.50895880745864,0.023796577039049208,0.000658304895183119,1.4973472773965701,142.95673605496413,0.02457356360094002,0.0010527079783639113,150,1.402364958666554,142.38086999507408,0.024028118423321688,0.000533807621791965,0.0824851405646808,0.28256248942696316,0.00014064520549285635,8.309230976798291e-05,1.0947738866494474,141.49160555361647,0.023692465069535373,0.0003714701585281778,1.4974043355936644,143.0048039615783,0.024428237505095537,0.0008044120179963525,150,1.4085097378018183,142.06269232504047,0.02557308557607386,0.001703348394006785,0.0835196567750611,0.2899638679715091,0.00014121411024213152,7.780838343359001e-05,1.0978197391829048,141.16366413654356,0.025183386959315823,0.0015448049263354165,1.5048164447623549,142.73216580878525,0.02597801412562273,0.0020353860462446844,150,1.4034182084869948,142.24512595614635,0.024227800394856946,0.00045718216025168864,0.08283913798664853,0.2889203538203848,0.00014425512880490823,8.060538260476556e-05,1.094402142425268,141.30456005755127,0.02385247904249359,0.000308059094081267,1.4984386062901034,142.87946214997552,0.024620277886183747,0.0006751341095243569
processed_data_batch_36.npz,150,1.3757054431882352,142.2951763560915,0.02413093939527653,0.0035179667306929354,0.10086965797655532,0.29745587075262336,0.00015878864103276058,8.062631932234924e-05,0.9860719541039515,141.58605160294323,0.02364235666417619,0.003285430063230977,1.492119069414619,143.19214410081335,0.024583355157414295,0.0036814398767215104,150,1.3757054046513646,142.29515703712448,0.024130999401688735,0.0007902562062576582,0.10087060382360856,0.2978595594861675,0.0001592296252366113,7.024377244151586e-05,0.9860685511321448,141.5814310283419,0.023640681780983837,0.0006353664504828094,1.492143494671018,143.18931843816335,0.024585116110098903,0.000987784388124928,150,1.3757089864912606,142.3131309078879,0.024002480933167394,0.0005182820641035153,0.10066764074143818,0.29909670087657336,0.00015941411725659097,7.548629262857652e-05,0.9867344893753345,141.6339762067971,0.0235040147085111,0.0003715874845259506,1.4920123476552143,143.22165715291487,0.024432678913043,0.0007901325763464968,150,1.3815427251488879,142.01258385191773,0.025541645246094206,0.0017213633134027957,0.10183148967191219,0.29263512592373925,0.0001570633084473263,7.600166554105871e-05,0.9892385631235339,141.26226063701915,0.0250924060855238,0.0015694301964731296,1.499657416091578,142.81442928973073,0.02598762791417433,0.0019827443240944534,150,1.376663627958999,142.1883131337148,0.02419500617164079,0.00044918252507136297,0.10113348768736828,0.2983224269113013,0.00016309595561816718,9.063437434599786e-05,0.9862152211342995,141.4855789885328,0.023726498688236425,0.0002752289679383491,1.4933461867493398,143.06786088585537,0.024661019421479684,0.0007511871756264552
processed_data_batch_37.npz,150,1.405505000929267,142.57360891027128,0.024090477878932787,0.0037524266834654827,0.08346274590849248,1.6917864691401108,0.0008359843695701787,0.001238525994574786,1.0912695815851807,136.56415206523945,0.01684402002663604,0.0033421733598261636,1.626582720004828,154.30811735868326,0.026717077483077563,0.013934429104686502,150,1.4055033610366163,142.57382717327934,0.02409036719147599,0.0010960179255782264,0.08345998169200378,1.6947735960491308,0.0008383182346484859,0.0015383241121765874,1.0912687792999194,136.55691753774974,0.01681093085799162,0.0006271409183284592,1.6261402645158403,154.359206278384,0.02671831162754976,0.01289503494860337,150,1.4055217232817432,142.58609433365564,0.02396779840560167,0.0008138115010638333,0.08334194044457557,1.6767628573847715,0.0008185473735855941,0.0013869143836348601,1.091762012829128,136.41586461975263,0.01686069332644118,0.00034944996635150863,1.627116122644475,154.15790074443353,0.02660841996557567,0.011113442310400205,150,1.4116998513525951,142.27232620765645,0.025507233862093748,0.0019700765247097764,0.08442785648003384,1.6752182572850256,0.0008199474978915152,0.0014288214679201723,1.0949875033932275,136.15957236564483,0.018552802402527213,0.0015624314782280485,1.6394240181256177,153.47049052298996,0.028129978727751987,0.013046965908645363,150,1.4065665537265404,142.4597049162891,0.024159332273555097,0.000751425244111835,0.08376713941445112,1.7057315612988297,0.0008366823740848294,0.0014523687550139306,1.091592348150541,136.30933492772266,0.017142459146110525,0.0002815116052438826,1.6318849986235417,154.0470576331472,0.02676050202915745,0.010591286045770984
processed_data_batch_38.npz,150,1.4110022871854753,142.3620522359646,0.024180418355342535,0.0035864973690585035,0.0740746541251631,0.42198868180037646,0.0004078754595490621,0.0005510834176078428,1.0551456529682053,141.52225673568324,0.023298181225299926,0.0033484060508175866,1.498220243837222,145.79583207034608,0.028661607419545376,0.010232921021034303,150,1.411002168893698,142.36202603598824,0.024180462578196813,0.0008602152644943145,0.07407225185670878,0.4214974706572459,0.0004082057125787867,0.0007196496582580053,1.0551945333632968,141.52076554256234,0.023292121049106,0.0006373082865594792,1.4982085616533944,145.79004474875651,0.02866553138804466,0.009568104082916355,150,1.410948330544528,142.3874833608645,0.02404968843350324,0.0005989208862147388,0.07391961615775842,0.4227845534825257,0.0004058553681494469,0.0007263558284391084,1.0557732830461115,141.55491664518547,0.023166616555327462,0.0003687420323714723,1.4980981498698593,145.8579986478114,0.02850891604375393,0.009375276810620182,150,1.4171982004656856,142.06264936389684,0.02559706535736154,0.0017571791711006046,0.0748751841620475,0.4197983496556178,0.0004121461213129597,0.0006686966818310946,1.0587267310641786,141.18676571623257,0.024753112138909555,0.0015503114018007942,1.5056803929736426,145.39344367805666,0.03013187441386753,0.009845029260489139,150,1.4120472522856904,142.24691215959376,0.02425133661938596,0.0005327422039581974,0.07426465674737243,0.4313486351539775,0.0004137869955015422,0.0007565525936976789,1.0554724354316454,141.39360307708316,0.02338774122196356,0.00028399257207284255,1.4992293688037757,145.65741119596535,0.028769675975844265,0.009663479167547001
processed_data_batch_39.npz,150,1.3935425725225703,142.35504302546227,0.02416083582038919,0.0035438546742984508,0.08155798990708456,0.3096718543887235,0.00016144310789367,8.226881705496572e-05,1.105764585109804,141.3386202021034,0.023775354050138243,0.0033594197746120383,1.4960334116840366,142.94125386003597,0.024640886044154247,0.0037763729039593614,150,1.393546433896916,142.35446145298096,0.02416125467911444,0.0007959610170616765,0.08155257497170675,0.30982918792536535,0.00016166236744331343,7.357619081271738e-05,1.105782359025579,141.33576986173088,0.023776990924534735,0.0006560630750504417,1.4960578847295054,142.93831617523912,0.024645486951523674,0.0009813419313027952,150,1.393516075940079,142.37843331915667,0.024030129494514406,0.0005333196682987943,0.08140186129179632,0.3114781884890728,0.00016277930166872623,8.743440582081885e-05,1.1061495694251855,141.40312425152507,0.023650757676214506,0.00035862037212915326,1.4957594073317728,142.98709523675257,0.024512819982309208,0.0008171289115871299,150,1.3995507878418476,142.0655171257894,0.025572971040022433,0.001719614567889866,0.08242511380504527,0.3155860413364109,0.0001631745418330356,7.114604038106978e-05,1.1095128358762858,141.08545699363236,0.02516209148222815,0.0015570040961148716,1.5037387094951655,142.6650584741099,0.02609730281583146,0.001892820666668385,150,1.394529387012439,142.24586480034577,0.024226885481188724,0.0004587316259980893,0.08178512821065657,0.3219955229988206,0.0001680893487135345,9.737401584350388e-05,1.1059404680779277,141.23435670260056,0.02381466970008244,0.0003037444526796199,1.4973438818602454,142.8375012380828,0.02472801533061921,0.0008149412291253135
processed_data_batch_40.npz,150,1.4029443041219634,142.33961517924948,0.024148234263848222,0.0036001862894475592,0.08912942650693614,0.7531232390835401,0.0002821496645664143,0.0007068779886492943,0.9858410963838057,133.8515434232612,0.022858154166736408,0.003243348120953758,1.4926183613995818,143.17188524970666,0.026323762375210752,0.01212619644438572,150,1.4029430556900415,142.33971105570944,0.024148208298563723,0.0008977385621757465,0.08912710120895555,0.7534790402191445,0.0002822377081163414,0.000877318258415491,0.9858890622223805,133.8482965761823,0.022855979307633098,0.0006326322012711344,1.492574941994865,143.17376725078728,0.026323367126218963,0.011436412954041233,150,1.4029315563910032,142.35831208318962,0.024021331172002114,0.000628156563171465,0.08897149412605852,0.7602543968994657,0.0002796317168693224,0.0008567326871976574,0.9862270548702721,133.7638391364395,0.022681068515187232,0.0003563600947944787,1.4925650984910082,143.1523983295286,0.026163258989186682,0.010878659608487341,150,1.4090752287934258,142.0430396658005,0.02556345793317154,0.0017935232678400249,0.09003916238488183,0.7578728904802811,0.00027654206770775727,0.00081522712124587,0.9889177056876377,133.49296521302026,0.0243255332928801,0.0015442431360337813,1.4999304549730625,142.9014065254949,0.027706849713154888,0.011631202464982341,150,1.4039746231789374,142.2256938491986,0.02421880779043073,0.0005560344865231086,0.08937103551058262,0.7593423627145105,0.00028332823239190916,0.0009074363429465537,0.9859404840545658,133.647706838264,0.022948292372785062,0.000283961903176251,1.4935752488927307,143.07123737712746,0.02641891847113821,0.011440774897808877
processed_data_batch_41.npz,150,1.405070059716241,142.38376680961622,0.02407243935727023,0.003560883186632656,0.08762508796939539,0.37439393822999806,0.00033089241208939635,0.00030856601899392094,0.9393532915181688,141.0590951684182,0.020640538454217178,0.003263686583197591,1.515280645700045,144.53720657484774,0.025137609433521363,0.006497855027707128,150,1.4050766700323447,142.3829578118278,0.02407283134914837,0.0008580012131267824,0.08762419087357934,0.3745149310935398,0.00033122399600432075,0.00046705771917025633,0.9394377250182188,141.06709306370664,0.020636889257169045,0.0006700222218277224,1.5152034942848167,144.5398009071955,0.02513680119763997,0.005350150655435633,150,1.405021922007806,142.4080213182612,0.02394186638455384,0.000587285817208997,0.08750696229036696,0.37641761202172164,0.00033261284516222567,0.00047811416743862945,0.939468114682071,141.06984785857475,0.020493553386438587,0.00039994992829745575,1.5153827727410254,144.55326618954393,0.025024749613154894,0.005242089558825827,150,1.4112051806661412,142.08627284154696,0.025490104029535606,0.0017551942416828426,0.08845650223179057,0.3778805740372009,0.0003269838075745699,0.0004121628747440229,0.9423288586131594,140.6543127664307,0.022133658748738672,0.0015525845888837398,1.522901749886807,144.16783190653567,0.026591348641853047,0.005727566542190963,150,1.4060833830594512,142.27267754404147,0.024140764780211738,0.0005280708080195679,0.08781678576071433,0.38196433984956424,0.00033443950373587475,0.0004914479227299395,0.9394122366054444,140.9817367252409,0.020731245908956912,0.0003016601823835728,1.5162841582658204,144.38139613459563,0.025265479180965663,0.0050903829195934605
processed_data_batch_42.npz,150,1.3962029436961598,142.40763948898146,0.024127701693149792,0.003543121748797707,0.08425186683529491,0.28623055961935523,0.0001526464135397902,7.446542884637243e-05,1.0711520000181056,141.59988502920993,0.023739069369647484,0.0033133229175060486,1.5112885577231756,143.0901195542843,0.02445482724633397,0.00370083085896474,150,1.3962066070407886,142.4072315782868,0.02412786707173845,0.000804889668033493,0.08425384674148298,0.28658070898703597,0.00015274567950531256,7.007482859825706e-05,1.0711230920322252,141.59848079680418,0.023742339163556923,0.0006361648737965538,1.5112978334056066,143.09109572000878,0.024457482147027976,0.0010977296382123564,150,1.3961806132911883,142.42849967277678,0.023999022345176743,0.000535132920526832,0.08408494017970013,0.288476813853848,0.00015125713629810225,8.5746026831879e-05,1.0719254228390953,141.5938187067396,0.023611548682999892,0.00038451318834769704,1.5112793061703598,143.1158182419565,0.024320625037066716,0.0009517527299452551,150,1.4022461570629465,142.1159106941088,0.0255409681923923,0.0017169117816131832,0.08512307335017068,0.28144455024007703,0.00014941745996592548,7.462714910466925e-05,1.0746699948440261,141.39987673788073,0.025164455971135778,0.001551148928413514,1.5187960276400994,142.76999089372308,0.025887693068871506,0.0019147312991477903,150,1.3971935742722332,142.2980302061399,0.024195550037179044,0.0004606428214580991,0.08448471871327544,0.28938111774721903,0.00015600307246883027,8.898379402740749e-05,1.0714132654713182,141.476624450545,0.023797878110380824,0.00029278190762793043,1.5123125592834281,142.9728330233278,0.02455318814971347,0.0008242397443229667
processed_data_batch_43.npz,150,1.386908802146987,142.48287313714582,0.024080647928712937,0.0035498942355599414,0.0929611096366836,0.7116676662558784,0.00040557216076918007,0.00045967813026207634,0.9594178540507835,141.67393702465705,0.01983929236639181,0.0033280089383328675,1.540873823251357,150.4406823827904,0.024648864230423086,0.009044475661617915,150,1.3869123751454446,142.482409378226,0.024080919254506363,0.0008472768282418214,0.09296097422505033,0.7105218025583684,0.00040487166893508317,0.0005617472548193131,0.9594067060992146,141.67380871158124,0.0198490857917766,0.0006337989077526325,1.5410061207293069,150.424989815915,0.02465120699498712,0.007519352670506595,150,1.386895059203849,142.5032816736274,0.02395157031294341,0.0005693310370487031,0.09280435977115523,0.7056074975889683,0.0003990717325323137,0.00046946721997494125,0.960080114348283,141.66424854730064,0.01979931921435595,0.0003650548790941108,1.5406592654160314,150.37246749247188,0.024515853066515235,0.006061703582165987,150,1.3928526769966774,142.19611806619054,0.025492317512661955,0.00177050702609799,0.09386341997980154,0.6973836577675276,0.00039919541876842535,0.0005492244904297298,0.9623284418520826,141.4527697642023,0.02134444449150044,0.0015605015179510119,1.5499230380734483,149.93780106331835,0.026089355784157872,0.008322288043935096,150,1.3878636528163555,142.37728050690848,0.024145765797898754,0.0005025249973440318,0.09318684100771166,0.730575456749274,0.00041963803647518714,0.0004617391222231109,0.9594136698484557,141.58972260719307,0.019718131808428113,0.0002831935040170583,1.5407516699272004,150.5783923917694,0.02470384768442735,0.00587220070465836
processed_data_batch_44.npz,150,1.4142273306389699,142.34038394129692,0.02413679567258555,0.0036306496760265777,0.07429542278566732,1.2111755703205318,0.00027151114587437844,0.0010345464559308147,1.0381560558361693,128.13201194039294,0.02238806550383914,0.0033533795133933184,1.5442638809204847,143.13242617585246,0.02552018307345084,0.016151611092555022,150,1.4142272596805705,142.34028752558442,0.02413700168567067,0.0009359290313057734,0.0742953088929451,1.2102025503735057,0.00027122991465454443,0.0012212773470524378,1.038163481586939,128.14217990313773,0.02238621596182094,0.0006874720185916684,1.5441525203647537,143.12369707847654,0.025520386408212335,0.015604487434843172,150,1.41417971051762,142.3630968264899,0.024007072095922944,0.000652589752243117,0.07416769978869688,1.2367760115041515,0.000274670945318888,0.0011528001032576386,1.0387783696870192,127.82376205471341,0.02224263921648417,0.0003885668507508514,1.544558796836841,143.15371490290863,0.02535167448121762,0.01444040356089863,150,1.4204484802788906,142.04048766609077,0.025553287878447423,0.0018177957817646032,0.0750791689869495,1.2220013658443205,0.00027067594103210045,0.0011539848692326618,1.0415028476068862,127.69566546519326,0.02381780723755009,0.001564322324128299,1.5521279103470753,142.85042282658785,0.026897825394254577,0.015743428622725875,150,1.4152855906266155,142.22683555282384,0.024207553213677093,0.0005994636423792139,0.07453746815095849,1.2381576250793227,0.0002773805838745661,0.0012799312860207951,1.0381872491358233,127.70714660520785,0.022456955882070008,0.0003241293756187671,1.5503578072473083,143.04357722754975,0.025621039816793704,0.015932535249556002
processed_data_batch_45.npz,150,1.4030388891901713,142.39436056221524,0.024086358200208314,0.0035378524500953704,0.07190005123624996,0.30327334752460183,0.00014925254132053863,7.660996488353621e-05,1.1258245083950003,141.50932152339348,0.023608417724975204,0.0033017138816555003,1.4959694644899186,143.22596953269846,0.024478411192884336,0.0037167284864322693,150,1.4030394615695039,142.3943250820663,0.02408638919693404,0.0007977616411861269,0.07190563408703976,0.3032533601073543,0.00014922174724101912,6.422231686437642e-05,1.1257582017691736,141.51033649534514,0.023609489817834152,0.000617285936529394,1.4959998795601013,143.21932189074855,0.024476164481372534,0.0009722121905378878,150,1.4030536476178255,142.41226584141415,0.02395907384567292,0.0005250135762588637,0.07178628890278908,0.3005207489414092,0.00014838507886490827,8.227487058965468e-05,1.1263707962113825,141.4851858776203,0.02351910885984584,0.0003810356309441029,1.4951340511111255,143.25195493718417,0.024385220131606954,0.0007535082310661193,150,1.4091033506964232,142.10429038543268,0.02549944803879218,0.0017047441625031804,0.07268915623019612,0.3152278306663556,0.00015400749993318304,6.541796792306291e-05,1.1296547046274874,141.19430166001615,0.025030679119346404,0.0015727640634541039,1.50357428472226,142.99032533549766,0.025901697814289724,0.0018968695624905474,150,1.404068724954339,142.28063326501248,0.024155878188946593,0.0004531807258833725,0.07209282672953689,0.3120159004807108,0.00015638497983292134,8.186827944899504e-05,1.1262796893590525,141.37112743409264,0.02368899621739535,0.0002687309637475506,1.4969457854602857,143.18043262654123,0.02458596125709107,0.0006676928927517497
processed_data_batch_46.npz,150,1.3818575775950415,142.2682729215522,0.024141399025195086,0.0035923529049529416,0.10087035580657902,0.9557958512555621,0.00035513590079115995,0.0006811944318578703,0.8998967692776632,131.12910116610627,0.021944455722703753,0.003365216566232239,1.494569146053727,143.0242786963259,0.0264115036550036,0.01175537999899158,150,1.3818519311514328,142.26889174088996,0.024141206466686292,0.0008830765065118005,0.10087260678109998,0.9538289203877686,0.0003547483751296584,0.000837719399264544,0.8998888093982027,131.15574028826364,0.021945521993639975,0.0006271682277955113,1.494573112499566,143.02493340053257,0.026398350747427357,0.010695010297025125,150,1.3818987910565343,142.28180316267452,0.024015690084040264,0.0006076430482156012,0.10074620941075267,0.967887669218324,0.00035819729585677824,0.0007062425840525939,0.8996756756007879,130.98116946975253,0.021815111800591286,0.000391586527999476,1.4948740527258804,142.9838050721696,0.026396602587630522,0.008677976670331572,150,1.3877320687038048,141.98554316216163,0.025551529817082908,0.001802273687180919,0.10179625469862863,0.9541373548476385,0.00035231123540410773,0.000802401811486251,0.9026452523548719,130.8816912516137,0.023373080824242182,0.0015822392934280365,1.5020751364265776,142.71017584752371,0.02782470496783551,0.011283246901856775,150,1.382827712043859,142.16094824002658,0.024207007730409853,0.0005431575886672692,0.10112445646211816,0.9754089984743488,0.00035958448139762004,0.0007547824624393217,0.8998654452815478,130.7866596634468,0.02203098991525096,0.0003012306948663007,1.4962546584869858,142.90157465771915,0.026560103045612342,0.009279138120823868
processed_data_batch_47.npz,150,1.3977742222348566,142.1546302412653,0.024042632180312343,0.003554532101863151,0.07550254672964929,0.3456227689373885,0.00018092635782045071,0.00019004291694836277,1.0274315051919158,141.4086233182182,0.02296225447417451,0.003353807330592104,1.4980260504022167,144.6284061026773,0.024607704056767005,0.005670551303371835,150,1.3977764430139887,142.15435218840625,0.02404282363449854,0.0008318606941293347,0.07550397113289004,0.34555009809171516,0.0001809904671956885,0.00027425238375672383,1.0274603943402127,141.40189035821263,0.02296446559443848,0.0006673288916487861,1.4980357988333972,144.62550627841367,0.024610509632475002,0.003967764987124834,150,1.3977443003085526,142.17638857679412,0.02391324263031874,0.0005589157187677265,0.07535132238479719,0.35179235085274807,0.00017767581156381487,0.00027149647985520335,1.027912334819156,141.45894477341344,0.02284987186307488,0.0003748914496865012,1.497959815839541,144.76792672929037,0.02440149288145435,0.0035571391702637527,150,1.4037693989061333,141.86654347598707,0.025457291209708785,0.001735388210377965,0.07626603757968886,0.3471509253036669,0.0001755316019327408,0.00024317189916645143,1.0308869590291974,141.07101765438034,0.024434081448215284,0.0015558005570439765,1.505170635514789,144.3083588985173,0.026029119293551336,0.004502303484457772,150,1.3988079168848246,142.04130991742772,0.024111027828883795,0.0004821536981936786,0.07569990287173747,0.3496110046809012,0.00018240343917369503,0.00030900439477625117,1.027896910882237,141.258293301244,0.023059061190479825,0.00031721815727978357,1.4990980387178436,144.50397761072227,0.024693884946829208,0.004017809696663046
processed_data_batch_48.npz,150,1.3900444121076634,140.31046365000918,0.024104879180450706,0.003521317598829981,0.08256030632115605,0.3549988259774974,0.00015114730060902597,7.62694651894444e-05,0.9979796616939804,139.23955185325323,0.023780285362851664,0.0033281002471530073,1.4829056823653772,141.27881976678216,0.024571960024332838,0.0037079261692784284,150,1.3900471484332007,140.31001731700954,0.024105218843151508,0.0007930862012792767,0.08255417384066169,0.35506949955451633,0.00015138936286003164,7.276517937210503e-05,0.9979522140605915,139.24434014871923,0.02378290879534769,0.0006599673657037461,1.4828233270053213,141.27647676673342,0.024572832311885996,0.001017365328825838,150,1.389937529449294,140.34394142968094,0.02396580015322435,0.0005250537720436812,0.08241302358882632,0.3510546621267576,0.00015062550478883136,7.792465199582678e-05,0.9983713107785347,139.25892833866922,0.023630008970220273,0.000365404060622741,1.4832976598588794,141.30886196868363,0.02442996620645268,0.000733915275909481,150,1.3957938380659136,140.03469358589044,0.02552491583768875,0.0017039559751759411,0.08330176717110864,0.3585612355735189,0.00015020534136713697,7.327959170095572e-05,1.0010848307381008,139.03902505638473,0.025182265593374144,0.0015343376229990148,1.489807606882934,141.0573609609685,0.025983183213599857,0.001968453313670903,150,1.3910553749196681,140.2035097939708,0.02416499392052249,0.00045603755538545714,0.08277572540835712,0.3595883536153542,0.00015508763501284313,9.018799779223254e-05,0.9981702523015954,139.1399009973701,0.023814350576920693,0.0002624637633058141,1.484374059170772,141.18969556208393,0.02465388713013775,0.000757881091031842
processed_data_batch_49.npz,150,1.3562633048145556,134.87937854261486,0.024010192493302097,0.003580277072103802,0.10628252709665933,0.8451889740295873,0.0003681486237484885,0.0007998022773557347,0.8994935104154785,128.00819703945697,0.021358442408712132,0.0032404534558640495,1.4876299734691765,138.99208197859036,0.026339063791648472,0.011425360982196783,150,1.3562666198143307,134.87901480015026,0.02401034884505537,0.0009297933480278589,0.10628137156258283,0.8453314465867132,0.00036796583454433397,0.001025798691126097,0.8995054597467249,128.00783249498892,0.021358093657253458,0.0006279259903539015,1.4876361519702395,138.99678352666317,0.02633560347433875,0.010537366812643615,150,1.3561093499407404,134.9217722683424,0.023857387362608905,0.0006643299843371205,0.10611825775983182,0.8482586951128068,0.0003633648377903729,0.0010210750245132252,0.8992641283558053,128.0207880756582,0.02121780203159443,0.00035201618241394324,1.4872393334347018,139.12097358933093,0.02613901418993561,0.01024614707912481,150,1.3612166970923851,134.6369116897425,0.025453113580704817,0.0018506304761829065,0.10700600209610861,0.8484708607073341,0.0003598741696729696,0.0009456680722030844,0.9018624501404778,127.7096501754019,0.02284265319257761,0.0015276057075234216,1.493723817977578,138.78687155543636,0.02774919256852685,0.01086234578513972,150,1.3572070316367641,134.7838051455048,0.024055559327169476,0.0006039193932631751,0.10657622745877639,0.8540037372965881,0.00037071891146498896,0.0010596107911739882,0.8991301691850115,127.8455815199319,0.021433607059332165,0.00028841159847453135,1.4887989178804297,138.91088660653392,0.02639390208076315,0.010389643980769097
processed_data_batch_50.npz,150,1.3442010166300642,128.60179402586633,0.02405671696218045,0.0035022510914402153,0.07833899589868994,0.7086131151506047,0.00013869074748441428,0.0004930837687608975,1.0321867712035282,127.78100641010529,0.023707827098709295,0.0032383525084048724,1.431276952401452,136.16636014040705,0.024460441059112936,0.009429469257348813,150,1.344202827884246,128.6015955636003,0.02405686909031687,0.0008165089352180003,0.07834303815540941,0.7090178766576908,0.00013878633790922952,0.0006419690983407903,1.0322091174333017,127.77617282044633,0.023710685252700297,0.0006163535589886044,1.4313090984350232,136.17173668067224,0.024462024227737942,0.008585204587141026,150,1.3439720872446446,128.66150415231547,0.02388345602794937,0.0005664308057409521,0.07816430363137755,0.7189937797459558,0.00014129705940388158,0.0005875501619226692,1.0324568747446106,127.90129804775236,0.023508179918869953,0.0003665495395336683,1.4304248036995777,136.35581528156214,0.02429670858566806,0.007645061436473457,150,1.348385921785249,128.3971961472194,0.02552074239922778,0.0017650345934560638,0.07880304923705128,0.710870591099515,0.000138025232685999,0.0005885992905173621,1.0347755480352163,127.5611209481738,0.0251822750186632,0.001588971728593121,1.4361636405915537,135.99811119108827,0.025940987042422238,0.008874045107895127,150,1.3451334627455442,128.51010612972027,0.024089820135073853,0.0004992076313702485,0.07854964889152281,0.7087822883454593,0.00013970365833864822,0.0006855252252223965,1.032466049215226,127.66176532982888,0.02373860709258433,0.00030655405551927034,1.432076441660214,136.04903964683828,0.02447472699795211,0.00878470648780655
processed_data_batch_51.npz,150,1.319457931887936,129.04567249110943,0.02402567198666481,0.0034349851347205244,0.11946157371393497,0.39958319957085625,0.0001328450494443936,7.947015320326019e-05,0.8508983407702494,127.93588200541615,0.02369369497708991,0.003174078030164191,1.4317456079671103,129.8926283729807,0.024381458468457688,0.003618894487958221,150,1.3194607016129043,129.04543882934954,0.02402560080814288,0.0007631908222004893,0.11946297453466984,0.39940308572636557,0.00013288638273960536,7.786542764948771e-05,0.8509519416856982,127.94145476725348,0.023693541471017085,0.0006126907060343394,1.4317431676673282,129.8904022342476,0.024381072144944872,0.0010401869012469935,150,1.3192522163544251,129.10151964048663,0.02385596795600948,0.0005144501356946679,0.11936052806493039,0.4002595678575257,0.00013293228835502337,9.173460245480847e-05,0.850245546932564,127.98307367014321,0.023516439069715775,0.00035119919215019914,1.4316252616873726,129.97050508616513,0.024240130459743492,0.000870995920742487,150,1.323582845966503,128.835576587138,0.025492482357830516,0.00173211764052103,0.12011768037663355,0.39642816406257725,0.00012878528787075856,9.518379709009453e-05,0.8527657908042703,127.74512122856605,0.025168704773732637,0.001517507854047395,1.4368071734369408,129.62747249941484,0.025819871329892226,0.002001547985997818,150,1.3203258852365927,128.95937146781503,0.024057577298399208,0.0004356523443646988,0.11978369313609794,0.40547148272445205,0.00013857747515572027,8.01406284560374e-05,0.8503015979827971,127.85556260249889,0.023705352217398626,0.00028478422186734796,1.4328669855634744,129.81257404131244,0.024418412376393375,0.000705557404103781
processed_data_batch_52.npz,150,1.3849012871851487,135.6392310278635,0.0240447759160136,0.003567388631966441,0.07057274796455135,0.5004379382806426,0.00029282508659393117,0.000509587497104757,1.0649312319623887,133.1904980875285,0.02154577036864614,0.003336028700921651,1.531111809824801,136.46979124156277,0.024420310567259317,0.009181052614461952,150,1.3849014542019968,135.639153717114,0.024044803777337555,0.0008706633028785769,0.07056725612231778,0.49957352651916803,0.0002934411280278109,0.0006800368824408993,1.064925027283687,133.21832023417363,0.021544731453071415,0.0006417123874654733,1.5308230559727962,136.46921003753428,0.02442187713512893,0.007988560975363695,150,1.3847576105394475,135.68142316413548,0.023894112499615976,0.0006042740396944509,0.07042896829145115,0.5019110173254511,0.0002890713803313704,0.000640767052546393,1.0654172683750283,133.06244809053214,0.02138322671914722,0.000378819016411534,1.5320212888955282,136.50693632658692,0.02426525364160969,0.007036445539031525,150,1.3901469887761158,135.38813088080477,0.025484000401393855,0.0017807401430467596,0.07123158773876373,0.504204816310295,0.00028630417398272783,0.0006189785962838207,1.0680222948289788,132.7073874722372,0.022995515237119155,0.001547045416751895,1.5394393845405299,136.22824503745275,0.025848310911148153,0.008377393750604036,150,1.385948312233443,135.53145767897178,0.024099627588015426,0.0005399441322718692,0.0708143558134807,0.516256384466141,0.0002866740598865534,0.0006353479053279454,1.0651757384766307,132.63311207970054,0.02159334878801838,0.00030328511099198625,1.5351969889657913,136.36843774994685,0.024494387047170257,0.006859963754306912
processed_data_batch_53.npz,150,1.3825048990919377,140.7251776993734,0.024074328204745924,0.0035148759150646176,0.08817005635058824,0.33236012321708575,0.00015342129837204522,7.481405704223004e-05,0.9182202927221669,139.888246412987,0.02356395236465851,0.0032377803922326617,1.4818554712010175,141.47742314624813,0.024516139484296873,0.003677526227492241,150,1.382507571814812,140.72488014702836,0.024074376894838954,0.0007998821823785716,0.08816822832066804,0.33252452688002154,0.00015330856726047398,7.5135022847967e-05,0.9182149778475026,139.8922239447009,0.02356680507021835,0.0006346427091761231,1.4818639237279814,141.4743764772631,0.02451540066450981,0.0010392551336649537,150,1.3824764794771232,140.74930418811255,0.023940542992767704,0.0005317636145117619,0.08802168873929325,0.3276140488976089,0.00015177716590695904,8.472222662045169e-05,0.9183451743929865,139.89157532942193,0.02343370750887935,0.0003666650783561297,1.4815113294556619,141.46008639785808,0.024385204928307463,0.0008607853600994552,150,1.3882070286859292,140.45208705786933,0.025490894891373996,0.0017165571590603782,0.08893439191356277,0.3342580406381309,0.00015262364292650566,7.661460892247148e-05,0.9208733453196531,139.65835964440382,0.025005151825763353,0.0015702260721853689,1.489036170268103,141.1644170106279,0.025902433225369753,0.001941067629885761,150,1.3835062059277665,140.61609494276422,0.024137244023991547,0.0004592612311004962,0.0884137577964819,0.33797601660025506,0.00015830305361736225,8.42672585463414e-05,0.9180988153365988,139.78651377076386,0.023635679686200246,0.00029661797435366806,1.4831343236649668,141.34051312431802,0.024594164607175117,0.0007725562477924045
processed_data_batch_54.npz,150,1.385354345300813,142.0048435378117,0.02414728605969356,0.0036761206526220004,0.09883989054867906,2.253160276747316,0.0006720358853717501,0.001391836465851784,0.9549425449165315,114.97588529369237,0.021479306585602976,0.0032770590142147185,1.5472276696001268,142.9891761690813,0.030837897817913573,0.020190976487047787,150,1.385356802003935,142.00474228669054,0.024147276978168142,0.0010008386330173221,0.09884927215702637,2.254902752462743,0.000673016842085784,0.0016006835056059183,0.9549169249428409,114.95360704616199,0.021476827579312126,0.0006552112400707745,1.5475104921739382,142.98589825759225,0.030849360693659695,0.01956693922364819,150,1.385295347900929,142.02768455895674,0.024017323672048025,0.0007268339746639199,0.09861678957947415,2.258409224050087,0.000681735640295653,0.0014914059311053425,0.9553409560738633,114.92786776446707,0.021308184145640074,0.0003895177302066251,1.5448035574247583,143.03021324638544,0.03083903882088999,0.017875057654110016,150,1.3912718230910242,141.71749781210508,0.025561683819846852,0.0019068682588183872,0.09973449995450133,2.2693258196641817,0.0006819836512205723,0.0015288070606399053,0.9579144461890859,114.49330195614918,0.02290433629828665,0.001574249729870033,1.5550840506425647,142.6997327884866,0.032423508618198135,0.019847718609094383,150,1.386415537439295,141.88998221076977,0.02421642393173681,0.0006667182786759443,0.09923788545394266,2.345609697958862,0.000713475508278943,0.001586498955772604,0.954616647961764,113.7259834813252,0.021537008010125817,0.0003096580775789604,1.5624828038213363,142.8624214650818,0.031513786573659885,0.01895841515071993
processed_data_batch_55.npz,150,1.3905766324873674,142.419885066374,0.02393984440102599,0.0035430310430403706,0.09880094331761666,0.3097434912519635,0.000146391492584511,9.520926105636606e-05,1.0177041400333582,141.5314709839826,0.02347901617519867,0.003315700226073547,1.4902677265962658,143.41068098162773,0.024289185549420094,0.0037697152433422312,150,1.390578945041543,142.41959797314465,0.023939975807425184,0.0007960261301133324,0.09880020025371088,0.3102611982759313,0.00014645531989640874,6.86914683375577e-05,1.017699747085593,141.53064520671995,0.023477557870027796,0.0006555367533565375,1.490244307373612,143.41210687496584,0.02428944852898655,0.0011327685573569537,150,1.3905683897379155,142.4393942899828,0.023811115915355736,0.00052704646357265,0.09861626874204249,0.30929139432348424,0.0001442684626306693,8.446625367504706e-05,1.0183835208450953,141.54478592455726,0.023353470882233354,0.00034006500304889503,1.4900153335354478,143.4535557754039,0.024180482905251526,0.0009341836296658344,150,1.396575229356386,142.1262417164524,0.025360209558752032,0.001718484522698253,0.09971127699117802,0.3135352071407764,0.00014616389349855335,8.070182257354476e-05,1.0209050318588144,141.2256189024549,0.024903478231377174,0.0015316048918985318,1.4975064093210595,143.0997044732769,0.025703167845056166,0.001995915306860848,150,1.3915702042696032,142.31207922754393,0.024003262037820577,0.00044407469146193304,0.09905907465563216,0.3185157933600555,0.00015394947191450144,7.456312134538738e-05,1.0178732996940814,141.36121628400986,0.023536077516426137,0.0003038023304758714,1.4912318349317542,143.30210595202072,0.0243758517996339,0.0008239165010579217
processed_data_batch_56.npz,150,1.3770857407888144,142.50785762464437,0.023946696538396206,0.003560143749324407,0.11096190978923202,0.8011793946205835,0.0003820964572402433,0.0004059477261505761,0.8980130896763541,141.52440237372784,0.020570503412090362,0.0033716943769460327,1.4920005143856612,151.7020712932643,0.02458684073602733,0.00829397754137267,150,1.377088383371409,142.50740813197996,0.023947081635860495,0.0008406302359337318,0.11095857162629919,0.8005156579591977,0.00038177153058086547,0.0005146546825437253,0.8980268645818507,141.53001294804486,0.02057657764394548,0.0006394900128778502,1.491994286727643,151.69430820648827,0.024585059548401043,0.006680866813671996,150,1.3770962563946856,142.52479845913675,0.02381851632705709,0.0005613814750269219,0.11081527083401328,0.7965829554384228,0.0003800985660897162,0.0004249122176855018,0.8978358320418363,141.59364158973622,0.02048454742293791,0.0003803960798305774,1.4918810425004922,151.66141049196338,0.024460981510738604,0.005151031879324193,150,1.3829526011160567,142.2209919318714,0.02536305519800648,0.001769799311092314,0.11192546636081718,0.793152364735617,0.00037805248994629076,0.0005097252082781864,0.9006442129953844,141.2082870439174,0.022011116817176126,0.001555263234410977,1.4994965645517957,151.30018940537698,0.025966253027904847,0.007626506726294584,150,1.3780232271409307,142.40527957172807,0.024006616055892528,0.0004890647319506795,0.11122542778465254,0.8405756821386913,0.0003996554294993514,0.0004608410712931147,0.8980056774582338,141.39750645763985,0.02035877962676631,0.00029492358575376927,1.4932235213152072,152.09203532200254,0.02466181642675884,0.005576381932717955
processed_data_batch_57.npz,150,1.3868091473754531,142.57343301967921,0.02396927255463766,0.0036632346768992984,0.09303057477837366,1.8798432536805039,0.0010442050342822115,0.0016449956112512877,1.026017469509856,141.6742685203635,0.011403229019089774,0.0033204987205102056,1.4859668203137264,165.14300411789498,0.024418281161541204,0.023651814251071723,150,1.3868159587313975,142.5726193359093,0.023969708830467833,0.0009472964352047093,0.0930322834018318,1.8802530554335188,0.0010443361078290988,0.0018355192539578238,1.026011067094053,141.6698635047358,0.011402366171984509,0.0006511205126459815,1.4859272955840273,165.1460896387458,0.024417511018342303,0.023262810174212594,150,1.3868002700126336,142.5933371996144,0.02383998616760799,0.0006686163660152011,0.09286004317483562,1.852785522743591,0.0010281786058144095,0.0017543869302474302,1.0264249681863369,141.75074130729,0.0114733586101085,0.00040011663810386966,1.4860534284710512,164.82946319060895,0.024273390475290976,0.021996237084638666,150,1.3927607904594712,142.2848229122737,0.025383180654940697,0.0018661523846411894,0.09391070282045491,1.877789745629826,0.0010510286962934243,0.0017949130602675008,1.0293158550365902,141.32695151051664,0.012737025155062379,0.0015829395441212064,1.4932083189344043,164.81758031355224,0.025845980783226547,0.02367743907578048,150,1.3878377713879906,142.46185533276457,0.024034273712151593,0.0005881186254284065,0.0932939906314267,1.835360519551549,0.001037122959145982,0.001711901773641206,1.026332673962862,141.57651571865046,0.01156846758281797,0.00027912775732024303,1.4873304322410497,164.46546531334204,0.02450373918078259,0.021391543112667215
processed_data_batch_58.npz,150,1.3682074482833357,142.48925383751165,0.024115837848643754,0.0035218356307989782,0.11561532544313922,0.26064656878099723,0.00014324164882300417,7.574338134197216e-05,0.9168911726955354,141.77992765633329,0.023716233898439652,0.0033054534976347787,1.4878322351424775,143.1472061187378,0.02442825528001032,0.00367549726862698,150,1.3682128465271737,142.48858259063073,0.024116159927203798,0.000792507478683329,0.11561456767423316,0.26059915399301864,0.00014285481978581317,6.901978459828587e-05,0.9169123836236899,141.77675201878225,0.023714130249583014,0.0006045011743471833,1.4878616951175438,143.149039065696,0.0244300014736941,0.0009718601064071141,150,1.3682410247764787,142.50265826644886,0.02398973843874283,0.0005218414454082863,0.11546121149867676,0.2630835236413928,0.00014341252899543284,7.897504823604809e-05,0.9170512355902817,141.8258821501696,0.023607098316422128,0.00035245492580268184,1.488108024053043,143.19391062222422,0.02428705621789102,0.0007611648547130536,150,1.374000932137338,142.20686057223338,0.025526039806550157,0.0017328334821867996,0.11659502874422854,0.26258746401375804,0.00014202838957750469,8.608156866997465e-05,0.9196807950438726,141.54337624700338,0.02510428256888652,0.0015664694364126185,1.495294463641223,142.90359818029248,0.025863822600653504,0.001983041657352846,150,1.3691590441238066,142.38273882182494,0.024180588077171467,0.00044618237154704106,0.115915356117543,0.2699547642988684,0.00015387319098647908,7.957341485183248e-05,0.9166514183639523,141.62917868783995,0.02372915191958967,0.0002847496615250889,1.4891229821407534,143.09017454696922,0.024536368550194497,0.000685053497909187
processed_data_batch_59.npz,150,1.3875455972009583,142.39224881362472,0.02417178538376716,0.0035718390508143894,0.09828770490643843,0.3374084104171417,0.0003621228009456388,0.00026345512570445705,0.9440260808201114,141.47743583430017,0.023662165530386466,0.003263639622187181,1.493601470081229,143.90477405701037,0.02768791943810198,0.006428220735209871,150,1.3875521441187944,142.3914871598001,0.02417218270575953,0.0008546794891545921,0.09829152844037232,0.33715486594115196,0.0003623512734930496,0.00041854404290349426,0.9440665248243663,141.47500309732345,0.02365942407046497,0.000653828909027456,1.493598472766625,143.90288122981343,0.027689581400611788,0.005285110263808137,150,1.3875224523895826,142.41365433525817,0.024042086237802286,0.0005871076841777647,0.09811192389600824,0.336294751287955,0.00036495617217467035,0.00044518160199781223,0.9441303588640336,141.4835700616197,0.023579688170843265,0.0003668980874164167,1.4933789598554228,143.86633539973806,0.027613425038887803,0.005255626184756274,150,1.3935035014580748,142.10436427485374,0.025583750639776096,0.001764633112332364,0.09919576612073512,0.3411195844391035,0.00036323860415040553,0.00034821399248177075,0.9469982012633279,141.24792262773283,0.025080148848630298,0.0015443292982456741,1.5011341359283246,143.63516404081486,0.02906967811063031,0.00549586739408136,150,1.3885559778064818,142.27944269547928,0.024241224507383325,0.000519051371647077,0.09854632115895133,0.3415858634549067,0.000369238574112937,0.0004602989721870956,0.9439237965917904,141.41898372127358,0.023744903835309007,0.0002948748492442889,1.4944913922922383,143.72298561356874,0.02781910373505913,0.005277092572108606
processed_data_batch_60.npz,150,1.3738401114064132,142.4771512703701,0.024107805362179473,0.0035173105628254295,0.10328908900429042,0.27132354554869204,0.00013379732663881407,8.758561944516745e-05,0.9876635293685655,141.81125531105897,0.02378182260289177,0.0033086022352739213,1.4944510556596418,143.0688050423329,0.02439895993866662,0.0037193135617870654,150,1.3738451262178994,142.47653911417504,0.02410809813695145,0.0007756466431511114,0.10328919740134185,0.2711954935392245,0.00013380633246630688,6.39873330638681e-05,0.9876619824186461,141.81227954354677,0.023782763000980454,0.000631362945043202,1.4944272132950103,143.0701431067464,0.024400932696345193,0.0009629542978763408,150,1.3738926142792005,142.48921245486542,0.0239824678137798,0.000505684124008486,0.10310781504614094,0.2687652286156317,0.00013179734610307438,7.868306409045688e-05,0.988132972523261,141.8469905955343,0.02365970610825547,0.0003804451144657638,1.4945164692471782,143.10897857414622,0.024278890414030706,0.0007307414171785116,150,1.3796685171899643,142.19491613854217,0.025517724222241106,0.0017221111653066053,0.10424196494534954,0.27637497823879276,0.00013720463933445667,8.404884136517762e-05,0.9908036867110233,141.52362919182426,0.025164049488597285,0.0015643990220262796,1.5018410514502443,142.77833902920037,0.02585574115732149,0.001960414622038412,150,1.3748059872692997,142.36770861549556,0.024174238121635903,0.0004377530586639449,0.10355063168841737,0.27141439126605166,0.00013621434820988818,7.877574938491963e-05,0.9878578297405484,141.71339847868978,0.023846186024242315,0.00027721992616974955,1.495704814021851,142.9689823188248,0.024481054695832394,0.0006419032477159221
processed_data_batch_61.npz,150,1.3904975429654693,142.48147596325987,0.024095206212493364,0.0035733958553937203,0.09189791874722517,0.6974098500296467,0.0003775023034454674,0.0004876970865770866,1.0013376552621327,141.67226417182556,0.0213464521653659,0.0032755239355595433,1.4961171498559938,150.0940198859646,0.027257880347995887,0.00908898229195799,150,1.390500947702087,142.48100981616545,0.02409548315400895,0.0008719069654408647,0.09189607803052136,0.6968254177041235,0.0003773730751646775,0.0006525116024551301,1.0013834560094592,141.68086167562493,0.02135163919118175,0.0006141738667875318,1.4961645225102174,150.08762783711222,0.027261159390125116,0.0079842804268425,150,1.390486682319844,142.49994654542346,0.023967336469623065,0.0005781740653701228,0.09173240499457899,0.6785623897853404,0.0003703196950709587,0.00047577383104067397,1.0017151067338828,141.68325532798264,0.02138102972825407,0.00037802334860097183,1.4963564038139059,149.8874386836941,0.027148700037015142,0.0050244908859295515,150,1.396487426550926,142.19092424089845,0.02550921699594307,0.0017803324989003097,0.09274437855301304,0.6917827505912235,0.000375593504828283,0.000602387347219709,1.0045727795443504,141.33475295153733,0.02280151583033279,0.0015830676336214106,1.5039659950190454,149.6852097343427,0.028664560071449775,0.008545955322412797,150,1.3914668697990638,142.37301195897186,0.024162227910328477,0.0005250121071982394,0.09210220091640488,0.7386287445130525,0.0003940620362043887,0.0005951632114372551,1.0014252949801463,141.50281537876103,0.021133096352500113,0.00030957705692587277,1.4972964318908855,150.47042249855102,0.027297655976112896,0.006735359851703324
processed_data_batch_62.npz,150,1.3806123990125707,142.51031204169485,0.024087967512597976,0.003534561271954212,0.0945134985608224,0.31815405231754706,0.00015740979258482656,7.912787298255619e-05,0.8988252659237853,141.63504632051288,0.02364295016908197,0.003341225277269507,1.4743718218754722,143.39456426230092,0.0244535391591044,0.00369454408726582,150,1.3806137661887439,142.51015294266008,0.024087960321925107,0.0007881538676311371,0.09451106348396024,0.3179154283291111,0.00015733681159994336,6.759412227366014e-05,0.8988740898095774,141.6276820789254,0.02364455976598622,0.0006467852401629746,1.474326890277011,143.39225166656738,0.024457955125646948,0.0010007129567614923,150,1.3806009122867813,142.53067994439397,0.023958355559803243,0.0005182056752585855,0.09436421500469164,0.3147813412965715,0.00015549905709869334,7.816847859718113e-05,0.898478221472312,141.70388894114927,0.02350438497588287,0.0003865675441911374,1.474431211013269,143.40227485239694,0.024286001552931646,0.0007736439657043147,150,1.3864676881776747,142.22916383802536,0.025496687972642273,0.0017183012030589236,0.09534999822407987,0.31845502738376985,0.00015402490575992773,7.489934714322946e-05,0.9016402869223888,141.31722835665573,0.025085890589112942,0.001565906266153635,1.4813016938711192,143.09616717860192,0.025864325239448125,0.0020416374386407156,150,1.381583441477936,142.4008718799972,0.02415566364492531,0.00045281505718353674,0.09474904035593101,0.3245403596462777,0.0001628522353656369,8.088265340796848e-05,0.8985682823329529,141.51697174241818,0.023724431565374307,0.00029468667410244233,1.4754801195905591,143.28493314393344,0.024521880152821675,0.000684232867388081
processed_data_batch_63.npz,150,1.3777765810064992,142.43132180277175,0.024043896417843026,0.003560079662218977,0.10761343768288235,0.33709745602304114,0.0004155100547680803,0.0004212381052788172,0.9868461343700866,140.025722217089,0.019884006829934332,0.003302808404012225,1.4872109469422046,143.12172422530912,0.025827958270542975,0.00856819905805998,150,1.3777759055613494,142.43135927481305,0.024043968908969968,0.0008492165360580296,0.1076127331679902,0.33734047213325785,0.0004153032123009636,0.0005742090720767282,0.9868274409534061,140.02137148486946,0.019887404852178568,0.0006430597844905476,1.4872466063963579,143.11423458058195,0.025828052855083918,0.007659276879502801,150,1.3777668142453205,142.4503148766261,0.023914779356242397,0.0005828946696356268,0.1073949692564438,0.33525581351877615,0.0004154018488317585,0.0005884089247328785,0.9873994741604608,140.06514545631094,0.019733746337226563,0.00033429996365626376,1.487005842614309,143.18349269397427,0.025671793375358014,0.007521145163325431,150,1.383661600080338,142.14376523429374,0.025458336599274153,0.0017701292561182122,0.10857382752812919,0.34509215418468075,0.0004114185427026711,0.0005192619983553277,0.9899142714262353,139.63892432260948,0.021358843912315427,0.0015511152065835463,1.494452758798636,142.82277270188715,0.027254857290855763,0.007951350483507503,150,1.3787652474904564,142.3212927040305,0.024110461728062225,0.0005018166769095206,0.10789599681558214,0.3402827229577452,0.00041853537822826846,0.0005888997020515088,0.9870511042930522,139.94634312667466,0.019947916064181694,0.0002842518484786161,1.4883485241833383,142.98950708529662,0.02588384434492427,0.00745005327837786
processed_data_batch_64.npz,150,1.3799215339367619,142.51181419071426,0.02402442954844458,0.0035285303900423177,0.09374815363849631,0.2901277191039663,0.00013893393923639514,7.25567636484302e-05,1.019914407480968,141.8082092366233,0.023691759326525442,0.003296885443274719,1.487568610860814,143.1935335422177,0.024357321587869057,0.0036950271703438385,150,1.3799267702475395,142.51119642505597,0.02402470869777338,0.0008073052932726255,0.0937480571758302,0.2901036195240133,0.0001390314813007306,7.31685192062997e-05,1.0198957038264287,141.80945958065323,0.023687617428693932,0.0006058745452828944,1.4875562003144904,143.1912313007306,0.024360106668288455,0.0010600344842261488,150,1.3799121036341397,142.53104454258124,0.02389580415684663,0.0005298398552996595,0.09354273521881903,0.2916126949041883,0.00013857729171553535,7.883554403035352e-05,1.0205595394010445,141.7723334298825,0.02356184544618127,0.0003565408867489516,1.4878365541117267,143.27162053211126,0.02423743999739821,0.0008064793218532834,150,1.3858058919559726,142.22554871305954,0.02543835986764598,0.001728388382991721,0.09463611137152246,0.2945159756253038,0.00014029890455521146,8.212960016669131e-05,1.0231584503199476,141.4274897830316,0.025115627829994908,0.0015122783566433415,1.4949318628351942,142.86665134713058,0.025797241982467876,0.002031747487631087,150,1.3808959339988542,142.40175127397916,0.02409146916246996,0.0004602686266375164,0.09398886198764672,0.2994320127707119,0.00014620859249932943,8.225882144326468e-05,1.0203225393070776,141.64952896211568,0.0237825522875272,0.000328809802163141,1.4892477295143,143.104150791284,0.024437349656296976,0.000754080073368646
processed_data_batch_65.npz,150,1.3891573376206174,142.50233251292798,0.024083387058530165,0.0036133522760316687,0.08096223036460264,1.0506908096978962,0.000382890775273409,0.0006407534468972571,1.1144860375218317,141.66880939149345,0.02071987384013822,0.003374674742299497,1.480529247168285,154.3890342841876,0.02570670745671473,0.010630033739169278,150,1.3891614601824906,142.50182060679478,0.024083637636125827,0.0009112195350944369,0.0809604523190002,1.050151971565445,0.0003826685736392031,0.0008337207610769813,1.114488399532418,141.671449228843,0.020724225483848686,0.0006112099855966346,1.4804850526289566,154.38161662157444,0.025706104039491997,0.009645210944970506,150,1.3891783396250585,142.52178526213626,0.023953821182853118,0.000635233056249803,0.08080395018320599,1.0619282907777252,0.0003925327701246295,0.0007652616154603002,1.1149634156101322,141.66081821263708,0.020426167386403463,0.00033427528128914745,1.4805496717317805,154.53105085621806,0.02556694270129986,0.008375565717543557,150,1.3951048817930307,142.2156061777123,0.02549591132065278,0.0018217371803404124,0.0817809653740368,1.045939139188636,0.0003831782243115675,0.0007859929312624833,1.1182803908367143,141.36750297301393,0.022137572441542443,0.0015324527392888243,1.4875792420404284,154.03162700004822,0.027142472271534764,0.010281537479522559,150,1.3901045366220401,142.39414765627646,0.02415115306180582,0.0005788289161948114,0.08113630532494329,1.090208831059126,0.00040043644129717697,0.0008598893559491233,1.114796450302537,141.52817332051475,0.020533684135797155,0.00028266936996196394,1.4815913492601331,154.78901742111395,0.025788166523721057,0.009386405224460477
processed_data_batch_66.npz,150,1.3834180783257273,142.4882188817546,0.024026728952663716,0.0035342428519318236,0.08360245702783993,0.27929598848204185,0.00012745194217266852,7.737798307943488e-05,0.9888404142265367,141.71871482925982,0.023620606349063714,0.0033787501782759684,1.4983036526820162,143.2811612032533,0.02434571271855344,0.003732545546165899,150,1.3834227735224456,142.48758071457874,0.024027157843969114,0.0008008720518525521,0.08360183585898587,0.27890106449355934,0.0001273088827167399,6.983927212264147e-05,0.9888327474876262,141.71245399270202,0.02362242591862002,0.0006448773100132362,1.4983320285869859,143.27683242508604,0.02434494027332159,0.0010039614441958655,150,1.383413789939472,142.5083545071283,0.023897384006420854,0.0005293075680377063,0.08342758984420473,0.2792579399798113,0.00012505795650823745,7.991339490922711e-05,0.9892574708342236,141.75318560927536,0.02348195101474962,0.0003568161900124981,1.4982663870609165,143.3097222200619,0.02419677806449756,0.0008391333263468984,150,1.389288947085322,142.2062793019419,0.025437504350823616,0.0017235909382755522,0.08442200294352707,0.2819151013043929,0.00012885100721893945,7.339615887786486e-05,0.9920296036747904,141.37234082840988,0.02505179165258008,0.0015858162026926193,1.505906011106606,142.9501250990043,0.02578097291526541,0.0020357913606584206,150,1.3843876573775373,142.38000627491826,0.024092862844028576,0.0004526463982249422,0.08383651621125106,0.2838328049003273,0.00013244654611189855,8.012802882285922e-05,0.9890766410942508,141.5846270058131,0.023700856167771955,0.00025634098067624884,1.4993858802141726,143.18215747966715,0.024420220270469976,0.0007742215489986631
processed_data_batch_67.npz,150,1.3767760116612306,142.51735490054023,0.023996350085906996,0.0035520394453666814,0.08014572032316979,0.7725487722996452,0.0003302631333427488,0.00031121761689065843,1.107070166106161,141.53519954242316,0.021058040695174193,0.0033410090125498867,1.486729474845561,151.01808163711726,0.02548865571293098,0.0071802375854160255,150,1.3767807625648854,142.5166423250821,0.02399685271074503,0.000847001032109929,0.08014067890190381,0.7718203803819023,0.00033007943139831355,0.00045022795875120395,1.1070658980242714,141.53258668874938,0.021064346883898074,0.0006200790827293085,1.486711824890955,151.00485730504607,0.025492559170998595,0.005994824716892273,150,1.376786792428481,142.5355199502099,0.023868333221780353,0.0005704229477427316,0.07993531261371008,0.7566975193126498,0.00032629688602812436,0.00036445067275464035,1.1076664594217047,141.5630696932459,0.020972653742655806,0.00036847030878078574,1.486646585967495,150.84970469075446,0.025376764089147963,0.004512932991399959,150,1.3825654542244705,142.23982421291734,0.025405777397124785,0.0017692760586834643,0.08093338053911958,0.7782234762730558,0.000330697585588688,0.0004129113756197256,1.1108193240410622,141.29170760756696,0.022435807392360813,0.001570961267319691,1.4939523166446693,150.7964669948408,0.026869598629662626,0.00659195905036726,150,1.377719670044627,142.4128436961799,0.02405922766078374,0.0005011452283853814,0.08042294894627429,0.8201003199957484,0.00035028734422262053,0.00043803829247979025,1.1076872430795461,141.43109222611952,0.02081601875051456,0.0003032221618834969,1.4878931061977756,151.51695949871973,0.02551220772309456,0.005393392173306376
processed_data_batch_68.npz,150,1.3896275266543276,142.48445600826352,0.023972675792140852,0.0035568671089648324,0.0903352157160332,0.6572542383900456,0.00023008271195081527,0.00031874074314730045,0.9560140499081756,135.24382043600014,0.023539240394340587,0.003280513370491126,1.4790320864020758,143.34074955885936,0.026080272667791882,0.007316477839456124,150,1.3896271066264618,142.48460089796,0.023972428164729966,0.0008279047049501376,0.09033676326931818,0.657236531094873,0.00023005427767312754,0.00042935375205815733,0.9560464077845342,135.24800699087362,0.023535740268418294,0.00064612406172056,1.4790843772803464,143.34588056470375,0.0260778961958288,0.005980744990671139,150,1.3895975288229498,142.50469268014908,0.02384449678808388,0.0005461585002244762,0.0901958731521449,0.6647746571539024,0.0002338697971500654,0.00032798975396668525,0.9561849664867097,135.1404568120594,0.023442278791546096,0.0003817820635980103,1.4790556291766004,143.3220171432244,0.026062201840058457,0.004430820323121462,150,1.3956050767396952,142.19312202120528,0.025390552768798223,0.001747462550761939,0.09120242327266687,0.6538571520160966,0.00022995240345568375,0.00040421274791019795,0.959039899592405,135.01325524206663,0.024968913633654374,0.0015668923575105256,1.4863898487248415,143.0200369082807,0.02749213865469992,0.006569630975681479,150,1.3906219884606186,142.37365749007915,0.024040260670538546,0.0004774628672746063,0.09055516406132463,0.6738182285227511,0.00023788803307578897,0.00038848054748780717,0.9558220819323082,134.9242377790475,0.023612221342755365,0.00027530345704695385,1.4804920466570173,143.2359794129686,0.02621072032205501,0.005103796641395921
processed_data_batch_69.npz,150,1.3822295664132227,142.4438110839939,0.023982532230382287,0.003605302356469021,0.09766709709619323,0.6512083038252776,0.0004110382027228199,0.000655544883613007,1.0139898355510164,135.44529730679966,0.023111581037218172,0.0033231928781642926,1.5020288704441365,144.2834025560592,0.028124330230444944,0.01006809618056031,150,1.3822309734482823,142.44361960626148,0.023982576233785545,0.0009081478093757497,0.09766400962579808,0.6513010359137602,0.00041082650009873005,0.0008833962202483035,1.013990980703371,135.44568231224576,0.023110766495099164,0.0006549595098735534,1.5020292387213223,144.28696394914297,0.028121466692302418,0.00938584512476817,150,1.3822516259505158,142.45978083929646,0.023855543479902062,0.0006363778659143615,0.09749195750081026,0.6559487263424946,0.00040820577038625547,0.00088505333930531,1.0146429215725616,135.41434059315955,0.023018523443809592,0.0003731954645229407,1.5018029134896347,144.39767966653343,0.02796460122730713,0.009055107517594281,150,1.3881424242444516,142.15464097664346,0.025400281122828505,0.0018219684359348288,0.09857290917964096,0.660035082297175,0.0004087866778504088,0.0007981119806033529,1.0173049133240601,135.05706263928388,0.024587144985106158,0.0015717634754399603,1.5094582874469284,143.95227036063682,0.029553276303562317,0.009531040648538516,150,1.3832347062340766,142.3303353599765,0.02405041016458761,0.0005616659892477371,0.09791505077490668,0.6589811617288419,0.00041108123190460044,0.0009287531498830202,1.0140861337297584,135.24963917778953,0.023224304209885607,0.0002956611149143752,1.5034714924847774,144.1633140418854,0.02818977676217906,0.009402293937972673
processed_data_batch_70.npz,150,1.3789547116732743,142.4144252934047,0.02398515147561621,0.0035267113214288016,0.10247141166872749,0.31200436791249436,0.00015106948441425829,7.96116860873768e-05,0.9402689588077152,141.66001973629724,0.023508082025952518,0.0032728697499437138,1.4919537734637092,143.1362881578531,0.024343353776377027,0.0037082162811991055,150,1.378948326884796,142.4151519359236,0.023984886222969983,0.0007982464102511201,0.10247223762171773,0.3119017947390883,0.00015102126415179537,8.161168461403228e-05,0.9402660572916243,141.66506912794503,0.02350572607031129,0.0006122169976254644,1.491934995280731,143.13781681314728,0.024343033419997575,0.001114066857724543,150,1.378990119884891,142.42912635632976,0.023858999472095715,0.0005275343449256969,0.10228921243602024,0.311500676452574,0.000149150671414034,8.763432323148537e-05,0.940589828834,141.63096105999043,0.023382345095016518,0.00033893833896366096,1.4919214393247642,143.17691626917372,0.024216573636240333,0.0008547487760957969,150,1.3848043712547597,142.13033843736795,0.025400854861688756,0.0017252970313068924,0.10339727517955237,0.318573757083104,0.00015595847311391267,8.333701094487954e-05,0.9432025493609321,141.426837230064,0.02491777319798395,0.001526909022815214,1.4992597988874359,142.87485348443784,0.025791322525761495,0.0020280743165954334,150,1.3799210568403633,142.30689499611526,0.024047813441202468,0.00046455539213370627,0.1027194157347179,0.3212004418579588,0.00016217201710347622,9.886503141276647e-05,0.940267967660568,141.48485816002372,0.02355054941314514,0.0002819440045009471,1.4929838377481932,143.07418137661867,0.024443089185576885,0.0009212549592278141
processed_data_batch_71.npz,150,1.3906387391910584,142.5067677825444,0.02391421433953512,0.0035555529973625493,0.08659609591466484,0.3749432493907369,0.00018331038674327866,0.00024078697946774342,1.0241029780572346,141.54798861292005,0.02329692341159649,0.0033154201357538434,1.4918809014536938,145.09603043809483,0.02500480775676587,0.0062008514068795755,150,1.3906484110139812,142.50563481001146,0.02391480828039826,0.0008438521228091643,0.08659912975746903,0.375227864964557,0.00018317225457222344,0.0003595048400275016,1.0241074727439752,141.5488351541654,0.02329720172573165,0.0006572537630625696,1.4919071755563609,145.10168360322098,0.024999507616848857,0.004764841525449066,150,1.3905882887837082,142.53118805649382,0.02378292300496662,0.0005693849303054999,0.08643553514930899,0.3738948884728081,0.00018408418317841492,0.000354930927541259,1.0248542978886859,141.56114505419293,0.023168264284878403,0.0003723146798553366,1.4919463493659741,145.08657109222221,0.024909758665815736,0.004377309942696999,150,1.3966091726944998,142.2155355442399,0.025333875428803648,0.001753148815900697,0.08740510564571213,0.37559901979190374,0.00018424902901383557,0.00031757616124972963,1.0274555888013674,141.26122682363234,0.02468471772204432,0.001582573185978766,1.4993984061997967,144.76264150019875,0.026438342750153592,0.005279840549429894,150,1.3916356191473305,142.39572972611924,0.023980375142368594,0.0005006890483642488,0.08682041699681996,0.37120486506667644,0.00019127789058440432,0.00038878709360970693,1.0244096136002578,141.44526320857568,0.023337249948983483,0.0003017240927892885,1.4930670629712706,144.8544738570358,0.025186383585472982,0.004703026328386506
processed_data_batch_72.npz,150,1.3964505782356522,142.53327147758597,0.02395808588754882,0.0035321372878609645,0.08138827378411392,0.2840896244915052,0.00018530735524615571,7.862537267229016e-05,0.9922628424251365,141.65975443341443,0.02351779244120709,0.0032925433140198906,1.4956746293318843,143.22909422635422,0.025291008997765155,0.003817559041493719,150,1.3964530430140725,142.53295868276655,0.023958308580957356,0.0008015884901885813,0.08139053267958073,0.28365782682801705,0.00018510367188059111,9.406009442433625e-05,0.9922623402016029,141.65895225225748,0.023519616971964082,0.0006093277782003145,1.495644968312009,143.2244659880793,0.025290266853566327,0.0015269379853527119,150,1.396429133989171,142.55421482745874,0.023828997306485473,0.0005376905517515188,0.08124412408561187,0.28344436116157207,0.0001856199140961207,0.00010676095144568118,0.9926740538283134,141.63732071311316,0.02339396001863601,0.0003637628936329418,1.4955432500018278,143.2223370819144,0.02518605395595926,0.0014116002375157298,150,1.402467517144859,142.24229048605577,0.02537493206423292,0.0017083876342088896,0.08216870751659426,0.29177306645516876,0.0001864697486470017,7.929573643074938e-05,0.9953596672389374,141.32978937215364,0.024918826875352622,0.0015482867659594357,1.503299407000159,142.93752306444182,0.026703803461120234,0.0019530562377615298,150,1.3974946492263838,142.41776002462947,0.024027689508906935,0.0004565892320980607,0.08158768849362634,0.2901708603238908,0.00018999318113163422,0.00010806262749835335,0.9922618532703946,141.4934740443806,0.0235790419664443,0.000282544607435128,1.4968680412399917,143.10217723816712,0.02537719808731858,0.001336573754317824
processed_data_batch_73.npz,150,1.3894149692723974,142.42209886355033,0.024001237837378103,0.003589341299196094,0.08911142068411437,1.0455637565814606,0.00048476771744601047,0.0006230306182158249,0.9861053146829308,130.21729862800518,0.02205201266478471,0.003257470915575293,1.4906865508991451,143.37028511497206,0.028874392101494402,0.010906529211057248,150,1.3894192744149985,142.42156275804092,0.02400142603982101,0.0008927237976408607,0.08910698649148453,1.045750727025825,0.00048501778128140407,0.0008055396079788324,0.9861173732349453,130.2135730787573,0.02204798916626464,0.0006229938365073427,1.4906364605252476,143.36839091214696,0.028876595067517448,0.01009336790521451,150,1.389424506718019,142.44272207668797,0.023871280682033383,0.0006241170410326726,0.08896225706792757,1.0220723853664542,0.0004694257125264034,0.0006848122609083846,0.9863988497108622,130.5529412484925,0.021915869126821173,0.0003984053442735476,1.4904828283177551,143.41973461584513,0.028495965854935357,0.0081391976231838,150,1.3953510786046655,142.13576525769122,0.025415342541433437,0.001793882611034933,0.0899343678423133,1.045247173910938,0.00048311275217022113,0.0007474670984436929,0.9892519626036237,129.96984674108475,0.023506939452543483,0.0015654240425831802,1.4977472797221254,142.99716077912146,0.030303868262130013,0.010488384128865498,150,1.390416626166032,142.30934023644767,0.02407015315124917,0.0005522156836574052,0.08931428926214874,1.0758576797014128,0.0005018479152947734,0.00077341608117519,0.9863596151237175,129.74254910638098,0.022105268657528827,0.0002912435037180074,1.491730922637057,143.27599433421588,0.02917271811370189,0.009234845824267148
processed_data_batch_74.npz,150,1.3901900171241148,142.50225420675045,0.023938397611819522,0.0035320328468262073,0.09406349291059934,0.2881261006070312,0.0001596079581473294,7.897790156399734e-05,0.8381277300376523,141.72078967763235,0.022789294368877187,0.00328824280209165,1.4932258043951336,143.24293362936035,0.02423604223676677,0.0037127128843569817,150,1.3901889375916419,142.50235125431098,0.023938415690666938,0.0007879215352433024,0.0940625452555225,0.28775883889068515,0.00015925364067722708,7.209920175784691e-05,0.8381333631866064,141.72648586342316,0.02279021943134257,0.0006211886412406583,1.4932467368521685,143.23734919302987,0.024238472356562204,0.0011593094590090815,150,1.390158453632855,142.52402640325366,0.023809407102737722,0.0005176203878058965,0.0939156163323313,0.2876241337907187,0.0001596113399005373,7.954318263933224e-05,0.8382753311027198,141.71023939842874,0.02266866327611627,0.0003590226623798601,1.4928401773875988,143.29559150829965,0.024108723895288536,0.0008684398084456477,150,1.3961770148463952,142.20974144511337,0.025357632767396984,0.0017128131342120107,0.09492564532514618,0.2940304462537795,0.00016037691906171757,8.409192719923126e-05,0.8404545034915921,141.50585985967305,0.024213195865839934,0.001569739180888646,1.5007968543234775,142.97430421127498,0.025693475983050898,0.002004031029673199,150,1.3911880164198802,142.39299890252343,0.024003263240790933,0.00044264320350292946,0.09430857359856645,0.2972574651738994,0.00016791352979771715,8.237711016638533e-05,0.8378132101393282,141.58187728492985,0.022810073253897188,0.00030081399138976475,1.494605780098248,143.14894031857074,0.0243323752486885,0.0008728582132689311
processed_data_batch_75.npz,150,1.3857965518520496,142.484739716299,0.024040474175517842,0.003600062385662556,0.09985420101591225,0.616988612890733,0.0004329755127595959,0.0007581771918611299,0.9878562396788254,135.8279999146168,0.02135442984039208,0.003290438250707228,1.498377692777317,143.17335799093786,0.027066018253099722,0.012502619721252073,150,1.3858004922290916,142.484260134259,0.024040697593844473,0.0009105696903792635,0.09985360345568386,0.6182541742171296,0.0004329445955122742,0.0009557049721055063,0.9878726280320063,135.81014046401722,0.02135303841148225,0.0006454223444988375,1.4984396608289872,143.16998901963103,0.027068857620654137,0.011760494503370848,150,1.3858138044232096,142.50095651728776,0.023914245987430104,0.0006467798256388435,0.09968765860908216,0.622125341109951,0.00042892398235275253,0.000947803018656289,0.9884490423673907,135.78158318640774,0.02123971873226435,0.0003891252398248281,1.4981823348242145,143.25172990052786,0.02691319442577917,0.011304808590480374,150,1.3917265837329325,142.1979136985713,0.025453720849129044,0.0018198212643154015,0.10073421961178441,0.6175445592310743,0.0004307323699548142,0.0008918184565554219,0.9909501058308057,135.54667520010258,0.022792175565806594,0.0015803842858825806,1.5058490099369757,142.88026106521318,0.028462127207378257,0.012098941927219019,150,1.3867783794927737,142.3758081767761,0.024106171390323394,0.000579105447541014,0.10011366064367501,0.6184445592834344,0.0004349590557804474,0.0009874155761618376,0.9877095651958924,135.7340597550832,0.021432913946332902,0.0003138392995437167,1.499462072410921,143.03074998288625,0.027160533642440397,0.011731289366257305
processed_data_batch_76.npz,150,1.401849308151474,142.4956639797855,0.024079112994463886,0.00354013645819826,0.07616522996374019,0.2972671693761583,0.00014976178416515533,8.152362305212977e-05,0.9815050340441326,141.71582985933608,0.023593985646927433,0.0032950674889686117,1.4972892280434602,143.3204726267209,0.024453956521714282,0.003742694211694182,150,1.4018507560768951,142.49548497209656,0.02407919753568687,0.0008005576839280208,0.07616531003739113,0.29749035673194507,0.00014986737535401632,7.425728371127929e-05,0.9814841087628355,141.71434460667368,0.023591520692273615,0.0005898987427791981,1.4972930806217337,143.32463715016078,0.024455468994024874,0.0010138321931784247,150,1.4018094414481133,142.51980566004923,0.023948418848948154,0.000531043107859279,0.0760411910211541,0.29876254804223823,0.00014866707549879952,7.527114808385234e-05,0.9821319763313462,141.7226013816089,0.023488460647465986,0.0003434537707800159,1.4978126151315014,143.2989682330501,0.024324547516357067,0.0007537415632537893,150,1.4079269923713498,142.20312717643793,0.02549315409560711,0.0017096534877954416,0.07692518516065,0.297928597302072,0.0001511349268109693,7.174805382819767e-05,0.9846315176768702,141.42306111207145,0.0249993320912557,0.0015585320733644225,1.5046490544880335,143.0659327167756,0.025855402674045434,0.0019530244675357,150,1.4028821061712937,142.3798606096572,0.024151017941769506,0.0004573532686090459,0.07636787629259148,0.30072607398563644,0.00015325468283307133,9.337550786384503e-05,0.9815542402702346,141.5507847925979,0.023631457943183092,0.0002877503905163723,1.4985125616611759,143.2417975727348,0.024540686671110732,0.0007886543777082368
processed_data_batch_77.npz,150,1.3889803468941022,142.5225044732011,0.024098673931618204,0.0036007201581544387,0.09355221713783594,0.5611998646370887,0.00046218606390165617,0.000548905275140909,1.021483991923484,137.26295007818496,0.0226868274460437,0.003240396195776969,1.4825798162582406,145.19821209260695,0.028816496768957985,0.009610475825732823,150,1.3889841821346813,142.5220476040539,0.024098969908434922,0.000882647356717994,0.0935552843935482,0.5614354148415455,0.0004623198910473964,0.0007416379168211172,1.0214480799528265,137.26154174254015,0.022687513602321744,0.0006209389829990776,1.4826033231515585,145.19653283376908,0.028817094315525243,0.008924037256395753,150,1.3889856931617233,142.53868957414696,0.023972405491508347,0.0006082351530074269,0.09339022950223395,0.5725864077280269,0.0004619970602741699,0.0007302232778143512,1.0221418470313703,137.18911331334323,0.022549200932136488,0.00034942899811634596,1.482782511014211,145.3293844329325,0.02865347734615555,0.008744162214569473,150,1.3949664308332403,142.23214042473947,0.025512458696042222,0.0017954718464051338,0.09444853717337094,0.5613904695079418,0.0004617633151135768,0.0006788700773585604,1.024690925817337,137.0097107067672,0.024107239275708604,0.0015695712310248224,1.4898813792665386,144.87717755360316,0.030237592016761346,0.00914774533137366,150,1.3899780418544305,142.41257473944077,0.024165022630557545,0.0005401204729622028,0.0937884870668296,0.5748241207225797,0.00047139605658255425,0.0007728335109216907,1.0218562067120989,136.9485586929595,0.022749340194710806,0.00028294795524280464,1.4837948607574736,144.99047482214118,0.028956574906345255,0.009010465823708742
processed_data_batch_78.npz,150,1.3920128848053144,142.52495106911675,0.024117804180129595,0.003529365262422653,0.08760208708960296,0.31690260786252383,0.00014886684520663297,7.55618341939731e-05,1.0210978046345196,141.419924699533,0.023744077658979356,0.00334207908461625,1.4861149578898494,143.22885248075647,0.02450319450877845,0.0037187240437874538,150,1.3920151367312754,142.52466318867044,0.024117914646709468,0.0007994298344238776,0.08759951532401193,0.31726050502423786,0.00014916124574490704,7.273161595238051e-05,1.0210919403438232,141.41660559922292,0.023747137297624826,0.0006382554756099323,1.4861422143212057,143.23009635750984,0.024508113004659993,0.0010824543149481054,150,1.3920212799716047,142.54334769424165,0.023989755530136023,0.0005331920076011221,0.08743007773184897,0.32201259348935407,0.00014974088883408903,8.032912245593127e-05,1.0217951495110655,141.50856950370056,0.023629577575871814,0.0003387178887947028,1.485445007978385,143.2473889586234,0.024366632194019938,0.0008131920734687591,150,1.3980093450617084,142.2362147412811,0.025528873356654165,0.0017141562260037375,0.0884515974305519,0.31729547832708127,0.0001513232193982618,8.086369480052598e-05,1.0243182290100976,141.13469784557392,0.025160513599455172,0.0015644410928297155,1.4933134921747633,142.92704147413838,0.025945557542023746,0.002030003153817309,150,1.3930430955557263,142.40848924138976,0.0241906073739014,0.00045578101483982023,0.08782922851568682,0.3203651350704023,0.00015358566536191932,8.587741111346539e-05,1.0213147535230254,141.28407671286607,0.023790040865052313,0.0002807296526605357,1.487225028076691,143.11389763979426,0.02460226428051992,0.0007968173813772191
processed_data_batch_79.npz,150,1.38543557276794,142.67991318239865,0.02405255921566848,0.0036502543578216355,0.09290085982102467,1.5940922838205411,0.00048587644577685146,0.0011964019503141105,0.9462777108687664,140.79290759304803,0.019285268146152945,0.003296688164916985,1.4943824187964494,160.96397450569728,0.02443871209447666,0.01779826428188352,150,1.3854337881021126,142.68008576823303,0.02405238328609239,0.0009548012762190879,0.09289319781878694,1.5940971033201838,0.00048569175481544627,0.0014023624870468795,0.9463312110689402,140.7894286996427,0.019287477916237635,0.0006389634183259108,1.4943678283020392,160.96249976204354,0.024440235048721125,0.017156815280134016,150,1.3854719962993916,142.6989543051899,0.023922739136231386,0.0006761963400763462,0.09276958314872577,1.6333696830760214,0.0005173049233516844,0.0012557366664543448,0.9462961932240151,140.7520340239191,0.0187022061416847,0.0003835784769840068,1.4942054017483628,161.47196119276455,0.024330215229594738,0.015074872002882808,150,1.391398349761335,142.39089251315377,0.025464441748201422,0.0018744609119569107,0.09382353836929365,1.5916704173672227,0.000487763527575728,0.001360414258761074,0.9492516405962256,140.53250318130748,0.02069864416558639,0.0015631884344008752,1.5018870601820702,160.59633148355942,0.025887746864905515,0.017713524832951605,150,1.3863707451930458,142.57395844980297,0.024119042013083347,0.0006139346337621606,0.09314975641180125,1.6372598410432793,0.0005046079014811208,0.0013959972610349575,0.9461727656347312,140.72655459236864,0.019142771510927584,0.000288144082408982,1.4955161197334577,161.31912065261486,0.024527584447566874,0.016691064117833387
processed_data_batch_80.npz,150,1.3969641038684646,142.50251360692735,0.024111757897203143,0.003539748658647517,0.07646681010488068,0.31156176068639063,0.00015395741258996117,7.485178567569915e-05,1.0658858835821632,141.90648028894498,0.02374059388942349,0.0033354793553338224,1.4875525211180236,143.42759519163042,0.024508826744320207,0.0037072381853955733,150,1.3969670726253336,142.50214013031518,0.02411198502314566,0.0007940968740423475,0.07646647443583783,0.3118213812437533,0.0001540460852351591,7.600741583947981e-05,1.0659265306043038,141.9059355706829,0.023742664898569375,0.0006499405611443156,1.4875780562829866,143.43003926194538,0.0245108988119044,0.0010442860253551936,150,1.3969201365224089,142.52567965730924,0.02398253322260224,0.0005256493941473496,0.07628710151402342,0.311741224163861,0.0001523194351679176,8.274590684876235e-05,1.0665403542010852,141.9295129248222,0.023586512031397434,0.00035117684750630057,1.4872575784420934,143.46820682360365,0.024386011388856245,0.0007908378966122619,150,1.4029929424284853,142.21271807393137,0.025523810642552512,0.0017102972591762744,0.07724770616145503,0.3138394280400988,0.0001559980655647622,7.242875436757685e-05,1.069393398141219,141.59302705288016,0.025139503928121313,0.001552947757774527,1.4949355491467762,143.1917795466317,0.025927853440263517,0.0019238359266665075,150,1.3979740527574624,142.3911866631923,0.024178686171670766,0.0004503187369301017,0.07666779582001543,0.3173988288108663,0.00015854791490371134,9.150451876519948e-05,1.0661109179424424,141.79958542025133,0.023794026756223288,0.0002802611723231146,1.4885944053792917,143.33085594490277,0.024591742427764664,0.0007499208176133455
processed_data_batch_81.npz,150,1.393849622910626,142.4955457899295,0.02410414797551909,0.0035800336054556147,0.1028402800818593,0.3754384887410613,0.0003566189776755424,0.0003443978924532722,0.8605517775021758,139.4231741739624,0.022458060339220206,0.0032728187106468147,1.5047846935143607,143.25275055683534,0.02704556130568475,0.0070365241614509695,150,1.3938481350189917,142.49578398637874,0.024103834722868863,0.0008606173302729409,0.1028379672170805,0.3754049848534183,0.00035646849982711565,0.0005252473691945711,0.860608023908727,139.42485654251462,0.022457314640536696,0.0006138194994422316,1.504767822232793,143.2556381461705,0.027042075380395922,0.005967129606329034,150,1.3938123429279445,142.51791553409367,0.02397496643778154,0.0005901794452375079,0.10271369543373915,0.377034651993985,0.00035715800764365963,0.0005419783012474695,0.8602621813028866,139.4228059638255,0.02233663343923205,0.00035305405882928183,1.504631555874779,143.29917344233618,0.026933374517138675,0.005769909040826114,150,1.3999087754311645,142.1998247260505,0.025520689024440386,0.0017674262436759088,0.10375318587372409,0.38074697983334765,0.0003526778848420716,0.00044490062563189815,0.8631605108618342,139.06241794299353,0.023912642192612917,0.0016016303678934303,1.5120920185478164,142.97466477963997,0.028436430358548155,0.00621526836888349,150,1.394843659750196,142.38589482553414,0.024171285443945745,0.0005164093690070435,0.1030991646767306,0.37716101479995373,0.00036448587216714314,0.000560056083198132,0.8602452536540045,139.33751329617436,0.022510290059374792,0.0002986828680194769,1.505572933186589,143.1116861557227,0.02716490079336534,0.005906772428763628
processed_data_batch_82.npz,150,1.3821410556586367,142.5442065042456,0.02407890022071913,0.003521923543130172,0.10584840834693082,0.28696935508746685,0.00014159598599660102,8.176318913775934e-05,0.8986495479854145,141.82738456777474,0.02354623792839059,0.003297354755063467,1.5143059791023046,143.46464698069934,0.024494809307813756,0.0037083180048184047,150,1.3821445758323876,142.54383559468633,0.024079067633584254,0.0007951717054009753,0.1058519622095771,0.28661240741626043,0.0001417192746908895,7.506519023112008e-05,0.898620594501583,141.82779676023122,0.02354638489459231,0.0006524033436078018,1.5143551229633245,143.4637815285771,0.02449496446108151,0.0010607572509735831,150,1.3821503009295995,142.56096525628547,0.023951843370347992,0.0005220331718072636,0.1056907269147639,0.2862020213853789,0.0001406539492705868,7.711884123176344e-05,0.8986908954436755,141.86921281306834,0.023438763249635484,0.0003679432586788929,1.5142599966604569,143.4672991707486,0.024355110164590823,0.0007442404567576226,150,1.388080339758644,142.25450239746888,0.02549264721961573,0.0017218781968259802,0.10679937713573541,0.2927526150995735,0.00014254188038473795,8.158078448157032e-05,0.9013059526633659,141.46694862309738,0.02499338753966009,0.0015402144693440081,1.522210297456395,143.09870422724245,0.025877815889997408,0.0019878141508942607,150,1.3831356829929176,142.43155295082838,0.02414891417071415,0.00044600746122921086,0.1061021749621032,0.2942889436477854,0.00014664297201118015,8.819337900598976e-05,0.8986546028538284,141.69010176912343,0.02360989315903813,0.0002887523579359203,1.5153401474189963,143.36917453280836,0.02456002008997348,0.0007935693851008125
processed_data_batch_83.npz,150,1.3903420955006387,142.61211462164235,0.024076501549902995,0.0036172336532937135,0.09089012863423751,1.456007403653814,0.0004184751799365381,0.0008325952429807741,0.9800840663050157,141.5128239989782,0.01931548049762125,0.0033229719979621024,1.4902991235132506,159.93170275778118,0.024454035134888023,0.013700948339801674,150,1.3903418688328855,142.6121286714011,0.02407643566730996,0.0008816009705003587,0.09088749467228649,1.455840706624884,0.000418284445245975,0.0010002398666224765,0.9800868792034091,141.5094234092565,0.019317463281049746,0.0006584066638524299,1.4902750297829772,159.92958803779786,0.02445306953265614,0.013021931503389716,150,1.3903455985011246,142.63179218852005,0.023947388469487435,0.0005937765793121389,0.0907035851607329,1.468026285101156,0.00043174060744439156,0.0008943646261022183,0.9806648187507802,141.56283171131906,0.019010196887318594,0.00035826514564897424,1.4903986548893338,160.10275365627317,0.024326938674687184,0.011427873134966052,150,1.3963130921658333,142.32565344144007,0.0254867625559165,0.0017963234742853047,0.09175366115949024,1.468696212288504,0.0004282629193276125,0.0009556016447562248,0.9831801978915261,141.20663269251196,0.02059443680016469,0.0015878403983151169,1.4977458391722778,159.79945970661396,0.025847091920532042,0.013383453912727179,150,1.3912990286680476,142.50536632463894,0.024143013844833944,0.0005543061177373736,0.09113072507095844,1.485364172407489,0.00043161295498937664,0.0009960621284592459,0.9800125871954624,141.33865948489623,0.01922170072494261,0.000279552501055386,1.4914784537307515,160.17028513985775,0.024537645687525,0.012625955054099835
processed_data_batch_84.npz,150,1.378504099479772,142.4988609226535,0.024156578620803906,0.0035327083293505562,0.10698841327089938,0.2837126035439694,0.00014916786420207678,7.760824065790049e-05,0.9850235851609594,141.75512861463062,0.023738301173421725,0.003315550372476118,1.506697635137678,143.24914108624552,0.024553839876471074,0.0037033638075303983,150,1.378512811684329,142.49782870918986,0.02415707738010793,0.0008029776349074314,0.1069899021439056,0.2834051979661778,0.00014914582258307942,7.339516201344008e-05,0.9850208917458138,141.758617576158,0.02373736137611059,0.0006346552585793572,1.5067259411027392,143.24644084748047,0.024551991254613412,0.001039046095751257,150,1.3785369252797555,142.51159523392863,0.024031644142085695,0.0005304069945405053,0.10679917591746602,0.2908285157319082,0.00015058683398715605,8.047635621587614e-05,0.9854314011384874,141.76361420272855,0.02361739698842195,0.00037227522575490927,1.507311091720949,143.25711401650193,0.02445993872801343,0.000794374624495231,150,1.384408430213701,142.2116299942082,0.025567692514251703,0.0017313452026976076,0.10795756577925653,0.2888950630863664,0.00015259630537762403,8.666884120985418e-05,0.9881994401927121,141.38744252262867,0.025135066263016714,0.0015259773537559455,1.5145518925005972,142.9990140855432,0.02597340101330148,0.001987912352086808,150,1.3794661012876013,142.39047039969728,0.024222821022558884,0.0004608279264710773,0.1072517267161768,0.28544348081696436,0.0001520639091797511,8.952234359101884e-05,0.9849899039561908,141.58229606850972,0.023765412411060567,0.0002743559252366405,1.5081661709364458,143.1675296312523,0.0246705321357569,0.0007763116022657672
processed_data_batch_85.npz,150,1.405504277095827,142.52770624085383,0.02417791081853965,0.003550070510228928,0.07859681121725275,0.32674830299293234,0.0001801788512544306,0.00017181833575953927,1.0190122072970456,140.12120611312642,0.02378794226545981,0.003335131464382424,1.5162907684605134,143.21471900921534,0.025610341784903786,0.005432683633588707,150,1.4055070931934261,142.5273993390509,0.024178045279115434,0.0008193698993177893,0.07859946292420421,0.3267643431854278,0.00018039891336427968,0.0002622618701306573,1.01903054166288,140.12266487260922,0.023787031384446947,0.0006326352367070125,1.5163487810587344,143.21888753969475,0.025613615965511965,0.003839291781485289,150,1.4054795423940982,142.54840660746171,0.02404945063304636,0.0005534312068817381,0.0784513850977632,0.32939764723259946,0.00018106584032439143,0.0002661382898647065,1.0195832437042576,140.1416267812168,0.023645881777885625,0.00035366449259887267,1.5162887440465236,143.24553095120794,0.02547018440839067,0.003534275574815187,150,1.4116468203451342,142.23245652785175,0.025589599013605344,0.0017278190073695139,0.07939045645928801,0.33196863755153794,0.00018052278442735157,0.0002197499978929465,1.0223442125658173,139.80002200614757,0.02519218763836814,0.001572479785512695,1.524231707483773,142.99502599442397,0.026999782308065982,0.004260318372280694,150,1.4065356358573111,142.41307651244497,0.024250322818241948,0.0004746758327602617,0.07877907585526914,0.3297967933027419,0.000182792693063793,0.00027684692024601066,1.019249972316074,140.00204278438827,0.023862316484707623,0.0002893534954304559,1.517353059158718,143.09771812745603,0.025670682501536264,0.0036158998322760073
processed_data_batch_86.npz,150,1.3888385829324874,142.76093336230508,0.02413804798016968,0.0036150015474565845,0.09920722666446677,2.1802145817675846,0.0008272603790749335,0.001085713248910663,0.9846541428846918,141.74048059332765,0.014272935455634172,0.003345350994919896,1.4895653755628668,169.07083377671654,0.024753948908474308,0.01678998529747967,150,1.388839973983869,142.76076314573163,0.02413804522006319,0.000899553950870273,0.09920775536767223,2.1783236660892316,0.0008265426435454812,0.0012685592685240167,0.9847566421611653,141.73543008471358,0.014281871705996993,0.0006283293680916534,1.4896121945081309,169.04821464412308,0.02475606698638832,0.016305404716120343,150,1.3888106318854416,142.78112193952563,0.024008740669435612,0.0006174589471620328,0.09893894695923945,2.1424243655870354,0.0008168715625675888,0.0010534918854315234,0.987770532701882,141.8002245638453,0.014266543309467439,0.00037735682159514085,1.4894216462626428,168.6247690901065,0.024644548087871455,0.01339745057267094,150,1.3948537715966849,142.4696837715772,0.025547442093944477,0.0018156260725819306,0.10010508106668779,2.17237126116529,0.0008259811817470419,0.0012324738879429585,0.9889820536810485,141.45084377948962,0.01570163863466169,0.001522370624814981,1.4967054083723739,168.67815769990034,0.02611469519929684,0.01677721015970726,150,1.3898437463165547,142.64850669435458,0.0242092745673693,0.0005426713726138728,0.09940646528887229,2.171172163468682,0.0008288731045868297,0.0011543608819611579,0.9864400316126015,141.58015810019933,0.014346057461150493,0.0002768663242472738,1.4906667868373402,168.8350166503254,0.024796420768053676,0.014545672873543783
processed_data_batch_87.npz,150,1.3929578686027526,142.4939521669019,0.024204418513509973,0.0035397660888692828,0.08625363306395259,0.31274961672133805,0.0001998715756136084,7.552442696773037e-05,1.0118148890190293,141.69480689665738,0.02372263102163618,0.003298281011918167,1.4883458589733947,143.2507193368537,0.02556662475268524,0.0036973895757042544,150,1.3929610238241978,142.49354827424202,0.02420458863736074,0.0008097315598646623,0.08625035761283957,0.3122915519374096,0.00019992519861790703,8.167863388229758e-05,1.011869129688736,141.69932913257625,0.023724353847076253,0.0006532800738559038,1.4883516531141172,143.24174881167747,0.02556893739316417,0.0012788000535802588,150,1.3929377453744645,142.51547640990464,0.024074333598826988,0.0005454577429357247,0.08609989297723251,0.31045367741650065,0.00019739682281636587,0.00010224602746689223,1.0120857993505028,141.67916288125386,0.023593401021736467,0.00036584688229812564,1.4884517707338683,143.21788543770091,0.025400866785990763,0.001169517816850441,150,1.398976321130206,142.2045107184707,0.025613622235127392,0.0017197812278659508,0.0871125178333617,0.31503950171855427,0.000199002055229913,8.222665398286651e-05,1.0151941759152154,141.4731772011947,0.02511749891878463,0.0015709634419625701,1.4956376664137654,142.9990392749599,0.026912143322858385,0.002054066238230263,150,1.393971323231505,142.38026282580907,0.024275254199189855,0.0004653392552675469,0.0864996713154712,0.3208679030915813,0.00020475663636796015,0.00010510085224351234,1.0117341681408574,141.56306534481658,0.02374568153457269,0.00031306914848130724,1.4896749288179891,143.27166739408275,0.02562310570254476,0.0010661599970825586
processed_data_batch_88.npz,150,1.395866342520541,142.53085355688273,0.024208348091795517,0.003597513968825636,0.08457437548228892,0.5905062880780592,0.000384814576809228,0.00047504392808015046,0.9884891705421835,140.9975109065914,0.021363426888567,0.0033229472200598425,1.487410538140549,148.6045702463283,0.02636118868931714,0.008763064432707256,150,1.3958647144743175,142.53105568688164,0.024208282034512064,0.0008929975578289786,0.08457495393181629,0.5921831012596814,0.0003847465354879637,0.000645552947559385,0.9884687597430253,141.0005120755076,0.02136271833657617,0.000643756509309496,1.4874473951387337,148.6293790550348,0.026359192372042914,0.007306389772328844,150,1.3958592142211232,142.55017699888833,0.02408047283123904,0.0006284352639353448,0.08440296742121411,0.5988634218055477,0.0003864327634767824,0.0006339927448628084,0.9891473373325689,140.97417831014462,0.021236716615714024,0.0003787422639839614,1.4875219027456277,148.7073480172252,0.026258954883286813,0.006610283842416216,150,1.4019100314257784,142.2407448236011,0.02561768081363721,0.0017906356533914636,0.08542382065538721,0.5949945154095581,0.00038165224262437747,0.0005882864688739687,0.9915108336592615,140.78316248923204,0.02275615820396433,0.0015720881934602594,1.4948239523852203,148.38800654506312,0.02776707465154741,0.007940557132393571,150,1.3968790765469856,142.41653518166973,0.024279751702683833,0.0005602738700414813,0.08477149872864265,0.5959667632350432,0.0003864561376652107,0.0006841098223245027,0.9885204103011918,140.9418921086983,0.021404268610413394,0.00031117679813962,1.488563763823674,148.57918886144117,0.026437434910381346,0.007299471177970344
processed_data_batch_89.npz,150,1.400895497684002,142.57537085508645,0.024148694845097858,0.0036407171960129905,0.0926459504921264,0.8602093128915597,0.0003866133982954808,0.0008608578098770791,0.8915525663146237,134.33298198930123,0.02112600181761637,0.0032582504137850642,1.503731373474042,147.97293353378316,0.025712109328127276,0.012995104782043479,150,1.4008988346569238,142.5749685853191,0.02414894077698461,0.0009262175006253463,0.0926481982396245,0.8593257874369294,0.00038669988269285165,0.0010680512584407883,0.8915373574479191,134.33809013313544,0.021120601657970837,0.0006153954500603663,1.5037419262724931,147.95985589464607,0.025709838732218892,0.012372524340835985,150,1.4008412324906057,142.5998046494236,0.024018003346366855,0.0006555769679242244,0.09251916984493438,0.8631223644381659,0.000385287069351054,0.0010396779250311692,0.891828892410534,134.2982063208797,0.021010361261044833,0.0003959906431888951,1.5035426436768824,147.96899149373206,0.02559280048639638,0.012040065014606551,150,1.4070236137698597,142.27899038455018,0.025561040227598072,0.0018262946456875384,0.09350964038668237,0.8555784524217386,0.00038470446444753743,0.0010042835008957647,0.8941902785094061,134.06527547587172,0.022538841791446454,0.001562844629929245,1.5112709210470978,147.6093630546354,0.02710514379476374,0.012591699219267822,150,1.4019130508739999,142.46374952212884,0.024217591203685516,0.0005811136814626939,0.09287010455676142,0.8623138863035972,0.0003914716347920298,0.001052215263858527,0.8915411704353966,134.2344105784067,0.021200996271702258,0.0003204040231080774,1.504547681517536,147.89485562478654,0.025812404900127314,0.012320175983124066
processed_data_batch_90.npz,150,1.3968978852498144,142.60301918549513,0.024237413272820876,0.00361748431801668,0.09155241670324003,1.0946034992288067,0.0005383498441449652,0.0007995694512470341,0.9274364584749273,141.72071960790979,0.018619228615765992,0.0032630211237058755,1.4941666744353075,155.42446606685695,0.02668174407133274,0.013223343183694185,150,1.396900914154799,142.60265973221902,0.024237628219771098,0.0009004565371124603,0.09155239261483054,1.0951124140812774,0.0005385847505339579,0.0009827329227883091,0.927411421754208,141.72056243830463,0.01861658823513317,0.0006534984909417572,1.4941619153769787,155.42860995242194,0.02668101570866741,0.01258462947839543,150,1.396862923870289,142.6247297344798,0.024108724526278543,0.0006206226925968833,0.09144560675469526,1.0808264382050252,0.0005244429901613606,0.0008220984557887391,0.9277175949430463,141.75877027619032,0.018665749702089403,0.0003805639606599809,1.493769951644547,155.28543529991651,0.026528535629798317,0.010232139487186749,150,1.4029690346922938,142.31140421619043,0.02564540400383017,0.0018083204844491921,0.09239249313413399,1.0979908002833443,0.0005410325398623276,0.000931643586081854,0.9302415589037857,141.39006345107538,0.01999031173757346,0.0015793374973229277,1.5015569034952652,155.16926381808247,0.02810611170592767,0.013007876854435161,150,1.3978775822366925,142.4955035200448,0.02430503139453575,0.0005495134290691129,0.09180289020999433,1.1449506945886543,0.0005683009312380614,0.0008316047459115512,0.9272600965972024,141.62140282360198,0.0182828345193564,0.00027347745446990376,1.495461310373511,155.9393151286794,0.026762065814681466,0.010269139988822144
processed_data_batch_91.npz,150,1.4003179688759735,142.53337360201118,0.024286162412272157,0.0035473429600022827,0.09037738531985456,0.31191339159022397,0.0001662071594984674,7.019040973215649e-05,0.9440678793403712,141.8259487427227,0.02356372768282554,0.003423212462521147,1.4987850467406605,143.49464239412615,0.024715399279895998,0.003903972000646173,150,1.4003167268650694,142.5335921279205,0.024285974485558654,0.0008098574158554259,0.09037938924976685,0.31215588486318346,0.00016648983237286963,9.72058578580515e-05,0.944035576737395,141.82226404376829,0.023566043688832274,0.0006705975496824556,1.498794298520933,143.49791026611743,0.024713992064896544,0.0016569122270277841,150,1.400265193266912,142.5576353531145,0.02415504201741315,0.0005420360907054706,0.09021752968229907,0.310249661876473,0.00016334609349043762,0.00010994057634316562,0.9443280128641467,141.82864996935245,0.023415402160133183,0.00040907689681060855,1.4985210257399462,143.5804067699979,0.024571284135411785,0.0014417996458117295,150,1.4064544113526134,142.23713175063642,0.025695620039742798,0.0017146498439175254,0.09125332463505338,0.3202859974632325,0.00016996293451855936,9.227805640489379e-05,0.9469781757538436,141.48519076763816,0.024982800904034652,0.0015636322607052817,1.5063535021165657,143.17024910942823,0.02612189428172646,0.002312444034649175,150,1.4013501140679196,142.4176993911634,0.024360211811199045,0.0004657162227670128,0.09059596686234789,0.32011562540663496,0.00017251382567826334,0.00012699286431019124,0.9443429561306824,141.69272194094478,0.023652842827629007,0.00027847117278347326,1.5002881645415485,143.39017812683477,0.02478283685305405,0.0015848140616767786
processed_data_batch_92.npz,150,1.396144859144531,142.4588445633319,0.02428280077109447,0.0036419657335031836,0.0848247457874415,1.7072820009534804,0.000727188795840863,0.001073115330184205,1.0352849328552332,141.1999104518086,0.016156803873108708,0.0032847390608482783,1.5040835413372438,162.82559215264374,0.027160390488960424,0.01645786700501266,150,1.3961452710508482,142.45877863359735,0.02428281064631804,0.0009331088813144963,0.08482066835349818,1.7083507021669735,0.000727872241306162,0.0012533879041996777,1.0353070614310869,141.19348434656453,0.016149364644591872,0.0006359107751134883,1.504129183818144,162.83680811492007,0.02716189188738982,0.015701798212453568,150,1.3961298103161421,142.47584567437264,0.024156093429376253,0.00063325346528338,0.08466101434515626,1.6610622803683497,0.0006927756183057721,0.0009878074712458028,1.0359701341560787,141.29947002330908,0.016483214917692137,0.00037899117205805494,1.5040505648769138,162.26591474300065,0.02702592731856574,0.011979979990995896,150,1.4021856989802488,142.17018302768207,0.0256883155260872,0.0018383879293483519,0.08564199987962517,1.702482565924908,0.0007306545643617283,0.0012132185632009144,1.0386872773852005,140.8282869563098,0.01752377614061256,0.0015753355801123622,1.5116043710445772,162.47541813551769,0.028600542879020828,0.016238674305580677,150,1.397100333707249,142.3529453944421,0.024351122872022155,0.0005897576444506455,0.08501234752138237,1.788633849419883,0.0007774160309838927,0.001217313319529378,1.0353319390931799,141.04065031183706,0.01558865925997854,0.0003000023550391831,1.5054458049524948,163.72337400435546,0.027276134563320825,0.014802206791644224
processed_data_batch_93.npz,150,1.3949748222916356,141.63784573928788,0.024323156579435838,0.003542286726574015,0.08087635385756832,0.3112481095454434,0.00015134112548348822,8.347893022498153e-05,1.1007679001478528,140.91038538491392,0.023974486906174795,0.0033802891700597,1.4973256460627071,142.5438321010369,0.024686708769069674,0.0037872117699804552,150,1.394969321974125,141.63851665072434,0.024322768304108996,0.0007943102718827436,0.08087623465253746,0.31088736632621733,0.00015124684534323907,7.093462034145783e-05,1.1007270013812445,140.90981239947902,0.023973369882873546,0.0006518170600903962,1.497382884272822,142.55028849010168,0.02468929699271841,0.00100347386711499,150,1.39492385432883,141.66337592757705,0.024190045510040246,0.0005222300290180519,0.08071941325895497,0.3073000765910624,0.0001492545341129422,7.54224054033257e-05,1.1011841613276774,140.99121975578234,0.023836312014715564,0.00033404828648736544,1.4977083363895503,142.55550415601707,0.02453844183153847,0.0007960326828046348,150,1.4009016070131013,141.35770067868896,0.025728516367772666,0.0017056538891466614,0.08166679713400128,0.31622596954167337,0.00015379885525678786,7.918506156504882e-05,1.104393681767041,140.58488549101452,0.025366650166458053,0.0015401333992454893,1.504811182714887,142.2564037778143,0.026125338951467746,0.0019275157699904586,150,1.3959700121988752,141.52815340951977,0.024392308083947756,0.0004554921576778668,0.08108795686710547,0.316124512524833,0.00015787067281500432,7.85650265086687e-05,1.101134534096644,140.83182045627203,0.024042016211410833,0.00028970589672925635,1.4981918743890097,142.42034445836117,0.024772658936749053,0.0006972658255818636
processed_data_batch_94.npz,150,1.394797187484743,140.65292925049678,0.024360477351751057,0.003727886342365312,0.07518540367060175,0.6790519700774246,0.0005451754833996172,0.0021345535178750796,1.1367903430248596,139.74517763205785,0.018781978747244077,0.0033695555077913235,1.489613685217639,148.02703907959355,0.027492937646437936,0.02957731595552573,150,1.3948006032323998,140.6525155921181,0.024360698953833325,0.00102015917653503,0.07518507374044496,0.6792126206457745,0.0005451951057018178,0.0023500861239187133,1.1368114545175956,139.74252551498535,0.0187821431598916,0.0006508533068751436,1.4896095661916944,148.02835845321874,0.02749194443803115,0.02932766903593075,150,1.3947357366496909,140.6814387874965,0.024224401739289345,0.0007404059180958088,0.07504588362554093,0.6624603231332582,0.0005372437636164111,0.002235803655794077,1.13710737913209,139.7554135758309,0.018777943866501928,0.00034451455864043656,1.4899601114772618,147.82126963691192,0.02739029239162167,0.02761108703591515,150,1.4006588809924991,140.37449432510874,0.025770319979477867,0.0019216874330814288,0.07593260528406148,0.6323211364798923,0.0005217858399665264,0.0022583750424531525,1.1405845814132365,139.5247173393652,0.020537557471765815,0.0015660016537314386,1.4969144238885455,147.05704455812815,0.028888113397264457,0.02919039946609579,150,1.3959384420731487,140.52535957532692,0.02443663191406038,0.000643666863441024,0.07542206090155869,0.4586145177195865,0.00042271944583623143,0.0018832887428695834,1.1367336175673937,139.6537038690166,0.020793214085021248,0.0002991038800786963,1.4910409287822162,144.59725317465063,0.0275701588436397,0.02314893332017
processed_data_batch_95.npz,150,1.3760536864865514,140.66565558526784,0.02455089631094837,0.0035312579577023466,0.09228680350084797,0.3056728466491783,0.0002723605526557826,0.00015980072906041933,1.0366170534990875,139.87130783085,0.02280669487653055,0.003318204021333728,1.4921550156439969,141.68507831272706,0.02677151826246135,0.004798284600708105,150,1.3760570923279067,140.66529091437337,0.024551064762075855,0.0008260519668264227,0.0922900386682439,0.30569612904707905,0.00027225404545161257,0.00027231771898345356,1.0366217354634308,139.86774237941307,0.02280864872633154,0.0006334197344999791,1.4921338804622961,141.6873423146348,0.026770498161049493,0.0033407194589473803,150,1.3760384235814225,140.68815349313292,0.024417363046273115,0.0005596585685671507,0.09208344896470111,0.30302700364845986,0.00027443778520382605,0.0002936972646128299,1.037311695161684,139.89033710179422,0.022660712989583193,0.00037479071463968386,1.4920001666544667,141.66487452476989,0.026693472451746067,0.0032892671499663646,150,1.3817315636018548,140.39899503011213,0.025950554922570822,0.0017459334408364143,0.09312473948620908,0.31273944836494416,0.0002706000205453547,0.00022399508569700334,1.039977060003882,139.60431646591186,0.024226514544108558,0.0015876300106168599,1.4992395662137823,141.4545997366259,0.028136086250086678,0.003591984659874339,150,1.3770121538635058,140.55980109778636,0.02461572973590887,0.0004871964471143965,0.092531607658443,0.30824661299931294,0.00027653884825714774,0.0002990049879486062,1.0368886303404385,139.7721902351677,0.02283350801093327,0.0002963405334305325,1.4931591718571284,141.55361243547057,0.026851145979436372,0.003261703902459621
processed_data_batch_96.npz,150,1.3942765923126095,141.7169849897028,0.024460842983254724,0.0035388864563619723,0.08284798949219534,0.3043245816932639,0.00017581310289899882,7.633325415686332e-05,1.0130005676354774,140.84500463451633,0.02407619362868407,0.0033528543333466838,1.4827062398550541,142.5659314914425,0.02536023420201652,0.003725768659073151,150,1.3942812118716745,141.7164309102652,0.024461149600455794,0.0008050419985307856,0.08284939260062789,0.30445062400649503,0.00017598323064278222,7.985768599469383e-05,1.0130239409363175,140.843843367165,0.024076462907047604,0.0006677548701168875,1.4827169885630682,142.5699050755824,0.02536479999506335,0.0012471416071596253,150,1.3942241430653401,141.74295244574648,0.024327533295699914,0.0005370735017180661,0.08269339225530703,0.30714832802527153,0.00017588662885543551,9.611241057099213e-05,1.013612410326416,140.874131749936,0.02393531324653631,0.00037719293485511,1.4825059121461472,142.54051898029445,0.02522737294402946,0.0010629935050789712,150,1.4002322411266432,141.43560014720643,0.025862363049478213,0.0017203991084041707,0.08365129975271884,0.3049422599483875,0.00017457684132000524,7.4084203109227e-05,1.0161897222915062,140.56257341676002,0.025468907284063588,0.0015701051745120698,1.4899637142878936,142.35645883511447,0.026715554685398733,0.001936083019708595,150,1.3952906769921936,141.6029640250135,0.024534037675417977,0.0004528781590432938,0.08304724191835923,0.3079783521877178,0.0001764528788303309,0.0001006659302453697,1.0130961842284871,140.70229851661688,0.024141510699564057,0.00027976420972134164,1.4838012743366136,142.4870347679426,0.025364852660225083,0.0009800017461469546
processed_data_batch_97.npz,150,1.3859423369685862,142.38059926542468,0.024303975522927224,0.0035434353766870172,0.10038534095014551,0.2940016179845957,0.00015798662838148063,7.931292561898486e-05,1.065508943273324,141.49412631543984,0.023921351196948534,0.003366928753935094,1.4876644084535828,143.0764304891285,0.024737430009974307,0.0037055523877186415,150,1.3859426878489354,142.38045955988574,0.024304096137571028,0.0008018104207093301,0.10038017551055253,0.29406326123664955,0.0001580019020031245,6.994213668869192e-05,1.0654803348512174,141.48933206865868,0.02392075032754279,0.0006639412523318885,1.4876262232746933,143.07503452540314,0.024740783586178205,0.0010665817588868362,150,1.3859514822231886,142.39859148724096,0.024175597887173775,0.0005308763183588981,0.10018574877446126,0.29737348190356994,0.00015797526931328492,7.894077247330094e-05,1.0662148020933,141.46090009697494,0.02381088951519906,0.0004072107388824271,1.487904177523375,143.12419008113866,0.0246144387511302,0.0008861484664884426,150,1.391938491314499,142.09040667292558,0.025712618609707395,0.0017217648828478582,0.10139790367840001,0.2982768487599272,0.00015883971395132127,8.47830362416319e-05,1.0688826663147752,141.27587193515265,0.025325618037826386,0.0015554924905253815,1.494957617819334,142.78929292877342,0.026122343574076178,0.0019307075054968111,150,1.3869183433576098,142.27130101715957,0.02437115587150907,0.0004588148544031118,0.10065737269318886,0.29692369959632864,0.00016225407829750162,9.48539739527085e-05,1.0658350390631135,141.43391044089768,0.02391256442162455,0.0003113749936465097,1.4888713228250905,142.99670482371044,0.02484479354422639,0.0008545839393205319
processed_data_batch_98.npz,150,1.3986640838961952,142.57363832294743,0.024155075389342074,0.0035817396846281727,0.087178562374789,0.31675806235651477,0.00042303066474400384,0.0003414679123273928,1.0061304151656212,141.3200281701024,0.019693831570472633,0.003355927853433298,1.4953112278668392,143.22433155224678,0.02525854955860596,0.00742542230979202,150,1.3986633253190446,142.57373604990192,0.02415509474798153,0.0008522839272142824,0.08718305305770627,0.3166438864738698,0.00042317181784137195,0.0005024883449825146,1.0061254986407788,141.31888235915835,0.019695293181866785,0.0006433168520007336,1.4953017875870989,143.21676308495628,0.025261551805284596,0.006610090717274726,150,1.3986372273065215,142.5937449873787,0.024027165052847934,0.0005751644025647294,0.08701854959462033,0.31770542335947854,0.00042578065046487636,0.0005126787807445715,1.0067097656209885,141.3345855075939,0.01952858071354619,0.0003813492471796313,1.495423766560826,143.19887217351538,0.025130700804732092,0.0065333872613197305,150,1.4047532475762503,142.2802557727876,0.025566470949615665,0.001761398512951727,0.08806522871266219,0.32059590729238907,0.0004228027060267149,0.00046187221844985033,1.0093227893184715,141.0716193263324,0.021113894723532246,0.0015375020320983516,1.502774952426371,142.89864745286198,0.02662831702740809,0.007047677653854757,150,1.399658956601002,142.46358409058857,0.02422431736495104,0.0005111253226513805,0.08738831845452404,0.31894100229687744,0.0004260287544425027,0.0005195355928471222,1.0063597495910135,141.31924819412063,0.019741035642703342,0.0002985375633559869,1.4961239876430819,143.16090793568367,0.02530259772764429,0.006342635915892918
processed_data_batch_99.npz,150,1.381992819245172,142.59717627687985,0.024172629421383488,0.0035428255528856564,0.09666994206106692,0.2749767112796857,0.00019182040399220638,0.00020570219672050118,0.9951538615962998,141.84111918268587,0.023469479212705247,0.0032804609291691407,1.4896644435693203,144.04371055643892,0.02537630449624628,0.0058674731388580195,150,1.381991572615327,142.5973449515038,0.024172596422326168,0.0008221405597785349,0.09667411065484774,0.2755290113868084,0.00019111729523372173,0.0002762748520675621,0.9951241068487713,141.83370839644815,0.02347318635369392,0.0006493143432364641,1.4896858993219178,144.05826616955974,0.025368628115162082,0.00404568191654669,150,1.3820270491033488,142.61046691034028,0.0240476658302734,0.0005475835382917025,0.09648337447573442,0.27700120256552146,0.00019123038426695728,0.00028272299727414646,0.9955987752268768,141.85977371632012,0.023350020267748284,0.0003678773824906218,1.4892694101637336,144.0682957916411,0.025247625512432332,0.003803340648540149,150,1.3879174254329114,142.31116843325077,0.0255815980623745,0.0017437834993819464,0.09761228394063286,0.2881466020019377,0.0001930129693408722,0.0002669165153220404,0.9983352241599655,141.4957045885005,0.02494655128368683,0.0015704263018092956,1.4970790934742835,143.8294986728995,0.026751070168924602,0.0048226036156682785,150,1.382955693720922,142.48838956423998,0.02424028861396597,0.00048039186256378856,0.0969404579363148,0.28622476706826944,0.00019213250626483054,0.00029582170136715336,0.995047581890118,141.66384296791995,0.023562409402908168,0.0003102746075314029,1.4908816122822957,144.16939862352277,0.02531952336565221,0.0038957748874692837
processed_data_batch_100.npz,150,1.3916152736503806,142.43628373958498,0.024223623354211802,0.0036147062043589305,0.08462422785311294,1.13152795919065,0.00019022889522175108,0.0009162005637947103,0.9867616280655297,129.21549806310372,0.0234194711159561,0.0033342922036190222,1.5133111429583828,143.41479677276672,0.02531306051428418,0.014727553418403223,150,1.3916138571627388,142.436358652338,0.024223719639230683,0.0008897111353885026,0.08462293897230512,1.1312197080206026,0.00019003046258125333,0.0010930821254338536,0.9868029402616932,129.21910960839452,0.02341914716337392,0.0005755501499361826,1.5132728124876293,143.42385576353064,0.02531124337553805,0.014164021127858391,150,1.391587574249591,142.4568340195796,0.024095685253750946,0.0006196450339338378,0.08446136077468246,1.1554170966810504,0.00019847292336907835,0.0010239954562611244,0.987049962278536,128.94349847294106,0.02328186637112537,0.0003232157205176953,1.5138445844661763,143.43206873178042,0.025395921539702604,0.013037115353512138,150,1.3975963436697387,142.15033147906144,0.02563075556058033,0.0017988748032949182,0.08546564887681057,1.1405196081568307,0.00019478171108949807,0.0010325094947023865,0.9898639232025325,128.8049230882829,0.024851493525467224,0.0015294690678640866,1.520745359160406,143.05464173084465,0.026803227787432268,0.014327644380325723,150,1.3926539053958282,142.3202275632864,0.024293506846462136,0.0005585433086618055,0.084889734533861,1.154821272418028,0.00019954343666012814,0.0011439590354518142,0.9870460408687164,128.81684655762677,0.023529074222226627,0.0002631049346969949,1.5181287200189464,143.28932572831852,0.0254805683254909,0.014434749098902105
processed_data_batch_101.npz,150,1.3902081121240215,142.54830562530904,0.024222350682912203,0.003621893452506947,0.0907252765981541,0.6755926753238835,0.000445594147045745,0.0005100842634180661,1.0372564250421248,137.80336312504753,0.021048956261772826,0.003315617008686485,1.5235371716404709,148.19441995431202,0.027016783211912043,0.007301778346526658,150,1.3902089012737668,142.54820595074543,0.02422246400925601,0.0009266012257905667,0.09072878378385738,0.6749847284177609,0.0004449473823172224,0.000727505951671103,1.037220757024378,137.80223888939196,0.02105221534817369,0.0006513572818364625,1.5235476372713204,148.1828270210713,0.027012046610253776,0.0059011019301515675,150,1.390181365559127,142.56853462567145,0.024093256303639596,0.0006478018808939366,0.09052325954336082,0.6759116676304645,0.000446659210832311,0.0006660131636874559,1.03809956002125,137.7075881548662,0.02087573110925673,0.0003916803832364912,1.5236401519252774,148.12977155290045,0.0269055774134677,0.005225810534150023,150,1.3962030401317835,142.2605279389153,0.025629844243549763,0.001829640862284527,0.09162324893799269,0.6742882764327308,0.0004422768117061617,0.0006556715951473265,1.0405369728950307,137.379346054207,0.022470941453683658,0.0015636302507825634,1.5313984864891772,147.7747366640993,0.028459507224415904,0.006439133252911161,150,1.3911804824834892,142.43918641748851,0.024290092612220034,0.0005878230280051749,0.09092671908971031,0.7046466644998821,0.0004553521428536457,0.0007205334087130806,1.037538761904723,137.58624831586542,0.021125269259696478,0.00029273833395285085,1.5256056166819143,148.50151015392962,0.027110656637687247,0.005769649029215726
