filename,Raw_successful_fits,Raw_I0_mean,Raw_Tau_mean,Raw_B_mean,Raw_Residuals_Std_mean,Raw_I0_std,Raw_Tau_std,Raw_B_std,Raw_Residuals_Std_std,Raw_I0_min,Raw_Tau_min,Raw_B_min,Raw_Residuals_Std_min,Raw_I0_max,Raw_Tau_max,Raw_B_max,Raw_Residuals_Std_max,Savitzky-Golay_successful_fits,Savitzky-Golay_I0_mean,Savitzky-Golay_Tau_mean,Savitzky-Golay_B_mean,Savitzky-Golay_Residuals_Std_mean,Savitzky-Golay_I0_std,Savitzky-Golay_Tau_std,Savitzky-Golay_B_std,Savitzky-Golay_Residuals_Std_std,Savitzky-Golay_I0_min,Savitzky-Golay_Tau_min,Savitzky-Golay_B_min,Savitzky-Golay_Residuals_Std_min,Savitzky-Golay_I0_max,Savitzky-Golay_Tau_max,Savitzky-Golay_B_max,Savitzky-Golay_Residuals_Std_max,SimpleRNN_successful_fits,SimpleRNN_I0_mean,SimpleRNN_Tau_mean,SimpleRNN_B_mean,SimpleRNN_Residuals_Std_mean,SimpleRNN_I0_std,SimpleRNN_Tau_std,SimpleRNN_B_std,SimpleRNN_Residuals_Std_std,SimpleRNN_I0_min,SimpleRNN_Tau_min,SimpleRNN_B_min,SimpleRNN_Residuals_Std_min,SimpleRNN_I0_max,SimpleRNN_Tau_max,SimpleRNN_B_max,SimpleRNN_Residuals_Std_max,improvedrnn_successful_fits,improvedrnn_I0_mean,improvedrnn_Tau_mean,improvedrnn_B_mean,improvedrnn_Residuals_Std_mean,improvedrnn_I0_std,improvedrnn_Tau_std,improvedrnn_B_std,improvedrnn_Residuals_Std_std,improvedrnn_I0_min,improvedrnn_Tau_min,improvedrnn_B_min,improvedrnn_Residuals_Std_min,improvedrnn_I0_max,improvedrnn_Tau_max,improvedrnn_B_max,improvedrnn_Residuals_Std_max,CONV_successful_fits,CONV_I0_mean,CONV_Tau_mean,CONV_B_mean,CONV_Residuals_Std_mean,CONV_I0_std,CONV_Tau_std,CONV_B_std,CONV_Residuals_Std_std,CONV_I0_min,CONV_Tau_min,CONV_B_min,CONV_Residuals_Std_min,CONV_I0_max,CONV_Tau_max,CONV_B_max,CONV_Residuals_Std_max
processed_data_batch_1.npz,150,1.4052737922978615,142.36316706551082,0.02419155614212141,0.003544633367288504,0.0747555431542212,0.3030425515308944,0.00016818076255282308,7.216262095275e-05,1.1713014351521478,141.5364812980874,0.02374540554078091,0.0033226035435471785,1.5148894940096445,142.99017680379788,0.02464437270072408,0.0037156406472950185,150,1.4052747060724868,142.36307943192932,0.024191520055853843,0.0007990765399276457,0.07475295714634753,0.3032145154200416,0.0001683170190051887,8.015958277334448e-05,1.1712963603558533,141.53961416413716,0.023743799214303196,0.0006597058445238612,1.5148632927247354,142.9923362914496,0.024647230251365882,0.0011470410242648476,150,1.40561244721158,142.34801542006215,0.024194541971778685,0.0004771410632891913,0.07477262227923408,0.30208776088959927,0.0001675627043296145,7.811031135483045e-05,1.171687076755228,141.52475457976539,0.023788633001880524,0.0003462324124707943,1.5151434243312072,142.97664086679546,0.02465843663459198,0.0008112443229499921,150,1.405251000570516,142.36599439824232,0.024217945548292413,0.0005646709299259784,0.0747628602658038,0.3031053170341515,0.00016741686085340924,9.119018448092839e-05,1.1712518951923065,141.54179099437886,0.023765551295063893,0.00038979601116218785,1.514865264165766,143.00125203490597,0.024668826492783524,0.000978991107555136,150,1.4063192549765207,142.2476835690139,0.024262781607811906,0.0004470759302465819,0.0749496454024498,0.31224336544553577,0.00017506524517369145,9.683839342227753e-05,1.1718484491225916,141.40359624067642,0.023815847725740143,0.0002840625160707459,1.5158928065216304,142.92270363181393,0.02473106043655635,0.0008674320658201433
processed_data_batch_2.npz,150,1.3594140123933396,142.52423963617144,0.02422457003969164,0.003518189282551686,0.1167331383816721,0.2356989219171173,0.0001417263222056428,7.599004986676966e-05,0.917666266156077,141.89066113833954,0.02384786662638283,0.0033385212911822876,1.4873085688356,143.06529449030967,0.02464335888919081,0.0037346021736700034,150,1.3594173228392614,142.52380609922824,0.02422478149158798,0.0007835707239102352,0.11673182986721742,0.23613784494840084,0.0001419072993705387,6.518068903473748e-05,0.9176582887049368,141.88616149169866,0.02384602374401305,0.0006479407891133746,1.4873050579291562,143.06874511096544,0.02464775468002379,0.0009689299210761365,150,1.3597737017504548,142.50560452327045,0.024227321742277895,0.00045948489825199944,0.11678189222426542,0.23048453386383547,0.0001393593143890742,7.473181148955588e-05,0.9177703758650494,141.86780676127822,0.023865462214691678,0.0003284532357226605,1.4871681586524292,143.0207993657848,0.024642094924552656,0.0007246079216482174,150,1.3593867298277713,142.52835863990524,0.024249205571829757,0.0005437229259177823,0.1167391653159792,0.23469452994061715,0.00014091004102101986,7.940017971057484e-05,0.9176671850577244,141.8895633406864,0.023874718686049724,0.00036157087698132303,1.4872581420953144,143.06335725046355,0.024670416013747018,0.0007862503308307175,150,1.3603174417828277,142.42068299883488,0.024289566779511534,0.00043558670867930693,0.11702055866284211,0.22975058069369025,0.00014271219171834484,7.304332559490824e-05,0.9174374971722318,141.78516395956663,0.02387309438841775,0.0003051453089535685,1.4882765937174967,142.96329623473187,0.024675804054815263,0.0006812189855978186
processed_data_batch_3.npz,150,1.3925137926173887,142.45814100943346,0.024262871196414373,0.0035287644411877823,0.08366416816928202,0.2621940441880396,0.00015163981614141177,7.359258328103112e-05,1.0162219626998,141.7994196248739,0.02375275200269579,0.0033537390133380504,1.4945386903392504,143.29200447745393,0.024664393546013377,0.003714902082853915,150,1.392515832200952,142.45777332721008,0.024263308864489557,0.0007988464408727247,0.08366616005447433,0.26204093469631207,0.00015162502816246779,6.09705962515604e-05,1.0162256797797304,141.79703156667364,0.023753491865168768,0.0006623673219333244,1.4945659115665946,143.29181788111018,0.024666602628879004,0.001024145959297877,150,1.3928739053783106,142.4401162045921,0.024267094137473133,0.0004880306582577506,0.0837180513769533,0.256636499764011,0.00014969374739797137,7.170437545797076e-05,1.016632901678687,141.81030397444022,0.023789052706838267,0.00033444012005590465,1.4950413805919895,143.24350419946438,0.02464941082731,0.0007292517638975741,150,1.3924889986480964,142.4612479067887,0.02428905918571553,0.0005676258112367167,0.08367521902835351,0.2612033499765199,0.0001516088942973648,7.260400255303469e-05,1.0162196332997486,141.80904156094073,0.023791211073057043,0.00043184089908658617,1.4945240631644063,143.2848171469265,0.024689323831015846,0.0007957075566186163,150,1.3934972459248813,142.34823680972457,0.024331201393348507,0.0004636478596412965,0.08388017798522729,0.2624421086066988,0.00015548237491483372,8.514145674067525e-05,1.0163791340342696,141.6499591828005,0.023839473475573653,0.0003035726305570021,1.4959251410831786,143.16837392626627,0.0247862892935872,0.0007518876871822526
processed_data_batch_4.npz,150,1.4092489422131114,142.3242517331518,0.024278065028988275,0.0035285334525178244,0.07719088311543729,0.29572195675097857,0.00014644707135338822,7.157027665453547e-05,1.0350145167037161,141.56270020013633,0.023972470562524394,0.0033083915696344814,1.4854035429444081,142.9636689217391,0.024720287232869346,0.003698235849007862,150,1.4092557364033538,142.3234632852253,0.02427846317205365,0.0008020926773545554,0.07719205416533831,0.29640779498255815,0.0001469175597564695,6.947589083984271e-05,1.0349842680707633,141.5584916148537,0.023970192633900413,0.0006548155566446492,1.4854712310211518,142.96213592077186,0.024721908076968238,0.0009954927120665788,150,1.4096012883115134,142.3072407827136,0.024282872405740154,0.00048258353562805815,0.07723405359684622,0.28963409995273,0.00014194493129572407,6.95206863128917e-05,1.035267109986484,141.55822446999176,0.023954562021382235,0.00035624733762368126,1.4856570750328428,142.94189982193234,0.024726337045683725,0.0006857653933571523,150,1.4092251468474364,142.32710642159142,0.024304949019959575,0.0005671399317931455,0.07719915147527229,0.2946685986681342,0.00014572923995876495,7.953656086814799e-05,1.0349839053494778,141.56728564301645,0.02399858645837236,0.00040623935990056196,1.485331371342711,142.96875743987326,0.024732869410115887,0.0007934830625023759,150,1.410290348467176,142.20920978636724,0.024350966587043773,0.00045984605531748825,0.0773811028608975,0.30614500227936875,0.0001535449498322046,8.864510884501907e-05,1.035300958365077,141.4230621515948,0.024009904379252444,0.0002926232055840864,1.4865439659711672,142.89703187012088,0.024827779819907074,0.0007857378737057724
processed_data_batch_5.npz,150,1.3724671551357168,142.37252379381874,0.024382986796831433,0.0035307122201112392,0.11578966644925444,0.23080089477060148,0.00015475747525416707,8.281116678715224e-05,0.941947853780701,141.81658368139645,0.023991634821075893,0.003320835375194702,1.4964454066012005,142.95767043519325,0.024754424649131603,0.003731228245395946,150,1.3724684996817458,142.3724106920655,0.024383054195215116,0.0007923386297731979,0.11579290194001693,0.23083436701537663,0.0001545866452860027,6.787862657627241e-05,0.9419442724693017,141.81606182414012,0.024000264956298322,0.0006262243768922237,1.4964729473151646,142.95742983040472,0.024753004836986166,0.0010159613433145358,150,1.3728095226831443,142.35843997780626,0.024383305721929857,0.00047484469849060426,0.1158262043532392,0.22863521172562126,0.0001546149658186582,7.672740238940673e-05,0.9420019709904102,141.7923425168187,0.02403334047826301,0.00031667319296542213,1.4969333636611148,142.96422317921238,0.024783034213676905,0.0007477825857585786,150,1.3724425064458143,142.37662143955126,0.02440752359118883,0.0005557602174353165,0.11579868497796343,0.23014857445259748,0.00015453880648456442,8.290357768935818e-05,0.9419272489092074,141.82155758147277,0.024023927762932485,0.0003397972306695967,1.496460513272273,142.9660875001029,0.024790255848935752,0.0008454787934078688,150,1.3734051287035578,142.2671370760687,0.024448462042055183,0.000446434779214322,0.11609779318195441,0.2230164516989234,0.00015455881660299018,8.959799839616306e-05,0.9418762947798763,141.75340633623676,0.02405871861476507,0.00027470648488268033,1.49759530123732,142.83600491426466,0.024805909708808645,0.0007834456267056925
processed_data_batch_6.npz,150,1.4011971639025023,142.31264943409894,0.024370771006896372,0.00353507235824059,0.08632918806034881,0.2903926263852952,0.00016162233223854588,7.402912420858454e-05,1.0386803066585883,141.41565565576389,0.023878121959637774,0.0033202915295264855,1.4968309547129273,142.97964022462506,0.024719655315845187,0.0037267210588607163,150,1.4012012833125014,142.3121647662082,0.024371074026377747,0.0007959027085425613,0.08633182437194424,0.2904724836384833,0.00016188538484881285,6.9967685979729e-05,1.0386166983482639,141.4188475396401,0.023873917837456564,0.0006089059838615414,1.496834893502814,142.97995177201872,0.02471946473628956,0.0010039702726833434,150,1.4015574095011505,142.29670812293352,0.024373173426671883,0.0004812404678399614,0.08635616581163269,0.2855137300468088,0.0001575269936654017,7.45721829949171e-05,1.0392660802840237,141.41702019188932,0.023893829629398733,0.0003250374619152901,1.4973299884104372,142.9537478736684,0.024713854422597836,0.0006790221347609986,150,1.4011731776438674,142.3162098559691,0.024395910267918694,0.0005648514008053377,0.08634055191556775,0.28946802173421216,0.000160954862665477,8.253100547689079e-05,1.0386924378872908,141.41748615150968,0.02390639125150393,0.00038567834087208693,1.496819544245017,142.9879257762242,0.024745288102015067,0.0007702322897919537,150,1.4022125118857984,142.19894440062504,0.024442217594342865,0.0004594799522199438,0.08655829527998168,0.2959810054377479,0.0001667933716640075,8.751124205911138e-05,1.0389581901511256,141.25194057520562,0.02397767599227797,0.0003056706237068187,1.4979345166260918,142.89638186049478,0.024835052853819393,0.0007394174050437132
processed_data_batch_7.npz,150,1.4135792751114484,142.45861957845403,0.024299284306643985,0.0035483969992552225,0.07099013506833196,0.2387565404514008,0.00014030031732136132,7.137636667091333e-05,1.0864154342887178,141.8309082909474,0.023968449223699756,0.003404742953186547,1.490059369397032,143.20497081658925,0.024631479911468405,0.0037371733866645635,150,1.413580732115279,142.45839188448818,0.0242994934217872,0.0007930342025265431,0.07099002292830212,0.23896622149511837,0.00014052580485030518,6.843750446330648e-05,1.086346161745866,141.82777681540477,0.02396952439803871,0.0006540077144972923,1.4900797995621795,143.20935320673445,0.024630353081329746,0.0009760887210684224,150,1.4139226638940192,142.44352353915954,0.024301964361282243,0.0004781246640344939,0.07101887633724535,0.2363991188535726,0.00013889740810620402,7.781196063634473e-05,1.0867632520058197,141.8473993201944,0.02397910953546767,0.0003389639285014412,1.4903368610276198,143.19211135051165,0.024650841655061848,0.0007184327472035846,150,1.413556657274905,142.46150691502473,0.024325102202603147,0.0005590566139710834,0.07099998751807016,0.2386215883924271,0.00013942787356531827,8.332696967951828e-05,1.0864081373888825,141.83773020436803,0.02399362939855056,0.0003910332772376188,1.4900581913006372,143.2125852770091,0.024649857185008783,0.0008168854588198701,150,1.4146318103157587,142.34099526420633,0.02437439356687591,0.0004508221668376657,0.07117399876390362,0.24331165218124476,0.00014517997755303838,9.024654292038235e-05,1.0865792093194502,141.69989768269775,0.02403625480101117,0.0002823327976540859,1.491426186290011,143.11585040344156,0.024748819334689292,0.0007883791817730888
processed_data_batch_8.npz,150,1.4154447324722097,142.30568216695596,0.024256493698201403,0.00355518073281089,0.06663639916582985,0.3170573377549558,0.0001577349836378711,6.828070010687773e-05,1.1065723866713988,141.53550599480556,0.023778255265466577,0.0033745604406259155,1.5021363541594717,143.19441158337676,0.0246931402882982,0.003703969827029584,150,1.4154479318239823,142.3052470628269,0.024256798925005665,0.0008083230725940036,0.06663435360777023,0.3171109756536859,0.00015793293326172328,7.707503291674317e-05,1.10656616452733,141.53950640582548,0.023773414795237806,0.0006522903787366935,1.5021237942252632,143.19893656534626,0.024697319661786152,0.0010675649344299666,150,1.4157762669445433,142.29141835376822,0.024258943792733762,0.0004946068801384279,0.06665879265513479,0.3185780171899091,0.00015834402795323463,8.689434725531258e-05,1.106885309531757,141.50667100225675,0.023794726040117918,0.00033316376625959677,1.5027085992662315,143.16646512015043,0.02469458209107652,0.0007656971432690187,150,1.415420849900404,142.30877174413482,0.024282280248175716,0.0005786080678380949,0.06664392504779634,0.31643201622153067,0.0001574145832560211,9.21359964506819e-05,1.106525259514229,141.53393713997065,0.023807363881541893,0.00041115356167501253,1.5021516693869592,143.19276416073933,0.02471373600250083,0.0008524600378141536,150,1.4165010093349695,142.18973577823547,0.024329040474585898,0.00046793965417155634,0.06678964219543863,0.3230137458185626,0.00016237635923306782,8.876458132419678e-05,1.1071179627013206,141.3838877378751,0.023870927513052295,0.00029705944664579426,1.5031733451106704,143.0736609856222,0.024809826751111857,0.0007684564812773713
processed_data_batch_9.npz,150,1.4197458976157913,142.434827758835,0.024202864309866064,0.0038265658246651596,0.06618659676390196,1.7905568693339768,0.0012074625460570792,0.0021551500629591867,1.1735876340482727,141.38219175950732,0.01085613329975933,0.0033509991815137774,1.6321629763157806,163.09973639080076,0.027482245021355805,0.027724062885665077,150,1.4197499127337752,142.43430046601998,0.02420330615527675,0.0011506238463708815,0.06619742319314087,1.7876709079369912,0.0012056334242225377,0.00241835575176912,1.1736010062485114,141.38052252234806,0.010881038224040542,0.0006849666187652969,1.6324621153715688,163.06270559704922,0.027487587562209443,0.027329058500111504,150,1.420111594183324,142.41779313026908,0.024206436977069656,0.0008235057301306206,0.06625510589902572,1.7651306988276592,0.0011875580259690923,0.002327716227041347,1.173917360016952,141.35786323559157,0.011092623087539662,0.00032101021244000996,1.6344490761244685,162.78458596523507,0.027477040109482192,0.026122398212967766,150,1.4197377242900777,142.4370251454951,0.02422925759586938,0.0009258255518859679,0.06623877367892463,1.7799002788478915,0.0012014101424025318,0.0024340426093894655,1.1734811947470278,141.39003155585218,0.010946938674220433,0.0003901105613525524,1.633416012330755,162.98496504894985,0.027514807290487053,0.027255150579595402,150,1.4210134279703874,142.29485900462595,0.024290393131621634,0.0007614457144217183,0.06697299365142464,1.6434868574790953,0.0011183731720319464,0.0020631119038298958,1.173858098505717,141.24927510689926,0.011871274097343539,0.00031177136185120196,1.6487694225309424,161.39936321115098,0.027540623966051715,0.02411682156902492
processed_data_batch_10.npz,150,1.4020795972960545,142.06635467872943,0.024408816362866237,0.003814429570019658,0.09868390083890954,2.1684624284141836,0.0010339818711888086,0.0018568560259718747,0.9819716424663799,121.73412066383302,0.021858223790094826,0.0033198620685991075,1.4938941223471067,145.7257699245781,0.03240283369896617,0.022899800976935912,150,1.4020823663829112,142.06599788888659,0.024409083714314075,0.001161200684358315,0.09868749985283096,2.167827345230458,0.0010341679600500678,0.0021503805146194676,0.981936541017841,121.75532385467355,0.02185948608160113,0.0006636575720209164,1.4939134321719085,145.71131196955628,0.03241196116636981,0.022584850153125557,150,1.4024154244536196,142.0555553495201,0.02440805362982581,0.0008302603765107602,0.09873012248255197,2.146168815430692,0.001023041310888409,0.0019898763648439795,0.982146673057257,122.12994524848789,0.021895419258216604,0.00032904036231997676,1.4945126777619808,145.87227274222903,0.032400388631107876,0.021110333050758795,150,1.402046393333635,142.07063737839027,0.024434580528155617,0.0009350018665324329,0.0986997026015055,2.1671407636437543,0.0010332991410879208,0.0021617885201099395,0.9819490402994874,121.68174349607791,0.021882424244954568,0.0003890367463494303,1.4939435839222865,145.79282298422882,0.0323736768383324,0.022390314445994982,150,1.403018999968973,141.96329895077628,0.024472892910583396,0.0008181265490417893,0.09899375917154166,2.1176314553856725,0.0009961024132075524,0.0019541499882304416,0.9822435123402188,120.93253275737258,0.02194709647240206,0.00030776096325291663,1.4951675980991348,145.59434757960668,0.0315098654599243,0.01934541241936511
processed_data_batch_11.npz,150,1.365871943925651,142.39918425127814,0.02429943471452045,0.0035265519665048555,0.11397599424109299,0.24532484849448385,0.00014312156955479662,8.33463598993415e-05,0.9711266092248576,141.82871535139424,0.023930474909949814,0.0033207550389437886,1.497655437868089,143.0224969074771,0.02466052205993587,0.0037249783136334568,150,1.3658755822839732,142.39876663659996,0.024299720472764883,0.0008027470823971305,0.1139801391899256,0.24521231882977498,0.00014337267719990887,7.433476484311111e-05,0.9711326097991199,141.8277943537478,0.023930561968813654,0.0006536225475352442,1.4976450752402772,143.02270179998965,0.024661599128618344,0.0010249937934114755,150,1.3662432142848184,142.38145797176452,0.0243025447106848,0.0004848532044364342,0.11401467844221892,0.2433311411705534,0.0001422618094106502,8.115379012762282e-05,0.9714644529310704,141.81408282067702,0.023953898576856147,0.00031071853084194476,1.4980009153713554,142.9890081951722,0.02467607330311053,0.0008037193487957083,150,1.3658461938401334,142.4024529511666,0.024325875298267564,0.0005630488722234677,0.11398367133016807,0.24454784848575314,0.00014268088667653263,8.830175264912484e-05,0.9711201063973405,141.82937889968477,0.023954635314934965,0.00038024216595382,1.4976571398632588,143.02191443318475,0.02469363309313538,0.0008386503222617917,150,1.3668064960589665,142.29162917382482,0.024367252542664697,0.0004558834796824625,0.1142472548428219,0.2380350891368041,0.00014651453212193399,8.823590076917034e-05,0.97110361656493,141.72564877964157,0.024018151903120424,0.0003058787700329444,1.4987620319241095,142.85440276666128,0.024729015797430923,0.0008555124164506892
processed_data_batch_12.npz,150,1.3854055660529987,142.51177926133926,0.024271024786126538,0.0035181971956627727,0.10623386438950923,0.24027466079347243,0.00014377436008988315,7.921792190560733e-05,0.9253946615095675,141.87974006224593,0.024003409440231285,0.0032955451202925238,1.5003084658808108,142.9849255855279,0.02466637391834753,0.0037637557862525424,150,1.3854113737486988,142.51102871025242,0.024271446797753202,0.0007943913103064756,0.10623325202997165,0.2402414167371058,0.00014388506119345675,7.449527125308932e-05,0.9253868570431252,141.88062728580113,0.024003099319984147,0.000648022493175686,1.5003709898662443,142.9780910516577,0.024669081458859408,0.0011575872327238912,150,1.3857266093450942,142.4993011749545,0.02427126264005179,0.00047668159063329993,0.10628807852375416,0.24179818605073203,0.00014383008598812722,8.054126532837625e-05,0.92547342322596,141.83274144686965,0.023985007346266927,0.00034059048241483696,1.5010192906627988,142.96364034938622,0.024683266965267844,0.0008426660397856787,150,1.3853801043301701,142.51514352281131,0.024296485019025642,0.0005545861278736679,0.10624325370357007,0.23965455030536273,0.00014366006947523827,9.157060360090649e-05,0.9254046629403008,141.87958761224897,0.024027554949336862,0.0003707529156400951,1.5002949801480363,142.98101156631796,0.024694046026458215,0.0009819780341986432,150,1.3863738492237272,142.40395432938098,0.024338780669644962,0.00043674262098187855,0.10650177325677714,0.24056252547145576,0.0001478278238648983,9.078068968023748e-05,0.9253029227304451,141.7736063058636,0.024053918461091815,0.00027954923329432437,1.501455337256,142.89052773156078,0.024751989361758868,0.001026103879293585
processed_data_batch_13.npz,150,1.411412669405671,142.3537387660272,0.024238708672004235,0.003542859354812619,0.08033259739640372,0.2813620394298131,0.00015476610092645402,7.506119876616429e-05,1.0857279610706276,141.6830990189206,0.023784343019641586,0.0033633800946244797,1.5010244063441063,142.9864730012787,0.024627008403206925,0.0037254276221730756,150,1.4114172525652229,142.35316284646672,0.024239088681406794,0.0008099851235795874,0.08033313210217001,0.28130262135283846,0.0001548923788066763,7.557112260824863e-05,1.0857173177959099,141.67741630658136,0.02378143430902192,0.0006114405718561645,1.500985496917869,142.98023515977238,0.024629198012935435,0.0010771815731955405,150,1.4117825974397913,142.33510159568579,0.024243699262130172,0.0004952931658669362,0.0803934597422734,0.2801496680219015,0.00015382665408317255,8.298290798702575e-05,1.0858313716886525,141.71577491834188,0.023841194008270124,0.0003243286060421265,1.5014412816755667,142.97323784762006,0.024659300875275555,0.0008381852588227229,150,1.4113915057305384,142.35634949690356,0.024265358787891926,0.000579694697780163,0.08034526875010879,0.2813342717808494,0.00015408102036430573,8.652797283673481e-05,1.0856580300549221,141.67933838536086,0.02382181042696309,0.0003824946813121722,1.501018365036695,142.98897468771233,0.024652865583131362,0.0008741625773512579,150,1.4124361263545973,142.2419151303128,0.024309459999019973,0.00047055722724675546,0.0805573660399396,0.28402027272187297,0.00015950943002020928,9.263875683456415e-05,1.0856664035487331,141.54877694946342,0.023836635928672443,0.0002809034557780617,1.502397172077222,142.92808094189672,0.024728328513852958,0.0007760689564766449
processed_data_batch_14.npz,150,1.415875508635162,142.34057061365235,0.024305274350916766,0.0035525186683519525,0.0676084888505143,0.31689686162008646,0.000146066647600388,7.852810325108957e-05,1.187728595383587,141.49850332336496,0.023940096629662115,0.0033416780651350712,1.5024018992186847,143.14679269025223,0.024666940481296303,0.0037162113529700417,150,1.4158765926444044,142.34048360130788,0.024305218480582494,0.0007988010224584236,0.06760825419526054,0.31703464943103704,0.0001460607467176638,6.69852782888698e-05,1.187766870830334,141.49821596559087,0.023938164290882996,0.0006491200445244305,1.5023776486981661,143.14622539231038,0.024669744157559476,0.000968310936355897,150,1.4162651591757542,142.31885141118414,0.024312329150215275,0.00047938502423455607,0.06765654960967064,0.3148798175073373,0.00014451349492328617,6.873611306636274e-05,1.18807564956053,141.50048001718937,0.02397773482014648,0.000330928536520673,1.5033780406257635,143.12243382244625,0.024676376804746356,0.0006747745951763477,150,1.4158565826152136,142.3429765906247,0.02433173748579587,0.0005656346441841709,0.06761646061177719,0.3165259590083499,0.000145687564648917,7.472135365218889e-05,1.1876713770477378,141.5057263983052,0.023977588340402006,0.00039062028165419985,1.5024591958723088,143.14706840976172,0.02469200229832553,0.0007592441767176456,150,1.4169240925515096,142.22527282233415,0.024378390857414268,0.000457818942661688,0.06780276624790833,0.3243426494202713,0.0001519657675106486,8.426505672871151e-05,1.1881445076380965,141.38555119271317,0.023988329720043416,0.0002905336715903191,1.5035403920144508,143.0216381843074,0.024759751474109616,0.0007907394020317892
processed_data_batch_15.npz,150,1.4174942952623213,142.45269000458964,0.02428425766754063,0.0035541645690499194,0.07009303025760849,0.2816808227442226,0.00015905351504500766,7.631827772628148e-05,1.1416117462925512,141.9184754819876,0.023853339683814846,0.003345644954157636,1.4941519470805809,143.21947829782604,0.024640657736475,0.0037564055920862476,150,1.4174996187576043,142.45202941080802,0.024284645783830973,0.0008125637587264409,0.0700929901929488,0.2813207524933292,0.0001593060700862273,7.477389497051154e-05,1.1415785208436284,141.91407257164715,0.023852824639475592,0.0006251475424202256,1.4941281060617648,143.21843938522287,0.02464298693913191,0.0010924034729989883,150,1.4178861455249958,142.43011086113194,0.024292657902371985,0.0004939705792755169,0.07013780300837257,0.2801882200422796,0.00015540008804937523,7.83653698994213e-05,1.1421400834841835,141.91688085394074,0.023887059525589754,0.000322100446121671,1.4950013356384921,143.2465246638888,0.02463756673577778,0.0008749055311881787,150,1.4174743717027067,142.45500665515087,0.024311065405880572,0.0005821305245428636,0.07010176832375191,0.28141304921224913,0.00015814189418406367,8.578220959055337e-05,1.1416081522402524,141.92569826210865,0.023889875870340943,0.000412128802648359,1.4941547259735553,143.22790868335602,0.024662567200519955,0.0009706689943521428,150,1.418543453851112,142.33764034324705,0.024357865815748572,0.0004557946246343561,0.07028220701600725,0.2931177308835871,0.00016649268296612088,8.649565886108776e-05,1.1420741756999964,141.75287427996332,0.02392224306924774,0.00028858846905966003,1.4956967894007922,143.14805148227447,0.024746872446307994,0.0007856734606249626
processed_data_batch_16.npz,150,1.421261429352415,142.24236666341793,0.024371567282725035,0.0035448050312299148,0.06615819156127761,0.2914678695950986,0.0001508138225475384,6.973377341135708e-05,1.1581202540978972,141.58775103149492,0.02405668582682811,0.00335447169619637,1.5041606472458415,142.86904007260907,0.024810897692390005,0.0037079894478724723,150,1.421260737617553,142.2424543585053,0.024371600940450915,0.0008078219728185547,0.06616434658387575,0.29122770162121187,0.0001507913670422974,6.735120978032824e-05,1.1581485242814995,141.58397842565464,0.024057146455251165,0.0006533038389946694,1.5041553711768498,142.872299807934,0.024810643451591858,0.0010304980346511625,150,1.4216175702687148,142.22580809832527,0.024375146815875038,0.0004925207955062837,0.06618321353845305,0.2882339688100104,0.00014906568550778873,7.749033326781022e-05,1.1583894585598051,141.5921416201545,0.024075369961437283,0.00033046110150466377,1.5045183323335056,142.85281129848335,0.024818222992387763,0.0008025252296361331,150,1.4212404148118476,142.24550703420718,0.02439688339422635,0.0005790547673762158,0.06616615377710579,0.2910857392257881,0.00015051062881251645,8.23964126374416e-05,1.158035423484279,141.59503640700592,0.024084060445729794,0.00040145485610233267,1.5041348150627067,142.8715889541161,0.024831101132876142,0.00085906157228863,150,1.422328257198042,142.12549996392136,0.024446073275747108,0.0004705885384352647,0.0663011186716852,0.2989110189465439,0.00015783680370151976,9.230924300417084e-05,1.1584291972681706,141.49728540507473,0.02411735661188857,0.0003210660315462233,1.5055003261090945,142.78824010507142,0.024917602737472504,0.0008586302213206218
processed_data_batch_17.npz,150,1.4033756629223388,142.33643160646247,0.024320840890223027,0.003537936782338466,0.08325138074547064,0.2998821843762664,0.00015909121919984926,7.588336729825657e-05,1.0512776064617975,141.62076295076625,0.023980954464189394,0.0033634297669782208,1.5044130980764607,143.16127782152972,0.024732378147621102,0.0037872586617088543,150,1.4033748517333366,142.33653872006496,0.0243208067947792,0.000803916067490533,0.08325428930663892,0.2993377025553196,0.0001587266261394614,7.257513674098182e-05,1.0512889393856444,141.6222433278906,0.02398027975895073,0.0006345141566246942,1.5044062373126428,143.1536441501601,0.024732156497842772,0.0010221070176857844,150,1.4037390474141211,142.32035375011245,0.024323432249554296,0.0004845176947453944,0.0832741854201932,0.2967602062769983,0.0001565957053635835,7.574027583130562e-05,1.0517095944197408,141.6250964392936,0.023978422244803472,0.0003444394531792496,1.504612332740135,143.122600822419,0.02468995826286134,0.0007345924209589229,150,1.4033547189916877,142.33918658660141,0.02434676618907031,0.0005716095365095488,0.08325780315899593,0.299603408306267,0.0001587305617080726,8.298594001452357e-05,1.0512730302465998,141.62522281583114,0.02399909120709768,0.0003894148435394179,1.5043816149984814,143.16134749925433,0.02475414347058574,0.0008184654900798174,150,1.4043920507154546,142.22223550650213,0.024393808977760004,0.0004596439178137814,0.08347110606108082,0.3072684573548112,0.00016511891540846446,8.594494472766216e-05,1.0514614681694947,141.4895141038874,0.024027408613925536,0.00029231845627505595,1.5055818125559324,143.09169108965528,0.024785616503947172,0.0007041284656038143
processed_data_batch_18.npz,150,1.413838514471984,142.39754689887388,0.02428402639944657,0.0035435144559034094,0.08940647832017697,0.31710044196281845,0.00015768978738484802,7.73383885614966e-05,1.0171257057113285,141.41381953224257,0.0238455023070825,0.0033278183766572147,1.5126858455128438,143.1254110992934,0.024757625396292362,0.0037471335815687256,150,1.4138441116466478,142.39691038925918,0.02428436892906692,0.0008034960717572471,0.08940871937594928,0.317089592568387,0.00015779733495762486,7.351024025329967e-05,1.0170819651892538,141.4202593158651,0.02384527188456576,0.0006277092994503408,1.512639678660257,143.1271444778715,0.02475458727657819,0.0009896424542569328,150,1.4142133793793377,142.37937703362468,0.02428818830866908,0.0004907217102236593,0.08944343295558256,0.3216041702781532,0.00016029705542288235,8.456368163738304e-05,1.017573970353822,141.33241803837893,0.02382143247026724,0.00033445936699699367,1.5134766800677661,143.1160776723911,0.02479735235448682,0.0007961705762102716,150,1.4138189044105427,142.3998520423586,0.024310638291488898,0.000572221310652983,0.0894159310504172,0.3163656904886215,0.00015688569255234278,8.670480363825592e-05,1.0171506182620274,141.41203057351208,0.023870401933431422,0.00040881058277363454,1.5127261595461963,143.1278979967814,0.024788239315660543,0.0008054583426680114,150,1.414896623228423,142.28157939049711,0.02435710804275387,0.00046151728790641425,0.08964720327624913,0.3183198796352116,0.0001635840656846352,8.732604797201283e-05,1.0173876793765173,141.28249154116577,0.02394188764052629,0.0002774485005641321,1.5138972194609666,143.03985637219097,0.024845488207705192,0.0007689795025554787
processed_data_batch_19.npz,150,1.3820914344691846,142.39101214840747,0.024233414919670838,0.0035299624327745855,0.10693613175402768,0.28531137843307186,0.00015452413177196957,8.002403357026833e-05,0.9977378917821053,141.49756361152143,0.023836399109581772,0.003299070930005272,1.4932221346601167,143.00570635343055,0.02463062362223304,0.0037852129578494578,150,1.3820903428585165,142.39113085395934,0.02423338468647534,0.0007956738018989007,0.1069361022559175,0.28517162136188484,0.00015449328544847908,7.560276144837596e-05,0.9977183551997202,141.49245050479325,0.023837200655051568,0.0006311686264588888,1.4932360682347534,143.00600009837115,0.024632942882071216,0.0010301236440991204,150,1.382458128411943,142.37155251058283,0.024238369173826105,0.0004811474757242974,0.10696552756771659,0.280487280186386,0.00015273868898791636,8.425458413113713e-05,0.9981133659816661,141.49426263049523,0.02382887410572385,0.0003157271936184004,1.493901739121844,142.95105664657393,0.024613284976460512,0.0007255251603932646,150,1.3820670079160833,142.39404750424646,0.024260128991126,0.0005608040208015818,0.1069439032795555,0.2847596038995174,0.00015487578887235374,8.87828766800883e-05,0.9977346270965568,141.50660740606062,0.02385429940925642,0.000397228084139724,1.4932467243080139,143.0040149003622,0.024646595178002356,0.0008149979895999765,150,1.383075977744898,142.28192626068196,0.02430054746625709,0.0004528699447482435,0.10721833819824995,0.2833302314096404,0.00015503032089883532,8.702308950180892e-05,0.9978235984786527,141.3706918069203,0.02386369280851672,0.0002966902731913655,1.494146662130733,142.879646085107,0.024710853042196636,0.0007394960590023783
processed_data_batch_20.npz,150,1.3840777508856679,142.4097518312364,0.02421724144200337,0.003534953634182926,0.09724563244275142,0.262962476123833,0.00014775511023350953,7.318541640076516e-05,1.075392346536278,141.76460476898254,0.02381749421821709,0.003386286768298184,1.49423870486658,142.99251209542896,0.024619429272237165,0.003719621478664691,150,1.384077644887474,142.40983039897395,0.024217148150754018,0.0007985835272530012,0.09724892654013291,0.2634141191266423,0.0001479909412929347,6.770236490275445e-05,1.0753822062265297,141.75959028313653,0.02381501774279219,0.0006564399108055815,1.4942376237673451,142.9910775929072,0.02462020768648475,0.0010242492053327593,150,1.3844191404466384,142.39395436033257,0.02421981134563947,0.000472789683228933,0.09728467980559105,0.2624744088694312,0.00014660990985693482,7.1394187772664e-05,1.0757079956455582,141.77811473210178,0.023821034239039363,0.00031552237019087263,1.4947310536897307,142.98563898446497,0.024632274587672538,0.0006954178893196736,150,1.3840530210305027,142.4131549286601,0.024243306367687022,0.0005622726635068502,0.09725421776261586,0.2627525975841228,0.00014741372271162654,7.774938242374704e-05,1.07538122992344,141.7771919457908,0.023840061190783544,0.000384183490673134,1.494256956792654,142.9897658875551,0.024647856578848208,0.0007783739756367669,150,1.3850534061724054,142.29934795794057,0.024285401462157418,0.00045542879558902203,0.09749641414458136,0.26097422310766066,0.00015408966234906432,8.421399633530457e-05,1.0757724885023685,141.6364574573154,0.023842458669032465,0.0003078050575320186,1.4954734991503842,142.86633609554784,0.02472418398202102,0.000726966759799934
processed_data_batch_21.npz,150,1.3917549606940451,142.4833746827976,0.02421093050979598,0.0035260136096960317,0.10847569172157293,0.2765954065285694,0.00014898966010815413,8.043988760379741e-05,0.8887239877985383,141.85809938571407,0.023878171187177482,0.003270632881964761,1.4980662022599684,143.1370362579798,0.024596457756044826,0.0037095294035981085,150,1.3917551358963716,142.48339193373346,0.024210937009093523,0.0007978022533184486,0.108479687353999,0.2766732687909442,0.0001488950445139108,6.851032227609303e-05,0.8886985248882849,141.85061113826325,0.023877911072371135,0.0006301412993578439,1.4980768993458768,143.14508117698716,0.024596381266974405,0.0009688402691663545,150,1.3921481865170036,142.46182116963075,0.024217182550546522,0.0004821347693052071,0.10853814617898715,0.272791704851237,0.0001482558034053042,8.067671542433043e-05,0.8886361025196631,141.86679944713705,0.023855654094928926,0.00031380392726826595,1.4981686392302136,143.08778609460342,0.02459590110200144,0.0007665364346812189,150,1.391737383386579,142.48557240489032,0.02423758838293605,0.0005613072371189767,0.1084866358256733,0.27531440774885296,0.00014808725628696876,8.169557251141283e-05,0.8887122214590982,141.86485586445437,0.02390459410902937,0.0003533833074093256,1.49803112372896,143.13585654623296,0.02462115820384036,0.0007608014312845774,150,1.392770431499906,142.3706599984267,0.02428117644131248,0.00044913931919867393,0.10875860062761906,0.2747117803021704,0.00015422418336874915,7.392099538634744e-05,0.8883527166366505,141.81195330372793,0.02396467512315194,0.0002707295489677379,1.4995853811931406,143.07707335294174,0.02468365038566298,0.0007053309410612833
processed_data_batch_22.npz,150,1.4100779850856402,142.37419909815134,0.024201972025492496,0.00363973411153246,0.08607424302670416,1.1004357532044728,0.0003440973280717984,0.0009601024077692244,0.9760799442915475,129.69965782408946,0.020946641841708417,0.003357483337428081,1.5040531636969063,143.30952883557694,0.025662842534048404,0.014624154197280711,150,1.4100820189914955,142.3737298008511,0.024202243629082888,0.0009366966493258959,0.08607643859641244,1.1013489303379016,0.0003440845784418587,0.0011692342745847724,0.9761120895265851,129.68762213572222,0.02094729270064661,0.0006815534164844605,1.5041863538655662,143.31549872355012,0.025664787344540075,0.014018495123862575,150,1.4104317169961842,142.3561722816302,0.024206332589596643,0.000618396437382804,0.0861114281326545,1.1170230703159827,0.000341202279067903,0.001109028959596476,0.9763448712345336,129.489470113894,0.02100204221646692,0.0003369483350564545,1.503830170302904,143.24562963810396,0.025653568577816043,0.012893658349761939,150,1.4100562136475663,142.37649677211593,0.024228083686907743,0.0007055608869541494,0.08608544104678333,1.1087268576721625,0.00034314961510769433,0.0011772948725173764,0.9760736686547997,129.5981431633715,0.020982459119361713,0.00040497505186474705,1.5042629485735464,143.30237149047278,0.025698007242008686,0.013866809051657571,150,1.4111001245762438,142.2619565908159,0.024271813891713543,0.0006021763522756979,0.08632528490817537,1.1129114783501173,0.0003477082053727543,0.0012149582840107964,0.976258400851479,129.4267088001885,0.02097350876747465,0.00031689097038748376,1.5061517741865527,143.19992209164295,0.02573504003808867,0.014202677731693425
processed_data_batch_23.npz,150,1.3968096711111164,142.34928526855046,0.024197576431790005,0.00364127116688527,0.09522871371899559,1.1691414433630274,0.0005608540003184627,0.0007756589226824783,1.0595859437224466,137.92634655045953,0.018673923722229903,0.003333849994268909,1.602866167668317,155.10253589959598,0.024849510519403727,0.011326916453274945,150,1.3968135255505543,142.34886996842042,0.024197818509406322,0.0009592119894896219,0.0952349628804972,1.169556570371963,0.0005607663519383127,0.0010125680478779012,1.059561690207156,137.92384609648366,0.01867387619256849,0.0006595533873520992,1.6030681457650426,155.103384045947,0.02484797141959706,0.010431062394558254,150,1.397155243878307,142.3301105716211,0.024203050869726576,0.0006248704133687884,0.09524790576333296,1.1368056643445648,0.000534128252229174,0.0008986181133156669,1.0598393847320824,137.88300604067155,0.019074362133754862,0.00033687389944243396,1.603839564103619,154.64363862054378,0.024851355680642173,0.008246767520999142,150,1.396792150367342,142.35154064071608,0.02422447077588724,0.0007274604857059367,0.09524127790798878,1.1704008279515543,0.0005623133303423466,0.0010218079989640094,1.0595748041279014,137.89542062064558,0.018676178885037427,0.0003830766473480269,1.6030392271647613,155.10788806333719,0.02488053572260178,0.010287242146126549,150,1.397767023901802,142.24426618654417,0.024262224696467095,0.0006233341663295868,0.0954385647603093,1.2182892142532922,0.0005899644996145384,0.0010143664683049996,1.0603383620366102,137.7983193673551,0.01831352601849156,0.0002719711890526754,1.603803899033042,155.63497045530846,0.02490808850187993,0.009840054762597436
processed_data_batch_24.npz,150,1.4108886886307732,142.31766334084807,0.02421743889862912,0.0035421815682302234,0.07492804018717943,0.32505051642793015,0.00018465864486859405,7.62904315659449e-05,1.097337080578533,141.5349261583807,0.023412231943606296,0.003316569003115445,1.5149361808395707,143.2477582892629,0.024657297804584925,0.0037300059642832346,150,1.410891615497142,142.31728147818905,0.02421770747827102,0.0008095659204612702,0.07492841639760504,0.3251468507698889,0.0001845237532555633,8.235203794411397e-05,1.097321305691148,141.5333093251674,0.023412916075959384,0.0006517748549363654,1.514963056481732,143.24613187027055,0.02465668130608424,0.0011581836562844987,150,1.4112732222485747,142.29628782934518,0.02422371277162421,0.0004958874264727315,0.07497837942787325,0.3192821435913993,0.00018300676885157796,8.867928859466845e-05,1.097768827350457,141.5153529898879,0.023419164563721905,0.0003526041052231447,1.515400081368519,143.20429974485558,0.02465934308823358,0.0008915842921691912,150,1.410869322129505,142.32034195514188,0.024243366416265167,0.0005786615008252239,0.07493826003345203,0.3245357712680716,0.00018427935195730857,9.327820237604337e-05,1.0973327152506567,141.5395351100323,0.023436968216449167,0.0003866489861504929,1.5149553283027948,143.24295209538477,0.024675609564746622,0.0009500324844924962,150,1.4119352909159344,142.20395158425387,0.024287564834094676,0.0004683047594593261,0.0751059219975283,0.3373901248125374,0.00019070629195317066,9.700009926694376e-05,1.0978270630967986,141.37318403106548,0.023451901167555134,0.00030255633612170295,1.5168416458044263,143.16555234020296,0.024747252610494853,0.0009371712355438278
processed_data_batch_25.npz,150,1.4139044552271576,142.37038378126735,0.02426731869652079,0.0035399272782723657,0.06627389185261327,0.27511053727311974,0.00013734262248098878,7.376602117372953e-05,1.1659649929299212,141.67884447206703,0.023899513321993644,0.0033652199257022796,1.502543198422233,143.09182129713042,0.024665572178830596,0.0037417845967210976,150,1.4139119151249524,142.36949782289435,0.02426782225313361,0.0008061686494201962,0.06627686638307292,0.27544406264207555,0.00013756406914578468,7.61546999893609e-05,1.1660102865661124,141.67536280213636,0.02389930033132479,0.0006661588143605195,1.5025468466724354,143.09455776031083,0.024668573449393074,0.0010480907254163826,150,1.4142524331895059,142.35523830418387,0.0242700722788746,0.00048609932692539917,0.06632822973616385,0.27404262982599153,0.0001366838889713381,8.198470387550517e-05,1.1659172552251476,141.7022262914565,0.023932251198562467,0.0003510688628643305,1.503124449284363,143.1103009387547,0.02468194247059044,0.0007831761700350542,150,1.4138831507979004,142.3733712383771,0.024293016698971125,0.0005797488955527758,0.06628388860484137,0.27522490193049143,0.00013815503084037232,8.749833584141498e-05,1.1659027081996263,141.6844216971578,0.023933619953126976,0.0003793690016548192,1.502541551008925,143.09616589844595,0.02468017727752944,0.0008525858730470355,150,1.4149668668821134,142.252064673669,0.024342483677700387,0.00046189981392741184,0.06645462936191439,0.28341471257859047,0.000143126775626737,0.00010162296630096153,1.166348946620611,141.5546283713882,0.02396483336166006,0.00029989985910335666,1.5038229459095604,142.98924025776324,0.024730569674465745,0.000862500120470036
processed_data_batch_26.npz,150,1.4024550287690822,142.42386876702503,0.024266146245975638,0.003537163436501528,0.07978554873205586,0.29140822001804983,0.00014501745007509378,7.310984753352015e-05,1.1200952042160868,141.84457754092927,0.023898348120362716,0.0033254148100789562,1.504795657710852,143.10120420173217,0.024592849883357127,0.0037110666798307545,150,1.4024566402636178,142.42365617502978,0.024266312497281686,0.0007994002308542263,0.0797867712092241,0.2921735405107006,0.00014557837078790225,6.931625562872013e-05,1.120133962071984,141.84425133971044,0.023894031622127904,0.0006222593079788213,1.5047821027953172,143.10228946296542,0.024592906055025756,0.0009845860103732196,150,1.4028236404216101,142.40491271548458,0.02427140628077762,0.00048061912203436823,0.07982987881258076,0.28896964240575473,0.00014218433379876901,7.020825874782745e-05,1.1205179580940487,141.8124710515491,0.02391144945727454,0.0003508560543811606,1.505218349221386,143.08539718193865,0.0246081986618109,0.0007211102348982066,150,1.4024316953831961,142.42686024743415,0.024292194581560077,0.0005664574120877165,0.07979527889308836,0.29110052811452397,0.00014524603392315478,7.685005597719486e-05,1.120054248748905,141.84576760201514,0.02392383528195842,0.0004112397588316928,1.5047818880915593,143.1086192417114,0.02462895978318641,0.0007955476560979338,150,1.4034856537416938,142.30906017858166,0.024337432947445573,0.0004534684448401797,0.07999036893127703,0.2937629508291919,0.00015198700937135668,7.749480848472352e-05,1.1205136443904187,141.68755999477267,0.023980614192053478,0.00030148362982005214,1.5060675215320105,143.01036667269904,0.02468169128836334,0.0007640905279179118
processed_data_batch_27.npz,150,1.4037544079637978,142.40153157540718,0.02420893019231184,0.003544896537246503,0.08491888704434014,0.3147841656790155,0.00015278602147832546,7.845005981205217e-05,1.0276004067355704,141.66902963412127,0.023733860425279547,0.00333111104784242,1.5075429951598969,143.35184994683098,0.02460938928074023,0.003711534452842535,150,1.4037567198765233,142.40126170205713,0.024209043480697794,0.0008054867561882768,0.08491982060403758,0.31512808079582755,0.0001529356595044488,6.294101442903027e-05,1.0276348979930512,141.6717864129631,0.02373751722618014,0.0006391879037397509,1.5075813850132325,143.35581556246277,0.02461266281153311,0.0009822883678137567,150,1.4041005207085802,142.3861495759927,0.02421214248181305,0.0004924341632920565,0.08493103158042455,0.31386369053933566,0.00015272014135452418,7.296991215824223e-05,1.02811890877972,141.66509431138678,0.02376051058407385,0.0003375367376560171,1.507801593782331,143.3309459037665,0.02462539518132469,0.0006806930201673778,150,1.403733787547793,142.40411151750425,0.024235702055459024,0.0005733117642582605,0.084927379920326,0.31378482015661907,0.00015298742582310515,7.884816429983032e-05,1.0275678680503788,141.67554625018246,0.023766009317070038,0.0004059607717479578,1.5075591512856956,143.35194022959902,0.024635874058543256,0.0007539672937524357,150,1.404775031595059,142.28973836267267,0.02427869755946701,0.00046097685141958017,0.0851616165170437,0.317309408966915,0.00015588271584991242,7.990873721392562e-05,1.0275644236585095,141.58658141887867,0.023808276081679302,0.00031120553202901123,1.508967140015902,143.23888575731948,0.024741621658204902,0.0007013233070422901
processed_data_batch_28.npz,150,1.3996369519700076,142.35622228172363,0.02420281877361036,0.0035332435104977,0.10062190765653709,0.23504651223279113,0.00013379821368230224,8.03190519793339e-05,0.87729981462222,141.70207604486876,0.02387930607470884,0.0033317843813736436,1.4950537824080952,142.90437893137283,0.024478714544239676,0.0037644564538678936,150,1.3996395538823343,142.35594026544504,0.024202915007292974,0.0007845087152613947,0.10062248529138512,0.23510400617426597,0.00013375300991896367,6.175972539216387e-05,0.8772762928056926,141.69431478319623,0.023880299864577847,0.0006454364142620281,1.4950147707973525,142.9045736400284,0.024476346861164445,0.000991317657266286,150,1.3999861051454348,142.34045109382026,0.02420551319456938,0.00047072931924686774,0.10067704571615226,0.23522414258069904,0.00013338078810172835,6.608746583618727e-05,0.877199835017494,141.67009370413592,0.023886544865428114,0.0003281458651541674,1.4955380135303036,142.89005366191373,0.024499776704869795,0.0006770103974234224,150,1.399615171745857,142.35890512399195,0.024229116434525556,0.000550379321069523,0.10063159867004604,0.23543865734857222,0.00013350812319824987,6.955681099920136e-05,0.877309780077527,141.70352230929086,0.023908108853556823,0.0004077673873164069,1.495010128061264,142.90766076777544,0.024510501860043124,0.000778171223778345,150,1.400638077549749,142.2466801251224,0.024271100743654836,0.00043819678521207653,0.10086875475751832,0.2407779544443204,0.00014062087855211535,7.218162091206759e-05,0.8771511961544933,141.53770554160462,0.023881153470650143,0.0003040486983504621,1.4964612710943694,142.85902529050972,0.02458225544288295,0.0007892360399233519
processed_data_batch_29.npz,150,1.4081330323017414,142.34968607968986,0.0242238081050964,0.0035937057488602177,0.07946085171522756,0.3491611625125348,0.00032613717429307867,0.00030276630502758484,1.0676901300210089,141.51853664262177,0.021614833160089972,0.0033647553554939274,1.494346059238301,144.73773449886644,0.025747555762985718,0.006980964221662559,150,1.4081345500836029,142.3494401873949,0.024224084378534048,0.0008656573321975852,0.07946210434501727,0.34962490279891234,0.00032603252594362505,0.00046657195094577627,1.0676729700843648,141.51882975380335,0.021616666343557703,0.0006037621370115588,1.494293772641224,144.74278512483207,0.02574504518315573,0.005868945893024891,150,1.4084763639196882,142.33475056803655,0.024226310483169287,0.0005541506206163404,0.07949506659734953,0.3512516462494156,0.0003247884655346088,0.00046536925742879105,1.0680397440360858,141.4860589156925,0.02162451050406157,0.00035389925663592,1.4950246781709546,144.79435415800384,0.025701674506230957,0.005384638411690848,150,1.4081080127203576,142.3531352163097,0.02425009313145077,0.0006352748236435475,0.07946865946996388,0.3520858726662938,0.00032545152140143303,0.0004759055745984304,1.0676637347093003,141.52061076017952,0.021640205514354627,0.0003571066424349399,1.494354515738489,144.79981812076957,0.025739595139484518,0.005668328723045911,150,1.4091588013078717,142.23704457124157,0.02429259432645302,0.0005325388745858554,0.07967845415861242,0.3580596530169407,0.0003280631222079083,0.0005052764645732305,1.067927431607839,141.37052683707358,0.021681457997748996,0.0003171022566763671,1.4959319752397726,144.62713167578787,0.02581984854004009,0.005968631614042983
processed_data_batch_30.npz,150,1.412005917923812,142.35366184208308,0.0241850581399588,0.0035624787230558214,0.0731727417885876,0.49204989312056113,0.00017429358268848368,0.0002325078743782165,0.9919819340517947,141.64914694376066,0.023291900381721763,0.0033487542602267384,1.5046855510708315,146.72549273940479,0.024599744154907618,0.006251811337485033,150,1.412010512651844,142.3530501156268,0.024185536095106295,0.0008334583704915695,0.07317274776872724,0.49201805907477103,0.0001744204090259659,0.0003329947081225692,0.9919641406172877,141.6518948070961,0.023292623177189057,0.0006532370162814116,1.5046529736905496,146.72306227579972,0.024601801414660042,0.004787764349250001,150,1.4123816149919053,142.3357706747667,0.02418937498662667,0.0005157163025563156,0.07323224645064048,0.5000467188689341,0.00017825122053720228,0.00028448030088796975,0.992181239916976,141.63712956661803,0.02318057659402177,0.00033313628404800527,1.50506044045884,146.84565050337372,0.024638799084360688,0.003839014409566617,150,1.4119835590656298,142.35628815582632,0.024211747422053006,0.00060339990641692,0.07317924124374217,0.493354126830049,0.00017412108389775963,0.00034160680774949457,0.9919566752055803,141.65446015497994,0.023301382124651545,0.0003593892693741633,1.5047378869641665,146.75450097589544,0.024629495094588005,0.004629642857888597,150,1.4130392014465891,142.2393302368449,0.024255404837073034,0.0005002628931948409,0.07333461109489138,0.5078620538342136,0.00018046653803159058,0.00034673438563393886,0.992004272971766,141.49227032282033,0.023348743453596568,0.00030841446528905334,1.5058565809016013,146.75186014315523,0.024679847757592445,0.00456416982988368
processed_data_batch_31.npz,150,1.3968962140112515,142.37853653755286,0.02418988157854813,0.003538304324651762,0.09339478178562582,0.2829675957536328,0.00015382656468960587,7.171652319481416e-05,0.9965455383661581,141.6504737161495,0.023825235721585007,0.0033421736711718615,1.5113224032199237,143.2170623764983,0.024578910452074377,0.003681325230450039,150,1.3968992788535004,142.3782073764759,0.024189971541417155,0.0007980329676963618,0.09339574276359874,0.28313566070460694,0.00015388689571516762,7.236408620988854e-05,0.9965488341276431,141.65048728328438,0.02382430423979043,0.0006561485490989111,1.5113166362263923,143.21789783068874,0.024580155194717977,0.0010419865621691142,150,1.3972928918043053,142.3555067080748,0.024197222455548017,0.0004815593636926499,0.09343956977202583,0.28025748681364954,0.00015128869485086643,8.236923927651474e-05,0.9969654994500541,141.61251597017406,0.023804752014909163,0.0003141898947086954,1.5118297962132263,143.19373474602014,0.024566040282561707,0.000764520922099176,150,1.3968766527409289,142.38099485275455,0.024216524899788237,0.0005640258154464223,0.09340540119918488,0.28176059999421577,0.000153084246218557,8.611414432420461e-05,0.996493907535032,141.65528813012594,0.023857216321339744,0.00039373830425590165,1.5113154011501317,143.21826595488918,0.024594774975558554,0.000850603309679993,150,1.397905203662271,142.26625277775966,0.024259372337570848,0.00045823129476392445,0.09362104339724826,0.28578935615628615,0.00015682795515264226,9.547374371875574e-05,0.9965915290240325,141.52473499532545,0.02388681385095568,0.0003206173590632126,1.5121954613244406,143.13043309151598,0.02464373230750641,0.0008010214499694115
processed_data_batch_32.npz,150,1.3988497554029318,142.39104898147713,0.02420027176589859,0.003538904812999107,0.08391257108664676,0.32267573711579134,0.00016689821622314877,7.99614658516286e-05,1.034402580728601,141.66328064461226,0.023716731148038593,0.003284121429385438,1.5016008811788633,143.11965908142514,0.024582788774629095,0.0037134970639744027,150,1.3988481373996078,142.3913453503414,0.024199983826956047,0.000801570553425103,0.08391629514402281,0.3225411364186033,0.00016694191373616395,7.843992320260333e-05,1.0343769359516133,141.66382356691685,0.023719382720820838,0.0006578077421815214,1.5016222469603457,143.11475935154178,0.024583678093448937,0.0011181723482527495,150,1.3992083388734284,142.3728387693501,0.024205542904577933,0.0004882863466219032,0.08395998768910891,0.32075323472407136,0.00016629127570734725,8.495543915428069e-05,1.0348120278679704,141.67330981039908,0.02374397781210385,0.00033613687500419443,1.5019378462830877,143.07808017993307,0.024611875717331335,0.0008406468801887389,150,1.3988266345749756,142.3935601930162,0.024227472608738056,0.0005688753440696673,0.08392228307380659,0.3224261657033953,0.0001665658088837758,9.285165009182843e-05,1.0343977606940007,141.66749278726343,0.023747391608308716,0.0003962820867665758,1.5015676745607518,143.1209419522043,0.024600758335008664,0.0009352597310710686,150,1.399871506312352,142.27901960383994,0.024269326078030336,0.00045128805866544164,0.0841112151986758,0.32915757113440114,0.00017194445811738335,8.77744047856356e-05,1.0346407677177232,141.532942791516,0.023758639980932323,0.00029771540372454977,1.502918093700632,143.05107011511944,0.024654401379695774,0.0008901157246824772
processed_data_batch_33.npz,150,1.3923766240799291,142.45490927629598,0.024217881358240333,0.0035670951178127567,0.09827498554040807,0.29154509856461264,0.0002870493502242278,0.00022904750579726878,1.0793490559150216,140.99710466461627,0.02341504915394151,0.003325058434769194,1.4983846181261566,143.45195127056252,0.026663523839011525,0.00570430552179477,150,1.3923767935033489,142.45491528857215,0.02421781642384014,0.000834824889895476,0.0982749601946771,0.2909075333635818,0.00028765693439674505,0.00034133878305407254,1.0793424751088652,141.03307471861652,0.023394960054612363,0.000629481509576948,1.498409945737236,143.45263122548985,0.0266669854009623,0.003632908764145892,150,1.3927692567895433,142.43341711045161,0.024223432164570853,0.0005260287139201395,0.09830745628515963,0.2952004341582711,0.0002861987083185221,0.00034118147106170264,1.0799002519153225,140.81025517952577,0.023517554092850227,0.000320702903414758,1.498094440890696,143.3821289103214,0.026664440669617387,0.0030372787263371805,150,1.3923577531079605,142.45761410247616,0.024244256133600147,0.0006047850506128995,0.09828613030808928,0.29293980727867974,0.0002869769895999724,0.0003571292666090133,1.079334390050817,140.95493005019463,0.02345992184585807,0.00038069431208578565,1.4983468197414413,143.45404961331954,0.02669460649172219,0.0034890114857398053,150,1.3933922015137337,142.3417820698442,0.024288579915846528,0.0004951855966238041,0.09854208818810894,0.30002056099141755,0.00028694202844414,0.00034524749951822195,1.0795633052352496,140.73865462846877,0.023582816973528306,0.00028161403315666195,1.4994620202042914,143.43867440237594,0.0266822844922847,0.0029553725564640775
processed_data_batch_34.npz,150,1.400214850740544,142.34840087026475,0.024193580467287368,0.003592678715390264,0.08707193602920987,0.3988943342185082,0.00036150300758688256,0.0003092071149791336,1.000491918446186,139.74399796301498,0.0236121206180634,0.003278776826803447,1.5163707698031237,143.45135982928815,0.02733712012776416,0.006155088940147043,150,1.4002184702094296,142.34791692472697,0.02419387327311988,0.0008863681232295909,0.08706891524835503,0.3991308663686324,0.0003612299613805658,0.0004834077509301043,1.0005085800640503,139.73876724109243,0.023616499405072208,0.0006367970182783252,1.5164350517043912,143.44514060581682,0.02733841489891257,0.004862559949205535,150,1.4005559332340856,142.33327439731704,0.02419622576531995,0.0005737286774897954,0.0871313963828884,0.39732410956448855,0.00036305544339054486,0.0004902556111967762,1.0007859022872478,139.72842936042082,0.023619633886153568,0.00032569981212722597,1.5166679651720603,143.41003593812422,0.0273575028172191,0.004717478124386018,150,1.400193108811982,142.35134996531866,0.024220293726948512,0.0006588511158737433,0.08708581772508799,0.3998589219966853,0.0003618139557905918,0.0005037031693636333,1.0004669063016143,139.7341905765068,0.023646012253068623,0.00038903715062325417,1.5163317571292105,143.45431856010362,0.027366104982138692,0.00474500620474007,150,1.4012127040440938,142.23900067461108,0.024260915613085077,0.0005413263896736889,0.08728755138116058,0.40822641698898127,0.00036821619078777814,0.0004948060991302949,1.0006164988250297,139.63868351069073,0.02364055083246835,0.00031223463926237176,1.5176560681010585,143.4152296012751,0.027430711557760435,0.0048049485820240495
processed_data_batch_35.npz,150,1.402392605289976,142.35840143918676,0.02415853599840877,0.0035401710426037356,0.08265462473073323,0.2841110516751216,0.00014087104770395435,7.496849439876458e-05,1.0941575098420067,141.50771585024978,0.02379793861750337,0.003366534853657545,1.4973201787154837,142.95491743349316,0.02457156933646142,0.003697965254880506,150,1.4023978627497002,142.35778610382036,0.02415893464207965,0.0007965033041168007,0.08265928773823168,0.28374482629035774,0.000140779335359631,7.05772546421886e-05,1.09416732289205,141.50895880745864,0.023796577039049208,0.000658304895183119,1.4973472773965701,142.95673605496413,0.02457356360094002,0.0010527079783639113,150,1.4027547941472487,142.34080640089186,0.024162201243504818,0.00048250895564923394,0.0826708978772981,0.2831966894650688,0.00014071998886169292,7.452947325045462e-05,1.0945615224392753,141.44654532399687,0.023797917021519923,0.0003251599221257678,1.497730309928647,142.9470793179302,0.02456706297747811,0.0007517487095229988,150,1.4023683165088259,142.36139135430486,0.024184629601433336,0.0005575851849959396,0.08266048337531999,0.28368692844618354,0.00014005046656396502,7.828138551863319e-05,1.0941246083950975,141.50203593488882,0.02381415889809612,0.0004060380771820976,1.4972853440372274,142.96022127117524,0.024599580069323772,0.0008227014395766254,150,1.4034182084869948,142.24512595614635,0.024227800394856946,0.00045718216025168864,0.08283913798664853,0.2889203538203848,0.00014425512880490823,8.060538260476556e-05,1.094402142425268,141.30456005755127,0.02385247904249359,0.000308059094081267,1.4984386062901034,142.87946214997552,0.024620277886183747,0.0006751341095243569
processed_data_batch_36.npz,150,1.3757054431882352,142.2951763560915,0.02413093939527653,0.0035179667306929354,0.10086965797655532,0.29745587075262336,0.00015878864103276058,8.062631932234924e-05,0.9860719541039515,141.58605160294323,0.02364235666417619,0.003285430063230977,1.492119069414619,143.19214410081335,0.024583355157414295,0.0036814398767215104,150,1.3757054046513646,142.29515703712448,0.024130999401688735,0.0007902562062576582,0.10087060382360856,0.2978595594861675,0.0001592296252366113,7.024377244151586e-05,0.9860685511321448,141.5814310283419,0.023640681780983837,0.0006353664504828094,1.492143494671018,143.18931843816335,0.024585116110098903,0.000987784388124928,150,1.376031044534917,142.2812032968903,0.024132245718483877,0.0004717060458872163,0.10088031016298663,0.29399308885559444,0.0001574146982442418,7.81120293513871e-05,0.9866235566497293,141.56904083503548,0.023655483775880264,0.000309696774994782,1.4926261170952742,143.1651461972784,0.02457870196822496,0.0007180092332098984,150,1.3756774868397983,142.2985664004544,0.024157613234863397,0.000550950655874443,0.10087558028325336,0.2966814019932966,0.00015823438922609134,8.554378274448477e-05,0.986095104479206,141.59040942107254,0.02367707305731166,0.0003560549756588101,1.49206404567474,143.19758515803986,0.02460933778405528,0.0008003694981343923,150,1.376663627958999,142.1883131337148,0.02419500617164079,0.00044918252507136297,0.10113348768736828,0.2983224269113013,0.00016309595561816718,9.063437434599786e-05,0.9862152211342995,141.4855789885328,0.023726498688236425,0.0002752289679383491,1.4933461867493398,143.06786088585537,0.024661019421479684,0.0007511871756264552
processed_data_batch_37.npz,150,1.405505000929267,142.57360891027128,0.024090477878932787,0.0037524266834654827,0.08346274590849248,1.6917864691401108,0.0008359843695701787,0.001238525994574786,1.0912695815851807,136.56415206523945,0.01684402002663604,0.0033421733598261636,1.626582720004828,154.30811735868326,0.026717077483077563,0.013934429104686502,150,1.4055033610366163,142.57382717327934,0.02409036719147599,0.0010960179255782264,0.08345998169200378,1.6947735960491308,0.0008383182346484859,0.0015383241121765874,1.0912687792999194,136.55691753774974,0.01681093085799162,0.0006271409183284592,1.6261402645158403,154.359206278384,0.02671831162754976,0.01289503494860337,150,1.4058974344692163,142.547143109113,0.024101446009582896,0.0007633269022118788,0.0835117975397072,1.6804615704380919,0.0008167832771126684,0.0013775842296821434,1.0915693101896355,136.3474513569275,0.016991925355326024,0.0003122399887137286,1.6273018781763573,154.13371195799192,0.026741700483181575,0.011002809896591624,150,1.4054934034015212,142.57600428254392,0.024117563309815116,0.0008707788790754482,0.08348786334980526,1.6931726331815815,0.0008338215522030263,0.0015518205462955038,1.091218432749623,136.53765265018097,0.016917590996801846,0.00037481755720984066,1.627473066064373,154.2295163746587,0.026753284124723324,0.012711380312951812,150,1.4065665537265404,142.4597049162891,0.024159332273555097,0.000751425244111835,0.08376713941445112,1.7057315612988297,0.0008366823740848294,0.0014523687550139306,1.091592348150541,136.30933492772266,0.017142459146110525,0.0002815116052438826,1.6318849986235417,154.0470576331472,0.02676050202915745,0.010591286045770984
processed_data_batch_38.npz,150,1.4110022871854753,142.3620522359646,0.024180418355342535,0.0035864973690585035,0.0740746541251631,0.42198868180037646,0.0004078754595490621,0.0005510834176078428,1.0551456529682053,141.52225673568324,0.023298181225299926,0.0033484060508175866,1.498220243837222,145.79583207034608,0.028661607419545376,0.010232921021034303,150,1.411002168893698,142.36202603598824,0.024180462578196813,0.0008602152644943145,0.07407225185670878,0.4214974706572459,0.0004082057125787867,0.0007196496582580053,1.0551945333632968,141.52076554256234,0.023292121049106,0.0006373082865594792,1.4982085616533944,145.79004474875651,0.02866553138804466,0.009568104082916355,150,1.411358053338084,142.34514298475534,0.024184889645391488,0.0005526933725440549,0.0740871035247576,0.42345283897945235,0.0004040854946849739,0.0007232896871340676,1.0555386866045011,141.50198604168187,0.02331096430775352,0.0003163722537559726,1.4985333811825474,145.83980407202608,0.028624503848402545,0.009293699291300337,150,1.4109789198416238,142.36460587553947,0.024207845392896554,0.000631198981585893,0.07408117184694826,0.4247841183428953,0.00040552653041871364,0.0007320222454253972,1.0550910230581785,141.53467829618813,0.023327369490365818,0.0003573333408027802,1.4981954526727745,145.86080070737097,0.028659074300792446,0.009475635372407257,150,1.4120472522856904,142.24691215959376,0.02425133661938596,0.0005327422039581974,0.07426465674737243,0.4313486351539775,0.0004137869955015422,0.0007565525936976789,1.0554724354316454,141.39360307708316,0.02338774122196356,0.00028399257207284255,1.4992293688037757,145.65741119596535,0.028769675975844265,0.009663479167547001
processed_data_batch_39.npz,150,1.3935425725225703,142.35504302546227,0.02416083582038919,0.0035438546742984508,0.08155798990708456,0.3096718543887235,0.00016144310789367,8.226881705496572e-05,1.105764585109804,141.3386202021034,0.023775354050138243,0.0033594197746120383,1.4960334116840366,142.94125386003597,0.024640886044154247,0.0037763729039593614,150,1.393546433896916,142.35446145298096,0.02416125467911444,0.0007959610170616765,0.08155257497170675,0.30982918792536535,0.00016166236744331343,7.357619081271738e-05,1.105782359025579,141.33576986173088,0.023776990924534735,0.0006560630750504417,1.4960578847295054,142.93831617523912,0.024645486951523674,0.0009813419313027952,150,1.393880276247778,142.3412757420681,0.024162434164902578,0.00048674431454397594,0.0816038006499135,0.31043224192700886,0.00016289011059062892,8.26876801506956e-05,1.105913372634487,141.35241692828072,0.023791834246230645,0.00036403481529426944,1.4962299767027438,142.94106468110576,0.024664851889668864,0.000739689534848073,150,1.3935181307172047,142.35796948567085,0.024187666048794708,0.0005611450643750604,0.08157109486620485,0.3094568111711371,0.00016146273024680838,8.743458053768623e-05,1.1057037962651293,141.34692587218268,0.023800820143193197,0.000398559508247554,1.4959958857662912,142.94333389979428,0.024668685885882363,0.0007885980095896522,150,1.394529387012439,142.24586480034577,0.024226885481188724,0.0004587316259980893,0.08178512821065657,0.3219955229988206,0.0001680893487135345,9.737401584350388e-05,1.1059404680779277,141.23435670260056,0.02381466970008244,0.0003037444526796199,1.4973438818602454,142.8375012380828,0.02472801533061921,0.0008149412291253135
processed_data_batch_40.npz,150,1.4029443041219634,142.33961517924948,0.024148234263848222,0.0036001862894475592,0.08912942650693614,0.7531232390835401,0.0002821496645664143,0.0007068779886492943,0.9858410963838057,133.8515434232612,0.022858154166736408,0.003243348120953758,1.4926183613995818,143.17188524970666,0.026323762375210752,0.01212619644438572,150,1.4029430556900415,142.33971105570944,0.024148208298563723,0.0008977385621757465,0.08912710120895555,0.7534790402191445,0.0002822377081163414,0.000877318258415491,0.9858890622223805,133.8482965761823,0.022855979307633098,0.0006326322012711344,1.492574941994865,143.17376725078728,0.026323367126218963,0.011436412954041233,150,1.4033137227764962,142.3198193429166,0.024154599205928207,0.000580759253827995,0.08915819846988884,0.7668717444434867,0.00027718217975135806,0.0008346805256891175,0.9861535629946128,133.6202284235436,0.022837992192796936,0.00032674178008316215,1.4929829621762554,143.07175334420043,0.026310597967278943,0.010565242280159747,150,1.4029276514310252,142.34085810090892,0.024176789884113172,0.0006651882385776411,0.08913731300081301,0.7592586089622126,0.0002806120868084911,0.0008842203217419766,0.9858192058102292,133.76650033591056,0.02289375462445875,0.0003418684090108303,1.4926392288055752,143.15851656525655,0.02635049869069956,0.011273778265496177,150,1.4039746231789374,142.2256938491986,0.02421880779043073,0.0005560344865231086,0.08937103551058262,0.7593423627145105,0.00028332823239190916,0.0009074363429465537,0.9859404840545658,133.647706838264,0.022948292372785062,0.000283961903176251,1.4935752488927307,143.07123737712746,0.02641891847113821,0.011440774897808877
processed_data_batch_41.npz,150,1.405070059716241,142.38376680961622,0.02407243935727023,0.003560883186632656,0.08762508796939539,0.37439393822999806,0.00033089241208939635,0.00030856601899392094,0.9393532915181688,141.0590951684182,0.020640538454217178,0.003263686583197591,1.515280645700045,144.53720657484774,0.025137609433521363,0.006497855027707128,150,1.4050766700323447,142.3829578118278,0.02407283134914837,0.0008580012131267824,0.08762419087357934,0.3745149310935398,0.00033122399600432075,0.00046705771917025633,0.9394377250182188,141.06709306370664,0.020636889257169045,0.0006700222218277224,1.5152034942848167,144.5398009071955,0.02513680119763997,0.005350150655435633,150,1.4054230385999373,142.36635520119538,0.02407711646889018,0.0005425400065147176,0.08767273380208444,0.3750662285745935,0.0003327970456562678,0.000474475923224499,0.9393819836576607,141.05320107814018,0.020625142915716516,0.00035671412387016434,1.5156651868482522,144.51337235209436,0.025153873894019876,0.005195037700940625,150,1.4050456360475971,142.38611703429942,0.02410017512336571,0.0006281065742101116,0.08762738869400545,0.37624845009940666,0.0003297871135770453,0.00047353261306478045,0.9393598486122918,141.02630995340482,0.0206784858978334,0.0004177201099610602,1.5154449692396874,144.5802271755027,0.02514980794703216,0.00516983349407311,150,1.4060833830594512,142.27267754404147,0.024140764780211738,0.0005280708080195679,0.08781678576071433,0.38196433984956424,0.00033443950373587475,0.0004914479227299395,0.9394122366054444,140.9817367252409,0.020731245908956912,0.0003016601823835728,1.5162841582658204,144.38139613459563,0.025265479180965663,0.0050903829195934605
processed_data_batch_42.npz,150,1.3962029436961598,142.40763948898146,0.024127701693149792,0.003543121748797707,0.08425186683529491,0.28623055961935523,0.0001526464135397902,7.446542884637243e-05,1.0711520000181056,141.59988502920993,0.023739069369647484,0.0033133229175060486,1.5112885577231756,143.0901195542843,0.02445482724633397,0.00370083085896474,150,1.3962066070407886,142.4072315782868,0.02412786707173845,0.000804889668033493,0.08425384674148298,0.28658070898703597,0.00015274567950531256,7.007482859825706e-05,1.0711230920322252,141.59848079680418,0.023742339163556923,0.0006361648737965538,1.5112978334056066,143.09109572000878,0.024457482147027976,0.0010977296382123564,150,1.396549326535716,142.3906300192437,0.024132076457362466,0.0004875841709425959,0.08428881916332688,0.2837512953984611,0.00014995790949372102,8.040768984050574e-05,1.0716896746507767,141.59117531540767,0.02374560214959583,0.0003484975106691643,1.511689878312717,143.0598252819544,0.024456426382940946,0.0008646806483782163,150,1.396180950072838,142.4101962554304,0.024154971911574653,0.000571710621629487,0.08426055334497508,0.285283877168113,0.0001514071479038659,8.161855227989383e-05,1.0711347080392533,141.60341685382272,0.023775853972812608,0.00039718931059734395,1.511285129436763,143.08741991954608,0.024484401431509373,0.0009321415834943386,150,1.3971935742722332,142.2980302061399,0.024195550037179044,0.0004606428214580991,0.08448471871327544,0.28938111774721903,0.00015600307246883027,8.898379402740749e-05,1.0714132654713182,141.476624450545,0.023797878110380824,0.00029278190762793043,1.5123125592834281,142.9728330233278,0.02455318814971347,0.0008242397443229667
processed_data_batch_43.npz,150,1.386908802146987,142.48287313714582,0.024080647928712937,0.0035498942355599414,0.0929611096366836,0.7116676662558784,0.00040557216076918007,0.00045967813026207634,0.9594178540507835,141.67393702465705,0.01983929236639181,0.0033280089383328675,1.540873823251357,150.4406823827904,0.024648864230423086,0.009044475661617915,150,1.3869123751454446,142.482409378226,0.024080919254506363,0.0008472768282418214,0.09296097422505033,0.7105218025583684,0.00040487166893508317,0.0005617472548193131,0.9594067060992146,141.67380871158124,0.0198490857917766,0.0006337989077526325,1.5410061207293069,150.424989815915,0.02465120699498712,0.007519352670506595,150,1.3872462956932723,142.46736232188314,0.02408343828469953,0.0005250957785249313,0.09298447359221287,0.7057312661271834,0.00039916269579851987,0.0004670587043802578,0.9600143444922205,141.66491274845936,0.019933778744105353,0.00028430841551202533,1.540809659388642,150.3443856984904,0.024667208651048773,0.005976263062673798,150,1.3868877641028954,142.48554976975777,0.024107553682209383,0.0006121602427210598,0.09297397602871368,0.7080928431891231,0.0004041200046277209,0.0005742660357729893,0.9594518665232472,141.67732514313306,0.01988818606183269,0.0003867054423509532,1.5414743193716052,150.3979553486121,0.02467689936294044,0.00740993262955231,150,1.3878636528163555,142.37728050690848,0.024145765797898754,0.0005025249973440318,0.09318684100771166,0.730575456749274,0.00041963803647518714,0.0004617391222231109,0.9594136698484557,141.58972260719307,0.019718131808428113,0.0002831935040170583,1.5407516699272004,150.5783923917694,0.02470384768442735,0.00587220070465836
processed_data_batch_44.npz,150,1.4142273306389699,142.34038394129692,0.02413679567258555,0.0036306496760265777,0.07429542278566732,1.2111755703205318,0.00027151114587437844,0.0010345464559308147,1.0381560558361693,128.13201194039294,0.02238806550383914,0.0033533795133933184,1.5442638809204847,143.13242617585246,0.02552018307345084,0.016151611092555022,150,1.4142272596805705,142.34028752558442,0.02413700168567067,0.0009359290313057734,0.0742953088929451,1.2102025503735057,0.00027122991465454443,0.0012212773470524378,1.038163481586939,128.14217990313773,0.02238621596182094,0.0006874720185916684,1.5441525203647537,143.12369707847654,0.025520386408212335,0.015604487434843172,150,1.4145940670810062,142.3196512494487,0.024143160933777417,0.000608710574840307,0.0743304563172226,1.242893610799804,0.0002759492318557013,0.001123340402665493,1.0385617909048968,127.70398162487884,0.022390753177666887,0.0003595339701637718,1.5450390177682132,143.1162677761787,0.025492385929019937,0.014026795861109288,150,1.4142080369255305,142.34225358880602,0.024163961701520454,0.0007061882482918779,0.07430688010793093,1.2199043315091869,0.00027157324555465045,0.0012289879860161368,1.0381317832247279,128.02296636996417,0.02241817248833728,0.000421756176542479,1.5445602022462623,143.13467616018903,0.02553618159599419,0.015443978306478858,150,1.4152855906266155,142.22683555282384,0.024207553213677093,0.0005994636423792139,0.07453746815095849,1.2381576250793227,0.0002773805838745661,0.0012799312860207951,1.0381872491358233,127.70714660520785,0.022456955882070008,0.0003241293756187671,1.5503578072473083,143.04357722754975,0.025621039816793704,0.015932535249556002
processed_data_batch_45.npz,150,1.4030388891901713,142.39436056221524,0.024086358200208314,0.0035378524500953704,0.07190005123624996,0.30327334752460183,0.00014925254132053863,7.660996488353621e-05,1.1258245083950003,141.50932152339348,0.023608417724975204,0.0033017138816555003,1.4959694644899186,143.22596953269846,0.024478411192884336,0.0037167284864322693,150,1.4030394615695039,142.3943250820663,0.02408638919693404,0.0007977616411861269,0.07190563408703976,0.3032533601073543,0.00014922174724101912,6.422231686437642e-05,1.1257582017691736,141.51033649534514,0.023609489817834152,0.000617285936529394,1.4959998795601013,143.21932189074855,0.024476164481372534,0.0009722121905378878,150,1.4034407377106266,142.37205643391715,0.024093280699888926,0.0004801875493944374,0.0719577012572253,0.3005200190658176,0.00014907684047027727,7.123116369106982e-05,1.1261650408691042,141.44054806843204,0.0236678933181979,0.00033407298559906133,1.495705351010535,143.208539388684,0.024526092690906814,0.0006840680264993567,150,1.403018907346948,142.3966193395358,0.02411348048013925,0.000562365301618238,0.0719073713498623,0.302900866761397,0.00014899120274094966,7.645137851598298e-05,1.1258049088447688,141.5031574332525,0.023636394267359112,0.0003911562395068473,1.495918497035595,143.23351768104385,0.024519989814994186,0.0007842502893968403,150,1.404068724954339,142.28063326501248,0.024155878188946593,0.0004531807258833725,0.07209282672953689,0.3120159004807108,0.00015638497983292134,8.186827944899504e-05,1.1262796893590525,141.37112743409264,0.02368899621739535,0.0002687309637475506,1.4969457854602857,143.18043262654123,0.02458596125709107,0.0006676928927517497
processed_data_batch_46.npz,150,1.3818575775950415,142.2682729215522,0.024141399025195086,0.0035923529049529416,0.10087035580657902,0.9557958512555621,0.00035513590079115995,0.0006811944318578703,0.8998967692776632,131.12910116610627,0.021944455722703753,0.003365216566232239,1.494569146053727,143.0242786963259,0.0264115036550036,0.01175537999899158,150,1.3818519311514328,142.26889174088996,0.024141206466686292,0.0008830765065118005,0.10087260678109998,0.9538289203877686,0.0003547483751296584,0.000837719399264544,0.8998888093982027,131.15574028826364,0.021945521993639975,0.0006271682277955113,1.494573112499566,143.02493340053257,0.026398350747427357,0.010695010297025125,150,1.3822335502852383,142.24798466049003,0.024146595277916287,0.0005598838184603979,0.10094489888230962,0.9717319725252942,0.0003616944644699906,0.0006805558482764845,0.8996790803458,130.90484357338582,0.021928611529671,0.0003573845533209421,1.4951702055355778,142.9777240561885,0.026566958283999624,0.008300199786347745,150,1.3818369617543635,142.27077346934044,0.02416785720423795,0.0006500688079533068,0.10087968074845624,0.9621805901807062,0.0003569531927546919,0.0008349105120584263,0.8998990762991901,131.048632117132,0.0219636130380388,0.0003933216475357926,1.4946137621584175,143.01622542956886,0.026489390004915715,0.010390992004183282,150,1.382827712043859,142.16094824002658,0.024207007730409853,0.0005431575886672692,0.10112445646211816,0.9754089984743488,0.00035958448139762004,0.0007547824624393217,0.8998654452815478,130.7866596634468,0.02203098991525096,0.0003012306948663007,1.4962546584869858,142.90157465771915,0.026560103045612342,0.009279138120823868
processed_data_batch_47.npz,150,1.3977742222348566,142.1546302412653,0.024042632180312343,0.003554532101863151,0.07550254672964929,0.3456227689373885,0.00018092635782045071,0.00019004291694836277,1.0274315051919158,141.4086233182182,0.02296225447417451,0.003353807330592104,1.4980260504022167,144.6284061026773,0.024607704056767005,0.005670551303371835,150,1.3977764430139887,142.15435218840625,0.02404282363449854,0.0008318606941293347,0.07550397113289004,0.34555009809171516,0.0001809904671956885,0.00027425238375672383,1.0274603943402127,141.40189035821263,0.02296446559443848,0.0006673288916487861,1.4980357988333972,144.62550627841367,0.024610509632475002,0.003967764987124834,150,1.3981363703036758,142.13524419977023,0.02404826933753496,0.0005103462458451683,0.07553343701048235,0.34739043791280233,0.0001767120997004972,0.0002665714233820427,1.0276724176867664,141.414042320889,0.022990810388331884,0.00032553644450031006,1.4983444471615115,144.66836366516839,0.024569144329020562,0.003492018377211782,150,1.3977514734132817,142.1573021386361,0.024070195917011504,0.0005973690290631961,0.0755093863485152,0.34731575846911034,0.0001791808404453653,0.00028121278398535296,1.0274161377133828,141.4163196301985,0.022999092883167135,0.00041370969883589655,1.497998451410906,144.67700796705955,0.0246036115704634,0.003753680141587442,150,1.3988079168848246,142.04130991742772,0.024111027828883795,0.0004821536981936786,0.07569990287173747,0.3496110046809012,0.00018240343917369503,0.00030900439477625117,1.027896910882237,141.258293301244,0.023059061190479825,0.00031721815727978357,1.4990980387178436,144.50397761072227,0.024693884946829208,0.004017809696663046
processed_data_batch_48.npz,150,1.3900444121076634,140.31046365000918,0.024104879180450706,0.003521317598829981,0.08256030632115605,0.3549988259774974,0.00015114730060902597,7.62694651894444e-05,0.9979796616939804,139.23955185325323,0.023780285362851664,0.0033281002471530073,1.4829056823653772,141.27881976678216,0.024571960024332838,0.0037079261692784284,150,1.3900471484332007,140.31001731700954,0.024105218843151508,0.0007930862012792767,0.08255417384066169,0.35506949955451633,0.00015138936286003164,7.276517937210503e-05,0.9979522140605915,139.24434014871923,0.02378290879534769,0.0006599673657037461,1.4828233270053213,141.27647676673342,0.024572832311885996,0.001017365328825838,150,1.3903138258302261,140.30556597789135,0.02409984332518293,0.00047367377583651377,0.08259644244170361,0.3522598534176372,0.00015046832907814192,8.055229603425811e-05,0.998277428012825,139.23854346067841,0.02377802480807616,0.0003114738697199415,1.4837461188888337,141.30186688730785,0.024566759246141483,0.0007627899975878728,150,1.390008656805026,140.3166103579967,0.024131192815442657,0.000551521416341997,0.08256946390480954,0.35491322923958546,0.00015132825976581113,8.715242085962853e-05,0.9979806693560185,139.24403277511993,0.02380376704438261,0.00040672145366408847,1.4829241613679176,141.28918429187982,0.02459794894964018,0.0008120372305721862,150,1.3910553749196681,140.2035097939708,0.02416499392052249,0.00045603755538545714,0.08277572540835712,0.3595883536153542,0.00015508763501284313,9.018799779223254e-05,0.9981702523015954,139.1399009973701,0.023814350576920693,0.0002624637633058141,1.484374059170772,141.18969556208393,0.02465388713013775,0.000757881091031842
processed_data_batch_49.npz,150,1.3562633048145556,134.87937854261486,0.024010192493302097,0.003580277072103802,0.10628252709665933,0.8451889740295873,0.0003681486237484885,0.0007998022773557347,0.8994935104154785,128.00819703945697,0.021358442408712132,0.0032404534558640495,1.4876299734691765,138.99208197859036,0.026339063791648472,0.011425360982196783,150,1.3562666198143307,134.87901480015026,0.02401034884505537,0.0009297933480278589,0.10628137156258283,0.8453314465867132,0.00036796583454433397,0.001025798691126097,0.8995054597467249,128.00783249498892,0.021358093657253458,0.0006279259903539015,1.4876361519702395,138.99678352666317,0.02633560347433875,0.010537366812643615,150,1.356431095856193,134.8911925961638,0.02398937458907858,0.000610808022830134,0.10631888872164523,0.8516796677900408,0.00036203384102529703,0.0010096590437486666,0.8993195100017789,127.91474978245006,0.021396773556792002,0.0003068937975138947,1.488172916204858,139.08909545495544,0.026264317193639527,0.010073944414928012,150,1.3561929261893289,134.89625879868063,0.024034471666310182,0.0006870449832273304,0.10629051280763345,0.8525688647450426,0.00036509336837776377,0.0010364907520126693,0.8994383197472078,127.92365406041307,0.02142914826195325,0.0003480977094715374,1.48792136416619,139.0729999066319,0.026333670608684388,0.010388944440574996,150,1.3572070316367641,134.7838051455048,0.024055559327169476,0.0006039193932631751,0.10657622745877639,0.8540037372965881,0.00037071891146498896,0.0010596107911739882,0.8991301691850115,127.8455815199319,0.021433607059332165,0.00028841159847453135,1.4887989178804297,138.91088660653392,0.02639390208076315,0.010389643980769097
processed_data_batch_50.npz,150,1.3442010166300642,128.60179402586633,0.02405671696218045,0.0035022510914402153,0.07833899589868994,0.7086131151506047,0.00013869074748441428,0.0004930837687608975,1.0321867712035282,127.78100641010529,0.023707827098709295,0.0032383525084048724,1.431276952401452,136.16636014040705,0.024460441059112936,0.009429469257348813,150,1.344202827884246,128.6015955636003,0.02405686909031687,0.0008165089352180003,0.07834303815540941,0.7090178766576908,0.00013878633790922952,0.0006419690983407903,1.0322091174333017,127.77617282044633,0.023710685252700297,0.0006163535589886044,1.4313090984350232,136.17173668067224,0.024462024227737942,0.008585204587141026,150,1.3442275742102003,128.6400993433067,0.02401255867114824,0.0005059524524899206,0.07835339054872098,0.71776418193108,0.00014045523749046482,0.0005800480857750271,1.0322213303326186,127.83563564782935,0.02362312379360363,0.0003287770220574076,1.430987945731904,136.33897493133225,0.024390332645005536,0.007512521837995384,150,1.3440701919994789,128.63198849941142,0.02407819788207253,0.0005769688862093811,0.07835292671102231,0.7120422949392597,0.00013875784293674722,0.0006432309137162314,1.0320321942697412,127.81108166473305,0.023714791975925978,0.00035135727520501053,1.4311426009779298,136.24888029589025,0.024458410350829622,0.008344919522296877,150,1.3451334627455442,128.51010612972027,0.024089820135073853,0.0004992076313702485,0.07854964889152281,0.7087822883454593,0.00013970365833864822,0.0006855252252223965,1.032466049215226,127.66176532982888,0.02373860709258433,0.00030655405551927034,1.432076441660214,136.04903964683828,0.02447472699795211,0.00878470648780655
processed_data_batch_51.npz,150,1.319457931887936,129.04567249110943,0.02402567198666481,0.0034349851347205244,0.11946157371393497,0.39958319957085625,0.0001328450494443936,7.947015320326019e-05,0.8508983407702494,127.93588200541615,0.02369369497708991,0.003174078030164191,1.4317456079671103,129.8926283729807,0.024381458468457688,0.003618894487958221,150,1.3194607016129043,129.04543882934954,0.02402560080814288,0.0007631908222004893,0.11946297453466984,0.39940308572636557,0.00013288638273960536,7.786542764948771e-05,0.8509519416856982,127.94145476725348,0.023693541471017085,0.0006126907060343394,1.4317431676673282,129.8904022342476,0.024381072144944872,0.0010401869012469935,150,1.319478339005526,129.08323518361746,0.02398347283324298,0.00045867491499401735,0.11953881824981628,0.4009929461894068,0.00013265806530333386,8.213101344043326e-05,0.8502796866116177,127.98709604334128,0.02363984406995698,0.0003037757739434305,1.4320116024406302,129.9334778620082,0.024358417593630964,0.0007896438904588343,150,1.3193333185029519,129.07561526176661,0.02404751831142929,0.0005231154331781122,0.11946871677013292,0.4000363422202222,0.0001328980698713463,9.098819497264299e-05,0.8507936127855893,127.97783201199341,0.02371964379740544,0.000322427904159459,1.4316473538255112,129.91266797251646,0.024399066487765336,0.0008465251201332129,150,1.3203258852365927,128.95937146781503,0.024057577298399208,0.0004356523443646988,0.11978369313609794,0.40547148272445205,0.00013857747515572027,8.01406284560374e-05,0.8503015979827971,127.85556260249889,0.023705352217398626,0.00028478422186734796,1.4328669855634744,129.81257404131244,0.024418412376393375,0.000705557404103781
processed_data_batch_52.npz,150,1.3849012871851487,135.6392310278635,0.0240447759160136,0.003567388631966441,0.07057274796455135,0.5004379382806426,0.00029282508659393117,0.000509587497104757,1.0649312319623887,133.1904980875285,0.02154577036864614,0.003336028700921651,1.531111809824801,136.46979124156277,0.024420310567259317,0.009181052614461952,150,1.3849014542019968,135.639153717114,0.024044803777337555,0.0008706633028785769,0.07056725612231778,0.49957352651916803,0.0002934411280278109,0.0006800368824408993,1.064925027283687,133.21832023417363,0.021544731453071415,0.0006417123874654733,1.5308230559727962,136.46921003753428,0.02442187713512893,0.007988560975363695,150,1.3851260610798914,135.64465741029397,0.024028898637633418,0.0005513090400195943,0.07061303266922174,0.49887841114552334,0.00028783875406727857,0.0006308388370928572,1.065184895855441,132.98906757892385,0.02152695635997462,0.00033466470968907035,1.5325990332459383,136.47557089096648,0.02438849835158097,0.00686176049455902,150,1.3848456103601314,135.65250931158272,0.02406986121211668,0.0006348920663904401,0.07059119709166863,0.5014316514597461,0.00029078919623672507,0.0006884739520823463,1.0648522811876018,133.11801620010434,0.02156934427726506,0.0003689970920093065,1.5315425927041162,136.4806637160917,0.02444055480525116,0.007788509256555077,150,1.385948312233443,135.53145767897178,0.024099627588015426,0.0005399441322718692,0.0708143558134807,0.516256384466141,0.0002866740598865534,0.0006353479053279454,1.0651757384766307,132.63311207970054,0.02159334878801838,0.00030328511099198625,1.5351969889657913,136.36843774994685,0.024494387047170257,0.006859963754306912
processed_data_batch_53.npz,150,1.3825048990919377,140.7251776993734,0.024074328204745924,0.0035148759150646176,0.08817005635058824,0.33236012321708575,0.00015342129837204522,7.481405704223004e-05,0.9182202927221669,139.888246412987,0.02356395236465851,0.0032377803922326617,1.4818554712010175,141.47742314624813,0.024516139484296873,0.003677526227492241,150,1.382507571814812,140.72488014702836,0.024074376894838954,0.0007998821823785716,0.08816822832066804,0.33252452688002154,0.00015330856726047398,7.5135022847967e-05,0.9182149778475026,139.8922239447009,0.02356680507021835,0.0006346427091761231,1.4818639237279814,141.4743764772631,0.02451540066450981,0.0010392551336649537,150,1.3828408122354527,140.71172184729022,0.02407414430459407,0.00048018691098209386,0.08819777295524855,0.32826846043458696,0.0001535594907597356,7.908777420128771e-05,0.9183322172582155,139.86442249548466,0.02357846568624388,0.00034456795886020147,1.4820426581619475,141.41101983114058,0.024536600805715462,0.0007639191140034716,150,1.3824741998309742,140.73004803785219,0.02410153013720799,0.0005574410106793714,0.0881749353865773,0.33185336119821607,0.00015285448512064237,8.71503443653085e-05,0.9182328879833419,139.8901578810524,0.023600868201169443,0.0003856217204793061,1.4818018982235148,141.47384508584884,0.02453949648790314,0.0008487822139289119,150,1.3835062059277665,140.61609494276422,0.024137244023991547,0.0004592612311004962,0.0884137577964819,0.33797601660025506,0.00015830305361736225,8.42672585463414e-05,0.9180988153365988,139.78651377076386,0.023635679686200246,0.00029661797435366806,1.4831343236649668,141.34051312431802,0.024594164607175117,0.0007725562477924045
processed_data_batch_54.npz,150,1.385354345300813,142.0048435378117,0.02414728605969356,0.0036761206526220004,0.09883989054867906,2.253160276747316,0.0006720358853717501,0.001391836465851784,0.9549425449165315,114.97588529369237,0.021479306585602976,0.0032770590142147185,1.5472276696001268,142.9891761690813,0.030837897817913573,0.020190976487047787,150,1.385356802003935,142.00474228669054,0.024147276978168142,0.0010008386330173221,0.09884927215702637,2.254902752462743,0.000673016842085784,0.0016006835056059183,0.9549169249428409,114.95360704616199,0.021476827579312126,0.0006552112400707745,1.5475104921739382,142.98589825759225,0.030849360693659695,0.01956693922364819,150,1.385653667587771,141.99186272683374,0.024149417202605637,0.0006760115173301153,0.09881874579213423,2.2533945577577827,0.0006791453322728952,0.001459454739261053,0.9553640887346264,114.95220565169446,0.02145645361398781,0.00033678968359156046,1.5451117604911004,142.966931973225,0.030941332095872486,0.01743212237391488,150,1.3853264294508931,142.00698049831297,0.024175852885090065,0.0007677592457015488,0.09884691819944877,2.2628674561070286,0.0006772543962241048,0.0016145204277709284,0.9549373240979847,114.85870738383592,0.021521839613257567,0.00039502555787611,1.5472622846208821,142.98636238597098,0.03095953714492078,0.019484425771684737,150,1.386415537439295,141.88998221076977,0.02421642393173681,0.0006667182786759443,0.09923788545394266,2.345609697958862,0.000713475508278943,0.001586498955772604,0.954616647961764,113.7259834813252,0.021537008010125817,0.0003096580775789604,1.5624828038213363,142.8624214650818,0.031513786573659885,0.01895841515071993
processed_data_batch_55.npz,150,1.3905766324873674,142.419885066374,0.02393984440102599,0.0035430310430403706,0.09880094331761666,0.3097434912519635,0.000146391492584511,9.520926105636606e-05,1.0177041400333582,141.5314709839826,0.02347901617519867,0.003315700226073547,1.4902677265962658,143.41068098162773,0.024289185549420094,0.0037697152433422312,150,1.390578945041543,142.41959797314465,0.023939975807425184,0.0007960261301133324,0.09880020025371088,0.3102611982759313,0.00014645531989640874,6.86914683375577e-05,1.017699747085593,141.53064520671995,0.023477557870027796,0.0006555367533565375,1.490244307373612,143.41210687496584,0.02428944852898655,0.0011327685573569537,150,1.39094501587476,142.4011473696544,0.02394502171995541,0.00047754998814712117,0.09883375316895235,0.3094650663818489,0.00014490573103469865,7.640175305690892e-05,1.0181588101034564,141.49491941091568,0.023491631093615878,0.0003202974870342944,1.4906382994491214,143.3875230821309,0.024318573883018904,0.0009046290102292183,150,1.3905533223363777,142.42215514597237,0.02396808186165803,0.0005576124355677997,0.09880966374910358,0.30916200498950425,0.0001456982334298646,7.814131084523101e-05,1.0177121930164776,141.5403972416073,0.02350537573619859,0.0003917189445777837,1.4902883335356893,143.40709357488407,0.024318584769947083,0.0009293123898652084,150,1.3915702042696032,142.31207922754393,0.024003262037820577,0.00044407469146193304,0.09905907465563216,0.3185157933600555,0.00015394947191450144,7.456312134538738e-05,1.0178732996940814,141.36121628400986,0.023536077516426137,0.0003038023304758714,1.4912318349317542,143.30210595202072,0.0243758517996339,0.0008239165010579217
processed_data_batch_56.npz,150,1.3770857407888144,142.50785762464437,0.023946696538396206,0.003560143749324407,0.11096190978923202,0.8011793946205835,0.0003820964572402433,0.0004059477261505761,0.8980130896763541,141.52440237372784,0.020570503412090362,0.0033716943769460327,1.4920005143856612,151.7020712932643,0.02458684073602733,0.00829397754137267,150,1.377088383371409,142.50740813197996,0.023947081635860495,0.0008406302359337318,0.11095857162629919,0.8005156579591977,0.00038177153058086547,0.0005146546825437253,0.8980268645818507,141.53001294804486,0.02057657764394548,0.0006394900128778502,1.491994286727643,151.69430820648827,0.024585059548401043,0.006680866813671996,150,1.377436851945212,142.49069831465147,0.023949990133818145,0.000514730851042816,0.11101941863019739,0.7947499763671513,0.0003781316200472226,0.00042633093657174864,0.8978203786692858,141.5196630232211,0.020633514404267708,0.0003239224125713036,1.4924478365277782,151.6002067699078,0.024592671588688688,0.005119902410079636,150,1.3770652579798786,142.51041397713897,0.02397345745661985,0.000602565153347565,0.11097136604766653,0.8002832907531805,0.000383824946256973,0.0005201838225376425,0.8980162313215972,141.53143420599082,0.020583097029655235,0.00035786609905860825,1.4921184177080407,151.69535539196104,0.02461098643033918,0.006467041580370233,150,1.3780232271409307,142.40527957172807,0.024006616055892528,0.0004890647319506795,0.11122542778465254,0.8405756821386913,0.0003996554294993514,0.0004608410712931147,0.8980056774582338,141.39750645763985,0.02035877962676631,0.00029492358575376927,1.4932235213152072,152.09203532200254,0.02466181642675884,0.005576381932717955
processed_data_batch_57.npz,150,1.3868091473754531,142.57343301967921,0.02396927255463766,0.0036632346768992984,0.09303057477837366,1.8798432536805039,0.0010442050342822115,0.0016449956112512877,1.026017469509856,141.6742685203635,0.011403229019089774,0.0033204987205102056,1.4859668203137264,165.14300411789498,0.024418281161541204,0.023651814251071723,150,1.3868159587313975,142.5726193359093,0.023969708830467833,0.0009472964352047093,0.0930322834018318,1.8802530554335188,0.0010443361078290988,0.0018355192539578238,1.026011067094053,141.6698635047358,0.011402366171984509,0.0006511205126459815,1.4859272955840273,165.1460896387458,0.024417511018342303,0.023262810174212594,150,1.3871566717318815,142.5570450150521,0.023972558517186025,0.00062014160436755,0.09306639033385931,1.8493932762259886,0.001025289862740337,0.0017434460384364253,1.0262346718232909,141.6994570913158,0.011640730586967607,0.0003496644324849396,1.4864698534084217,164.75232576441547,0.0244172859608977,0.02181484707705047,150,1.3867887846514646,142.57572021436232,0.02399718766543377,0.0007108302124222903,0.09304515755047822,1.8721290518524798,0.001041009373820704,0.0018420727032690339,1.025996719967201,141.67759223602482,0.01147000068962768,0.00037857190979076553,1.4859464533092268,165.05162398436386,0.024449124045365245,0.023102585211758894,150,1.3878377713879906,142.46185533276457,0.024034273712151593,0.0005881186254284065,0.0932939906314267,1.835360519551549,0.001037122959145982,0.001711901773641206,1.026332673962862,141.57651571865046,0.01156846758281797,0.00027912775732024303,1.4873304322410497,164.46546531334204,0.02450373918078259,0.021391543112667215
processed_data_batch_58.npz,150,1.3682074482833357,142.48925383751165,0.024115837848643754,0.0035218356307989782,0.11561532544313922,0.26064656878099723,0.00014324164882300417,7.574338134197216e-05,0.9168911726955354,141.77992765633329,0.023716233898439652,0.0033054534976347787,1.4878322351424775,143.1472061187378,0.02442825528001032,0.00367549726862698,150,1.3682128465271737,142.48858259063073,0.024116159927203798,0.000792507478683329,0.11561456767423316,0.26059915399301864,0.00014285481978581317,6.901978459828587e-05,0.9169123836236899,141.77675201878225,0.023714130249583014,0.0006045011743471833,1.4878616951175438,143.149039065696,0.0244300014736941,0.0009718601064071141,150,1.3685638837465248,142.4710469863489,0.02411938229018622,0.0004735692892035054,0.1156648376747889,0.2622127837531003,0.00014457736159653443,7.113612287014253e-05,0.9170856487352818,141.78716830116176,0.023732193738928233,0.00030779243181195076,1.4883854261937284,143.16121335964107,0.024430581735867797,0.0006682654742825496,150,1.3681845014588963,142.49227902376055,0.024142118149643253,0.0005532505534237797,0.11562438434185676,0.26078109168909586,0.00014311009214946574,8.012550597152678e-05,0.9168918408248841,141.78503887477748,0.023743981539736083,0.0003596899317886656,1.4878073598100336,143.14918025656021,0.024456497912679113,0.0007603694715317902,150,1.3691590441238066,142.38273882182494,0.024180588077171467,0.00044618237154704106,0.115915356117543,0.2699547642988684,0.00015387319098647908,7.957341485183248e-05,0.9166514183639523,141.62917868783995,0.02372915191958967,0.0002847496615250889,1.4891229821407534,143.09017454696922,0.024536368550194497,0.000685053497909187
processed_data_batch_59.npz,150,1.3875455972009583,142.39224881362472,0.02417178538376716,0.0035718390508143894,0.09828770490643843,0.3374084104171417,0.0003621228009456388,0.00026345512570445705,0.9440260808201114,141.47743583430017,0.023662165530386466,0.003263639622187181,1.493601470081229,143.90477405701037,0.02768791943810198,0.006428220735209871,150,1.3875521441187944,142.3914871598001,0.02417218270575953,0.0008546794891545921,0.09829152844037232,0.33715486594115196,0.0003623512734930496,0.00041854404290349426,0.9440665248243663,141.47500309732345,0.02365942407046497,0.000653828909027456,1.493598472766625,143.90288122981343,0.027689581400611788,0.005285110263808137,150,1.3878939467107139,142.3762824950342,0.024174778019550924,0.0005385088247214904,0.09831738268306608,0.33217651744065674,0.00036530704557142987,0.0004428865111440148,0.9441037806583364,141.49464923737344,0.02371299058765966,0.0003244735834273914,1.4938902526812432,143.8142583415234,0.027741734759775167,0.005187593315334216,150,1.3875245781397383,142.39481277052585,0.024199090106365215,0.0006236935916062172,0.09829347731480063,0.3373787885899888,0.00036175054464350617,0.0004365585178762865,0.9439938770330347,141.49269364533845,0.023701364247004426,0.0003958793971124736,1.493565226840826,143.9242965934069,0.027716911829983575,0.005199770397688806,150,1.3885559778064818,142.27944269547928,0.024241224507383325,0.000519051371647077,0.09854632115895133,0.3415858634549067,0.000369238574112937,0.0004602989721870956,0.9439237965917904,141.41898372127358,0.023744903835309007,0.0002948748492442889,1.4944913922922383,143.72298561356874,0.02781910373505913,0.005277092572108606
processed_data_batch_60.npz,150,1.3738401114064132,142.4771512703701,0.024107805362179473,0.0035173105628254295,0.10328908900429042,0.27132354554869204,0.00013379732663881407,8.758561944516745e-05,0.9876635293685655,141.81125531105897,0.02378182260289177,0.0033086022352739213,1.4944510556596418,143.0688050423329,0.02439895993866662,0.0037193135617870654,150,1.3738451262178994,142.47653911417504,0.02410809813695145,0.0007756466431511114,0.10328919740134185,0.2711954935392245,0.00013380633246630688,6.39873330638681e-05,0.9876619824186461,141.81227954354677,0.023782763000980454,0.000631362945043202,1.4944272132950103,143.0701431067464,0.024400932696345193,0.0009629542978763408,150,1.3742100529917256,142.45796198598384,0.02411205547839943,0.00045872127649404553,0.10332927271846595,0.27018789607204136,0.00013409177459881928,7.051351485509665e-05,0.9880648857564499,141.78736315106423,0.023777564009588754,0.0003351510706535781,1.4948895299411755,143.0475913965914,0.024407042860713657,0.0007519471154779873,150,1.373819866363503,142.4797616989687,0.024134336783433876,0.0005363963511162996,0.10329935137430293,0.27111811208577097,0.00013420723725608355,7.383907145662874e-05,0.9876613988173721,141.80972478459933,0.023801940909081953,0.00038016904441504263,1.4944366721402862,143.07508321645162,0.024418452309690107,0.0007637459866074982,150,1.3748059872692997,142.36770861549556,0.024174238121635903,0.0004377530586639449,0.10355063168841737,0.27141439126605166,0.00013621434820988818,7.877574938491963e-05,0.9878578297405484,141.71339847868978,0.023846186024242315,0.00027721992616974955,1.495704814021851,142.9689823188248,0.024481054695832394,0.0006419032477159221
processed_data_batch_61.npz,150,1.3904975429654693,142.48147596325987,0.024095206212493364,0.0035733958553937203,0.09189791874722517,0.6974098500296467,0.0003775023034454674,0.0004876970865770866,1.0013376552621327,141.67226417182556,0.0213464521653659,0.0032755239355595433,1.4961171498559938,150.0940198859646,0.027257880347995887,0.00908898229195799,150,1.390500947702087,142.48100981616545,0.02409548315400895,0.0008719069654408647,0.09189607803052136,0.6968254177041235,0.0003773730751646775,0.0006525116024551301,1.0013834560094592,141.68086167562493,0.02135163919118175,0.0006141738667875318,1.4961645225102174,150.08762783711222,0.027261159390125116,0.0079842804268425,150,1.390854455752862,142.46150881673384,0.024100935091109547,0.0005311997314516675,0.09192221632783545,0.6724034338954584,0.0003676164581722207,0.00047580187547324927,1.0015967150168916,141.65358542890434,0.021592383492007657,0.00032624549932822115,1.4966217590979582,149.7589725776678,0.027287145052307747,0.004992408306903221,150,1.3904768571415513,142.4843539233739,0.024121952724433307,0.0006362065239582214,0.0919095067430898,0.6982096137700168,0.0003789971939951774,0.0006570642868153301,1.0013011307462052,141.66675506704394,0.02135167483989074,0.0003389583334243902,1.496294622491518,150.10944798088406,0.02729254281828577,0.0077555441422510795,150,1.3914668697990638,142.37301195897186,0.024162227910328477,0.0005250121071982394,0.09210220091640488,0.7386287445130525,0.0003940620362043887,0.0005951632114372551,1.0014252949801463,141.50281537876103,0.021133096352500113,0.00030957705692587277,1.4972964318908855,150.47042249855102,0.027297655976112896,0.006735359851703324
processed_data_batch_62.npz,150,1.3806123990125707,142.51031204169485,0.024087967512597976,0.003534561271954212,0.0945134985608224,0.31815405231754706,0.00015740979258482656,7.912787298255619e-05,0.8988252659237853,141.63504632051288,0.02364295016908197,0.003341225277269507,1.4743718218754722,143.39456426230092,0.0244535391591044,0.00369454408726582,150,1.3806137661887439,142.51015294266008,0.024087960321925107,0.0007881538676311371,0.09451106348396024,0.3179154283291111,0.00015733681159994336,6.759412227366014e-05,0.8988740898095774,141.6276820789254,0.02364455976598622,0.0006467852401629746,1.474326890277011,143.39225166656738,0.024457955125646948,0.0010007129567614923,150,1.3809462640527232,142.49537829659997,0.024089954722076944,0.0004716196293988127,0.0945531762322078,0.313758485052862,0.00015406806952396933,7.304184060489391e-05,0.89855923441264,141.677296408501,0.023643396059188457,0.0003362994614808158,1.4749190582665817,143.36324506360208,0.024418821974107278,0.0006915527078973579,150,1.3805877600535625,142.51289516156345,0.024114543914441518,0.0005537065876160941,0.0945168950318354,0.31801609172580014,0.00015694879436665775,7.696652833920536e-05,0.8988094009219267,141.63931291747997,0.023669894730929553,0.0003882282136546677,1.474381189092708,143.39500157983542,0.024476610815819345,0.0008281601107653925,150,1.381583441477936,142.4008718799972,0.02415566364492531,0.00045281505718353674,0.09474904035593101,0.3245403596462777,0.0001628522353656369,8.088265340796848e-05,0.8985682823329529,141.51697174241818,0.023724431565374307,0.00029468667410244233,1.4754801195905591,143.28493314393344,0.024521880152821675,0.000684232867388081
processed_data_batch_63.npz,150,1.3777765810064992,142.43132180277175,0.024043896417843026,0.003560079662218977,0.10761343768288235,0.33709745602304114,0.0004155100547680803,0.0004212381052788172,0.9868461343700866,140.025722217089,0.019884006829934332,0.003302808404012225,1.4872109469422046,143.12172422530912,0.025827958270542975,0.00856819905805998,150,1.3777759055613494,142.43135927481305,0.024043968908969968,0.0008492165360580296,0.1076127331679902,0.33734047213325785,0.0004153032123009636,0.0005742090720767282,0.9868274409534061,140.02137148486946,0.019887404852178568,0.0006430597844905476,1.4872466063963579,143.11423458058195,0.025828052855083918,0.007659276879502801,150,1.3781302650357834,142.41377705840577,0.024047669632162736,0.000525204054997771,0.10761857035904329,0.33547548438876595,0.00041556978679069544,0.0005844827640298258,0.9872638236616575,140.01259950584702,0.019875319184747154,0.00032886460360961395,1.4874606223918625,143.11291796361874,0.025811269202695122,0.007418995505555256,150,1.3777536279412839,142.43341518713953,0.024071916269555203,0.0006076953120696782,0.10761859179907399,0.33860516882954195,0.0004152528618624297,0.0005829307506479981,0.9868630429661531,139.98896041978463,0.019916934786677967,0.00039066133641374646,1.4873540699057737,143.13024637166188,0.025855431225986106,0.0074925163350806,150,1.3787652474904564,142.3212927040305,0.024110461728062225,0.0005018166769095206,0.10789599681558214,0.3402827229577452,0.00041853537822826846,0.0005888997020515088,0.9870511042930522,139.94634312667466,0.019947916064181694,0.0002842518484786161,1.4883485241833383,142.98950708529662,0.02588384434492427,0.00745005327837786
processed_data_batch_64.npz,150,1.3799215339367619,142.51181419071426,0.02402442954844458,0.0035285303900423177,0.09374815363849631,0.2901277191039663,0.00013893393923639514,7.25567636484302e-05,1.019914407480968,141.8082092366233,0.023691759326525442,0.003296885443274719,1.487568610860814,143.1935335422177,0.024357321587869057,0.0036950271703438385,150,1.3799267702475395,142.51119642505597,0.02402470869777338,0.0008073052932726255,0.0937480571758302,0.2901036195240133,0.0001390314813007306,7.31685192062997e-05,1.0198957038264287,141.80945958065323,0.023687617428693932,0.0006058745452828944,1.4875562003144904,143.1912313007306,0.024360106668288455,0.0010600344842261488,150,1.3802597588401113,142.4954639020563,0.0240279332537472,0.00048094765526559365,0.09376028916677204,0.29003011181363436,0.0001384460841348174,7.392390068831644e-05,1.020387455018581,141.7350870676742,0.023709417609255747,0.0003326107332654437,1.48825139118019,143.22404054630664,0.024368941863981183,0.0007880497202816093,150,1.379894600440661,142.51432604807493,0.024052915566694134,0.0005642754963419949,0.09375650505126923,0.2903541047685193,0.00013884594302852229,8.366007794308187e-05,1.0199201422053477,141.805174079911,0.0237212814210867,0.00034891341221018874,1.4875750280074622,143.19733296967047,0.024389525104991344,0.0008791727995271194,150,1.3808959339988542,142.40175127397916,0.02409146916246996,0.0004602686266375164,0.09398886198764672,0.2994320127707119,0.00014620859249932943,8.225882144326468e-05,1.0203225393070776,141.64952896211568,0.0237825522875272,0.000328809802163141,1.4892477295143,143.104150791284,0.024437349656296976,0.000754080073368646
processed_data_batch_65.npz,150,1.3891573376206174,142.50233251292798,0.024083387058530165,0.0036133522760316687,0.08096223036460264,1.0506908096978962,0.000382890775273409,0.0006407534468972571,1.1144860375218317,141.66880939149345,0.02071987384013822,0.003374674742299497,1.480529247168285,154.3890342841876,0.02570670745671473,0.010630033739169278,150,1.3891614601824906,142.50182060679478,0.024083637636125827,0.0009112195350944369,0.0809604523190002,1.050151971565445,0.0003826685736392031,0.0008337207610769813,1.114488399532418,141.671449228843,0.020724225483848686,0.0006112099855966346,1.4804850526289566,154.38161662157444,0.025706104039491997,0.009645210944970506,150,1.3895387089572568,142.48450026885158,0.02408665864603094,0.000589542276422962,0.08100963465914562,1.0576235688272404,0.00039230777016983117,0.0007561060972413373,1.1147677403797025,141.62036141886801,0.02057026159292847,0.00031414915923954565,1.4810186596104542,154.45643387610627,0.025714707773564927,0.008211559366837685,150,1.3891345966487347,142.50585577097237,0.024109969590577388,0.0006793785063400202,0.08097469786244489,1.0525806680577747,0.00038368107516766113,0.0008478279551722903,1.1144226665897825,141.67111400788974,0.020723238811956004,0.0003472597786223356,1.4805129460880286,154.40442518377222,0.02571516094756639,0.009535982443342883,150,1.3901045366220401,142.39414765627646,0.02415115306180582,0.0005788289161948114,0.08113630532494329,1.090208831059126,0.00040043644129717697,0.0008598893559491233,1.114796450302537,141.52817332051475,0.020533684135797155,0.00028266936996196394,1.4815913492601331,154.78901742111395,0.025788166523721057,0.009386405224460477
processed_data_batch_66.npz,150,1.3834180783257273,142.4882188817546,0.024026728952663716,0.0035342428519318236,0.08360245702783993,0.27929598848204185,0.00012745194217266852,7.737798307943488e-05,0.9888404142265367,141.71871482925982,0.023620606349063714,0.0033787501782759684,1.4983036526820162,143.2811612032533,0.02434571271855344,0.003732545546165899,150,1.3834227735224456,142.48758071457874,0.024027157843969114,0.0008008720518525521,0.08360183585898587,0.27890106449355934,0.0001273088827167399,6.983927212264147e-05,0.9888327474876262,141.71245399270202,0.02362242591862002,0.0006448773100132362,1.4983320285869859,143.27683242508604,0.02434494027332159,0.0010039614441958655,150,1.3837551006697615,142.47297790725935,0.0240291243841988,0.0004804781354394778,0.0836210541206178,0.2773891929564683,0.00012405712028916901,7.293448256959177e-05,0.9891092950891492,141.70535715931655,0.023626873434798048,0.0003019319151185257,1.4986217212038186,143.25033186460425,0.024335403654385784,0.0007113244977047756,150,1.3833941619487486,142.49101004516118,0.02405351712036906,0.0005625501508948503,0.08361306112186925,0.2786378035569404,0.00012677978439791363,7.773771839756762e-05,0.988837785327398,141.71551658064251,0.023642472534162524,0.00031945458235245363,1.4982667653330408,143.28373104392023,0.024364860918029675,0.0007853939910541407,150,1.3843876573775373,142.38000627491826,0.024092862844028576,0.0004526463982249422,0.08383651621125106,0.2838328049003273,0.00013244654611189855,8.012802882285922e-05,0.9890766410942508,141.5846270058131,0.023700856167771955,0.00025634098067624884,1.4993858802141726,143.18215747966715,0.024420220270469976,0.0007742215489986631
processed_data_batch_67.npz,150,1.3767760116612306,142.51735490054023,0.023996350085906996,0.0035520394453666814,0.08014572032316979,0.7725487722996452,0.0003302631333427488,0.00031121761689065843,1.107070166106161,141.53519954242316,0.021058040695174193,0.0033410090125498867,1.486729474845561,151.01808163711726,0.02548865571293098,0.0071802375854160255,150,1.3767807625648854,142.5166423250821,0.02399685271074503,0.000847001032109929,0.08014067890190381,0.7718203803819023,0.00033007943139831355,0.00045022795875120395,1.1070658980242714,141.53258668874938,0.021064346883898074,0.0006200790827293085,1.486711824890955,151.00485730504607,0.025492559170998595,0.005994824716892273,150,1.3771200233400853,142.5006164277539,0.02400005149044993,0.0005174823959092264,0.08014751251128298,0.7568089026001458,0.00032554169385108313,0.00035427310917671373,1.1074749071169252,141.52175345692334,0.021116009969672153,0.00032341968624501565,1.4873099751531322,150.80564848413022,0.02547891880139317,0.004337735278506037,150,1.3767487460478667,142.52041870450063,0.024024016376449128,0.0006077177522078771,0.08015223042054312,0.7728437375631141,0.0003302449296600983,0.0004579419271560931,1.1070530628827995,141.5361276891969,0.021070520906937396,0.0004059385201533023,1.4866823095611328,151.030889657344,0.025519013598132963,0.00582661934380139,150,1.377719670044627,142.4128436961799,0.02405922766078374,0.0005011452283853814,0.08042294894627429,0.8201003199957484,0.00035028734422262053,0.00043803829247979025,1.1076872430795461,141.43109222611952,0.02081601875051456,0.0003032221618834969,1.4878931061977756,151.51695949871973,0.02551220772309456,0.005393392173306376
processed_data_batch_68.npz,150,1.3896275266543276,142.48445600826352,0.023972675792140852,0.0035568671089648324,0.0903352157160332,0.6572542383900456,0.00023008271195081527,0.00031874074314730045,0.9560140499081756,135.24382043600014,0.023539240394340587,0.003280513370491126,1.4790320864020758,143.34074955885936,0.026080272667791882,0.007316477839456124,150,1.3896271066264618,142.48460089796,0.023972428164729966,0.0008279047049501376,0.09033676326931818,0.657236531094873,0.00023005427767312754,0.00042935375205815733,0.9560464077845342,135.24800699087362,0.023535740268418294,0.00064612406172056,1.4790843772803464,143.34588056470375,0.0260778961958288,0.005980744990671139,150,1.3899637507591591,142.46648225336486,0.02397832042827337,0.0004965951828831702,0.09039605830940153,0.6589104677002543,0.00023234447871620453,0.000307517051720928,0.9562078873580027,135.1725085354002,0.023586332395253182,0.0003456151159388209,1.4796488229490303,143.26566576877224,0.026166388301652237,0.004134221200130737,150,1.3896030631935032,142.4867918641163,0.024000525358893146,0.0005909985566498806,0.0903437921039918,0.6578428784234369,0.00022958489249812666,0.00042936716589189,0.9559956142397819,135.22914792139315,0.023573958273388814,0.0003802301451311298,1.4789777469204535,143.33219029133474,0.02611863797389337,0.005726131845878317,150,1.3906219884606186,142.37365749007915,0.024040260670538546,0.0004774628672746063,0.09055516406132463,0.6738182285227511,0.00023788803307578897,0.00038848054748780717,0.9558220819323082,134.9242377790475,0.023612221342755365,0.00027530345704695385,1.4804920466570173,143.2359794129686,0.02621072032205501,0.005103796641395921
processed_data_batch_69.npz,150,1.3822295664132227,142.4438110839939,0.023982532230382287,0.003605302356469021,0.09766709709619323,0.6512083038252776,0.0004110382027228199,0.000655544883613007,1.0139898355510164,135.44529730679966,0.023111581037218172,0.0033231928781642926,1.5020288704441365,144.2834025560592,0.028124330230444944,0.01006809618056031,150,1.3822309734482823,142.44361960626148,0.023982576233785545,0.0009081478093757497,0.09766400962579808,0.6513010359137602,0.00041082650009873005,0.0008833962202483035,1.013990980703371,135.44568231224576,0.023110766495099164,0.0006549595098735534,1.5020292387213223,144.28696394914297,0.028121466692302418,0.00938584512476817,150,1.382591822170834,142.42487788224025,0.023987392635981236,0.0005840480353524412,0.09769792063967733,0.6571576954083586,0.00040746793119770484,0.0008761431546086419,1.01450012351575,135.35972345960997,0.023167246878362538,0.0003127222220558138,1.5020564164146575,144.32766142070935,0.028103012925814134,0.008868371290693422,150,1.3822033416818127,142.44641233823728,0.02401075364450091,0.0006677834179621867,0.09767389706959002,0.6560930255573539,0.0004101361037202697,0.0009001089503885798,1.0139546648984086,135.39116604049025,0.02317429740051783,0.00039068317401601564,1.502102776434221,144.33513689577993,0.02814550671395046,0.009265935203025355,150,1.3832347062340766,142.3303353599765,0.02405041016458761,0.0005616659892477371,0.09791505077490668,0.6589811617288419,0.00041108123190460044,0.0009287531498830202,1.0140861337297584,135.24963917778953,0.023224304209885607,0.0002956611149143752,1.5034714924847774,144.1633140418854,0.02818977676217906,0.009402293937972673
processed_data_batch_70.npz,150,1.3789547116732743,142.4144252934047,0.02398515147561621,0.0035267113214288016,0.10247141166872749,0.31200436791249436,0.00015106948441425829,7.96116860873768e-05,0.9402689588077152,141.66001973629724,0.023508082025952518,0.0032728697499437138,1.4919537734637092,143.1362881578531,0.024343353776377027,0.0037082162811991055,150,1.378948326884796,142.4151519359236,0.023984886222969983,0.0007982464102511201,0.10247223762171773,0.3119017947390883,0.00015102126415179537,8.161168461403228e-05,0.9402660572916243,141.66506912794503,0.02350572607031129,0.0006122169976254644,1.491934995280731,143.13781681314728,0.024343033419997575,0.001114066857724543,150,1.3793357116730485,142.39410312710606,0.02399108469503664,0.00048289286567401615,0.1025063655588729,0.3105657379473123,0.00015071448025230302,8.66742825890532e-05,0.9406146159833113,141.611756467732,0.023514093984613047,0.0002791630142315606,1.4923505502101828,143.1198609687034,0.0243551563350069,0.0008225718176885013,150,1.3789365072174902,142.41603225165062,0.024013431772112185,0.0005638614646420283,0.10247400115088481,0.31173865628422753,0.00015006131079648165,9.632867067823694e-05,0.9403006092188653,141.6593465729627,0.023529771718265678,0.00032279404388023305,1.4919301589688025,143.1405692572292,0.024380219962794134,0.0009787136766249125,150,1.3799210568403633,142.30689499611526,0.024047813441202468,0.00046455539213370627,0.1027194157347179,0.3212004418579588,0.00016217201710347622,9.886503141276647e-05,0.940267967660568,141.48485816002372,0.02355054941314514,0.0002819440045009471,1.4929838377481932,143.07418137661867,0.024443089185576885,0.0009212549592278141
processed_data_batch_71.npz,150,1.3906387391910584,142.5067677825444,0.02391421433953512,0.0035555529973625493,0.08659609591466484,0.3749432493907369,0.00018331038674327866,0.00024078697946774342,1.0241029780572346,141.54798861292005,0.02329692341159649,0.0033154201357538434,1.4918809014536938,145.09603043809483,0.02500480775676587,0.0062008514068795755,150,1.3906484110139812,142.50563481001146,0.02391480828039826,0.0008438521228091643,0.08659912975746903,0.375227864964557,0.00018317225457222344,0.0003595048400275016,1.0241074727439752,141.5488351541654,0.02329720172573165,0.0006572537630625696,1.4919071755563609,145.10168360322098,0.024999507616848857,0.004764841525449066,150,1.3909599615844528,142.4924928734779,0.0239169108419929,0.0005228896563444443,0.08661696403355014,0.3753603850382351,0.00018325174042498152,0.00035294499741508634,1.024632791939394,141.48033835615303,0.023324988110065396,0.00033227375628236145,1.4922803018664297,145.0460276276856,0.025040135428836038,0.004298831704049098,150,1.3906136559631297,142.50956328113892,0.023941904459080964,0.0006079871240973876,0.08660260702671702,0.3778813744924325,0.00018167719706464327,0.0003614771993513861,1.0240986506149286,141.5439259742573,0.023328083785915193,0.00035180016230566,1.4918468201311559,145.1606080031451,0.02500381131285831,0.00451550786271438,150,1.3916356191473305,142.39572972611924,0.023980375142368594,0.0005006890483642488,0.08682041699681996,0.37120486506667644,0.00019127789058440432,0.00038878709360970693,1.0244096136002578,141.44526320857568,0.023337249948983483,0.0003017240927892885,1.4930670629712706,144.8544738570358,0.025186383585472982,0.004703026328386506
processed_data_batch_72.npz,150,1.3964505782356522,142.53327147758597,0.02395808588754882,0.0035321372878609645,0.08138827378411392,0.2840896244915052,0.00018530735524615571,7.862537267229016e-05,0.9922628424251365,141.65975443341443,0.02351779244120709,0.0032925433140198906,1.4956746293318843,143.22909422635422,0.025291008997765155,0.003817559041493719,150,1.3964530430140725,142.53295868276655,0.023958308580957356,0.0008015884901885813,0.08139053267958073,0.28365782682801705,0.00018510367188059111,9.406009442433625e-05,0.9922623402016029,141.65895225225748,0.023519616971964082,0.0006093277782003145,1.495644968312009,143.2244659880793,0.025290266853566327,0.0015269379853527119,150,1.3968208065762526,142.51323486557183,0.02396417629334314,0.00048693985600681137,0.08142717390191058,0.2853531523651012,0.00018669049152964169,0.00010510566633337898,0.9925787907494786,141.57558250938115,0.023510624581017135,0.00033253443439290007,1.4961325886860513,143.1807204908086,0.025334299429682426,0.0013784070178448726,150,1.3964275080574249,142.53531403628344,0.023985936808535474,0.0005647006179156019,0.08139374221800169,0.2841424845291014,0.00018469608235250463,0.00010856170776722579,0.9922521111459405,141.65536931226364,0.02353816857676494,0.0003560659910444559,1.4956733612349686,143.2239141899897,0.025312126809035378,0.0013876859387638829,150,1.3974946492263838,142.41776002462947,0.024027689508906935,0.0004565892320980607,0.08158768849362634,0.2901708603238908,0.00018999318113163422,0.00010806262749835335,0.9922618532703946,141.4934740443806,0.0235790419664443,0.000282544607435128,1.4968680412399917,143.10217723816712,0.02537719808731858,0.001336573754317824
processed_data_batch_73.npz,150,1.3894149692723974,142.42209886355033,0.024001237837378103,0.003589341299196094,0.08911142068411437,1.0455637565814606,0.00048476771744601047,0.0006230306182158249,0.9861053146829308,130.21729862800518,0.02205201266478471,0.003257470915575293,1.4906865508991451,143.37028511497206,0.028874392101494402,0.010906529211057248,150,1.3894192744149985,142.42156275804092,0.02400142603982101,0.0008927237976408607,0.08910698649148453,1.045750727025825,0.00048501778128140407,0.0008055396079788324,0.9861173732349453,130.2135730787573,0.02204798916626464,0.0006229938365073427,1.4906364605252476,143.36839091214696,0.028876595067517448,0.01009336790521451,150,1.389793421324164,142.40487223699728,0.024004576797013618,0.0005772166878866089,0.08914613821986099,1.0163350887937508,0.000464214380710961,0.0006767104830938935,0.9863035694780405,130.59315801686319,0.02207194979025162,0.00034713416838503386,1.4912029315397777,143.36145278364185,0.0285586227408711,0.00799033120525797,150,1.3893896539301034,142.42439107177415,0.024028975639140537,0.0006590716829310734,0.08912034048812133,1.046549840916349,0.0004852892574282017,0.000819813840144101,0.9860882735406227,130.20726235331696,0.02209577663973595,0.0004040292254557953,1.4907003954152103,143.36931787288904,0.02891522283534271,0.009990430863255406,150,1.390416626166032,142.30934023644767,0.02407015315124917,0.0005522156836574052,0.08931428926214874,1.0758576797014128,0.0005018479152947734,0.00077341608117519,0.9863596151237175,129.74254910638098,0.022105268657528827,0.0002912435037180074,1.491730922637057,143.27599433421588,0.02917271811370189,0.009234845824267148
processed_data_batch_74.npz,150,1.3901900171241148,142.50225420675045,0.023938397611819522,0.0035320328468262073,0.09406349291059934,0.2881261006070312,0.0001596079581473294,7.897790156399734e-05,0.8381277300376523,141.72078967763235,0.022789294368877187,0.00328824280209165,1.4932258043951336,143.24293362936035,0.02423604223676677,0.0037127128843569817,150,1.3901889375916419,142.50235125431098,0.023938415690666938,0.0007879215352433024,0.0940625452555225,0.28775883889068515,0.00015925364067722708,7.209920175784691e-05,0.8381333631866064,141.72648586342316,0.02279021943134257,0.0006211886412406583,1.4932467368521685,143.23734919302987,0.024238472356562204,0.0011593094590090815,150,1.390521852019223,142.48681711753034,0.023942562212141263,0.00046728083510684065,0.0941029470977505,0.288053983602523,0.00015962474509096286,7.667218686187182e-05,0.8382995053727662,141.70011143672244,0.022799310565002028,0.00031020486088097297,1.4934303119399914,143.2514338019953,0.024244497596785885,0.0008541510263940193,150,1.390164637239657,142.5045469989834,0.023966958917578617,0.0005466211994716208,0.09407139462340004,0.2878761859829439,0.00015891512174118758,8.596236314590885e-05,0.8381533238101241,141.71938867115333,0.02282286701427931,0.00035805216490669554,1.4931641191071916,143.24555574000811,0.024254036347383563,0.0009554204497945732,150,1.3911880164198802,142.39299890252343,0.024003263240790933,0.00044264320350292946,0.09430857359856645,0.2972574651738994,0.00016791352979771715,8.237711016638533e-05,0.8378132101393282,141.58187728492985,0.022810073253897188,0.00030081399138976475,1.494605780098248,143.14894031857074,0.0243323752486885,0.0008728582132689311
processed_data_batch_75.npz,150,1.3857965518520496,142.484739716299,0.024040474175517842,0.003600062385662556,0.09985420101591225,0.616988612890733,0.0004329755127595959,0.0007581771918611299,0.9878562396788254,135.8279999146168,0.02135442984039208,0.003290438250707228,1.498377692777317,143.17335799093786,0.027066018253099722,0.012502619721252073,150,1.3858004922290916,142.484260134259,0.024040697593844473,0.0009105696903792635,0.09985360345568386,0.6182541742171296,0.0004329445955122742,0.0009557049721055063,0.9878726280320063,135.81014046401722,0.02135303841148225,0.0006454223444988375,1.4984396608289872,143.16998901963103,0.027068857620654137,0.011760494503370848,150,1.3861706768285742,142.46474700991234,0.0240465463606112,0.0005996812231555842,0.09987963368610515,0.6217821376126814,0.00043127945828899775,0.0009379367111661786,0.9883184301176973,135.7473756646676,0.021346164803325733,0.0003659361865108945,1.4986289164182485,143.1716207450289,0.027058534599142085,0.011131438388976244,150,1.3857798725459718,142.4856737250743,0.024069404787670633,0.0006807600461644393,0.0998615709135553,0.6220423235374545,0.00043217551084772396,0.0009646332314468207,0.9878394082218857,135.75670590896402,0.021372371870231457,0.00040838197405923744,1.4983493432559836,143.18833304459045,0.027092584751136857,0.01157942542461429,150,1.3867783794927737,142.3758081767761,0.024106171390323394,0.000579105447541014,0.10011366064367501,0.6184445592834344,0.0004349590557804474,0.0009874155761618376,0.9877095651958924,135.7340597550832,0.021432913946332902,0.0003138392995437167,1.499462072410921,143.03074998288625,0.027160533642440397,0.011731289366257305
processed_data_batch_76.npz,150,1.401849308151474,142.4956639797855,0.024079112994463886,0.00354013645819826,0.07616522996374019,0.2972671693761583,0.00014976178416515533,8.152362305212977e-05,0.9815050340441326,141.71582985933608,0.023593985646927433,0.0032950674889686117,1.4972892280434602,143.3204726267209,0.024453956521714282,0.003742694211694182,150,1.4018507560768951,142.49548497209656,0.02407919753568687,0.0008005576839280208,0.07616531003739113,0.29749035673194507,0.00014986737535401632,7.425728371127929e-05,0.9814841087628355,141.71434460667368,0.023591520692273615,0.0005898987427791981,1.4972930806217337,143.32463715016078,0.024455468994024874,0.0010138321931784247,150,1.4021960388590526,142.4793021583379,0.02408284827507996,0.0004795112353181774,0.07620286134992899,0.29577314462618753,0.0001479592364823214,7.468527224536664e-05,0.9820881526649948,141.6718984718023,0.023606441786037054,0.0003237411750019392,1.4980186397057775,143.2884196580339,0.024448012454528968,0.0007172567730760127,150,1.401825499699252,142.4980400957536,0.024106522034443238,0.0005654277333030545,0.07617286420717626,0.29611432461400583,0.00014876071425774491,8.511896803837584e-05,0.9815231881879766,141.71381325747936,0.023627179918470295,0.0003601148834117356,1.4973027263763161,143.32124268032507,0.02447247919215354,0.0007982374193521906,150,1.4028821061712937,142.3798606096572,0.024151017941769506,0.0004573532686090459,0.07636787629259148,0.30072607398563644,0.00015325468283307133,9.337550786384503e-05,0.9815542402702346,141.5507847925979,0.023631457943183092,0.0002877503905163723,1.4985125616611759,143.2417975727348,0.024540686671110732,0.0007886543777082368
processed_data_batch_77.npz,150,1.3889803468941022,142.5225044732011,0.024098673931618204,0.0036007201581544387,0.09355221713783594,0.5611998646370887,0.00046218606390165617,0.000548905275140909,1.021483991923484,137.26295007818496,0.0226868274460437,0.003240396195776969,1.4825798162582406,145.19821209260695,0.028816496768957985,0.009610475825732823,150,1.3889841821346813,142.5220476040539,0.024098969908434922,0.000882647356717994,0.0935552843935482,0.5614354148415455,0.0004623198910473964,0.0007416379168211172,1.0214480799528265,137.26154174254015,0.022687513602321744,0.0006209389829990776,1.4826033231515585,145.19653283376908,0.028817094315525243,0.008924037256395753,150,1.3893367299097072,142.5028308555704,0.02410427074831489,0.0005608938736492521,0.09358889007797493,0.5685475812447419,0.00046276592294332834,0.0007236396861432994,1.0219620063587465,137.1777578094853,0.022680012729124517,0.0003058389273777745,1.4832522668219779,145.2425711711401,0.028796767116338162,0.008680831808802301,150,1.3889569047624164,142.5252052631125,0.024125711511996915,0.0006462648289459187,0.09356043654834166,0.5638715633043025,0.00046196549481301614,0.000757515918879676,1.0215044020008996,137.24900501110272,0.022705033892226136,0.0003865216471923871,1.482581056332115,145.25509133511693,0.02883750781882608,0.008841340620140789,150,1.3899780418544305,142.41257473944077,0.024165022630557545,0.0005401204729622028,0.0937884870668296,0.5748241207225797,0.00047139605658255425,0.0007728335109216907,1.0218562067120989,136.9485586929595,0.022749340194710806,0.00028294795524280464,1.4837948607574736,144.99047482214118,0.028956574906345255,0.009010465823708742
processed_data_batch_78.npz,150,1.3920128848053144,142.52495106911675,0.024117804180129595,0.003529365262422653,0.08760208708960296,0.31690260786252383,0.00014886684520663297,7.55618341939731e-05,1.0210978046345196,141.419924699533,0.023744077658979356,0.00334207908461625,1.4861149578898494,143.22885248075647,0.02450319450877845,0.0037187240437874538,150,1.3920151367312754,142.52466318867044,0.024117914646709468,0.0007994298344238776,0.08759951532401193,0.31726050502423786,0.00014916124574490704,7.273161595238051e-05,1.0210919403438232,141.41660559922292,0.023747137297624826,0.0006382554756099323,1.4861422143212057,143.23009635750984,0.024508113004659993,0.0010824543149481054,150,1.3923820418877737,142.5065886419073,0.02412203845325126,0.0004784041328116523,0.08761309242521803,0.3189545200423971,0.00014827538874375367,7.646841492584223e-05,1.0216041240281486,141.4489655710585,0.023759397585993748,0.00031723511536616467,1.486115472532898,143.21558300949923,0.024514960119637334,0.0007188035841541259,150,1.3919899959549291,142.5276639589288,0.024144629437313606,0.0005636269141849957,0.08761078255114065,0.3163983828745246,0.00014785659030618715,8.155941247178646e-05,1.0210936527170396,141.41471314374763,0.023776475379817124,0.0003566925424734884,1.486106289828457,143.2313492669789,0.024513058032555782,0.0008130373032220275,150,1.3930430955557263,142.40848924138976,0.0241906073739014,0.00045578101483982023,0.08782922851568682,0.3203651350704023,0.00015358566536191932,8.587741111346539e-05,1.0213147535230254,141.28407671286607,0.023790040865052313,0.0002807296526605357,1.487225028076691,143.11389763979426,0.02460226428051992,0.0007968173813772191
processed_data_batch_79.npz,150,1.38543557276794,142.67991318239865,0.02405255921566848,0.0036502543578216355,0.09290085982102467,1.5940922838205411,0.00048587644577685146,0.0011964019503141105,0.9462777108687664,140.79290759304803,0.019285268146152945,0.003296688164916985,1.4943824187964494,160.96397450569728,0.02443871209447666,0.01779826428188352,150,1.3854337881021126,142.68008576823303,0.02405238328609239,0.0009548012762190879,0.09289319781878694,1.5940971033201838,0.00048569175481544627,0.0014023624870468795,0.9463312110689402,140.7894286996427,0.019287477916237635,0.0006389634183259108,1.4943678283020392,160.96249976204354,0.024440235048721125,0.017156815280134016,150,1.3858194556286532,142.6640810003566,0.024053804707715194,0.0006256602698380522,0.09296891520057961,1.637385040737433,0.0005231593522849264,0.0012218774630429541,0.9462908678142686,140.74439943217516,0.018758232038800112,0.00030698894576331815,1.494663081226026,161.48688666632955,0.024458088762517385,0.014598428608256208,150,1.3854143795431955,142.68308357051393,0.024078888756121616,0.0007216899326020772,0.0929153658469951,1.5995880998854968,0.0004896340383000327,0.001411877376636547,0.9462519984294842,140.77484381766192,0.019246724096895852,0.00039074387920027826,1.4943500732913961,161.03385699058552,0.024471164211776825,0.017003286519441534,150,1.3863707451930458,142.57395844980297,0.024119042013083347,0.0006139346337621606,0.09314975641180125,1.6372598410432793,0.0005046079014811208,0.0013959972610349575,0.9461727656347312,140.72655459236864,0.019142771510927584,0.000288144082408982,1.4955161197334577,161.31912065261486,0.024527584447566874,0.016691064117833387
processed_data_batch_80.npz,150,1.3969641038684646,142.50251360692735,0.024111757897203143,0.003539748658647517,0.07646681010488068,0.31156176068639063,0.00015395741258996117,7.485178567569915e-05,1.0658858835821632,141.90648028894498,0.02374059388942349,0.0033354793553338224,1.4875525211180236,143.42759519163042,0.024508826744320207,0.0037072381853955733,150,1.3969670726253336,142.50214013031518,0.02411198502314566,0.0007940968740423475,0.07646647443583783,0.3118213812437533,0.0001540460852351591,7.600741583947981e-05,1.0659265306043038,141.9059355706829,0.023742664898569375,0.0006499405611443156,1.4875780562829866,143.43003926194538,0.0245108988119044,0.0010442860253551936,150,1.3972894228696224,142.4876843681127,0.02411560642112912,0.0004776624475737007,0.07647251908431923,0.3105192570636279,0.00015402395976034603,7.9247352255728e-05,1.0662349894618142,141.87641628652108,0.023725873207583948,0.0003043478878492079,1.487816545741328,143.41470546972548,0.02452726602658307,0.0007246734051563403,150,1.396942388673704,142.50434754240376,0.024139679165307227,0.0005609320504430206,0.07647550502823411,0.3107700532083231,0.00015353142508696575,8.937850584544277e-05,1.0658630599023018,141.90815987628432,0.023769687051944873,0.0003641715242919965,1.4875187038958035,143.42534184276923,0.02453361129899175,0.0008649989253232677,150,1.3979740527574624,142.3911866631923,0.024178686171670766,0.0004503187369301017,0.07666779582001543,0.3173988288108663,0.00015854791490371134,9.150451876519948e-05,1.0661109179424424,141.79958542025133,0.023794026756223288,0.0002802611723231146,1.4885944053792917,143.33085594490277,0.024591742427764664,0.0007499208176133455
processed_data_batch_81.npz,150,1.393849622910626,142.4955457899295,0.02410414797551909,0.0035800336054556147,0.1028402800818593,0.3754384887410613,0.0003566189776755424,0.0003443978924532722,0.8605517775021758,139.4231741739624,0.022458060339220206,0.0032728187106468147,1.5047846935143607,143.25275055683534,0.02704556130568475,0.0070365241614509695,150,1.3938481350189917,142.49578398637874,0.024103834722868863,0.0008606173302729409,0.1028379672170805,0.3754049848534183,0.00035646849982711565,0.0005252473691945711,0.860608023908727,139.42485654251462,0.022457314640536696,0.0006138194994422316,1.504767822232793,143.2556381461705,0.027042075380395922,0.005967129606329034,150,1.3941946992963055,142.4784493431356,0.024108888027508008,0.0005401828125535426,0.10288605860053461,0.3770864834595321,0.0003566609462153119,0.0005360452538697149,0.8603113903432186,139.3548047798561,0.02249215941635459,0.000316495923590309,1.505147482636625,143.2283373735339,0.027072338505504306,0.005656577416766347,150,1.393825708222754,142.49779276074256,0.024132140473578693,0.0006249460981246722,0.10284565504099577,0.37657314090064026,0.00035683539027014845,0.000540289772185339,0.8605361235049764,139.40008490438592,0.022500909181894527,0.00033919553506088946,1.5048072396377654,143.27201663022515,0.02708553319545865,0.0058438541341315755,150,1.394843659750196,142.38589482553414,0.024171285443945745,0.0005164093690070435,0.1030991646767306,0.37716101479995373,0.00036448587216714314,0.000560056083198132,0.8602452536540045,139.33751329617436,0.022510290059374792,0.0002986828680194769,1.505572933186589,143.1116861557227,0.02716490079336534,0.005906772428763628
processed_data_batch_82.npz,150,1.3821410556586367,142.5442065042456,0.02407890022071913,0.003521923543130172,0.10584840834693082,0.28696935508746685,0.00014159598599660102,8.176318913775934e-05,0.8986495479854145,141.82738456777474,0.02354623792839059,0.003297354755063467,1.5143059791023046,143.46464698069934,0.024494809307813756,0.0037083180048184047,150,1.3821445758323876,142.54383559468633,0.024079067633584254,0.0007951717054009753,0.1058519622095771,0.28661240741626043,0.0001417192746908895,7.506519023112008e-05,0.898620594501583,141.82779676023122,0.02354638489459231,0.0006524033436078018,1.5143551229633245,143.4637815285771,0.02449496446108151,0.0010607572509735831,150,1.3824978376721908,142.52604292700335,0.024083396471708703,0.00047255697244224387,0.10589081476002123,0.28603904463526053,0.0001404520759032907,7.284459707768789e-05,0.8986918854488957,141.81385482358675,0.02357781649927557,0.0003235017400384044,1.514878679730806,143.41894504961002,0.02449252189696998,0.0007311942014836791,150,1.3821179835500446,142.54617182483878,0.024107001482317873,0.0005565342946438111,0.105850295918097,0.2865543127185727,0.00014096625881348536,8.536962637898526e-05,0.8986788277885059,141.83054673376736,0.023578153156143283,0.0003699766884921392,1.5143170948760487,143.46277147108304,0.02452476220003124,0.0008361438664321998,150,1.3831356829929176,142.43155295082838,0.02414891417071415,0.00044600746122921086,0.1061021749621032,0.2942889436477854,0.00014664297201118015,8.819337900598976e-05,0.8986546028538284,141.69010176912343,0.02360989315903813,0.0002887523579359203,1.5153401474189963,143.36917453280836,0.02456002008997348,0.0007935693851008125
processed_data_batch_83.npz,150,1.3903420955006387,142.61211462164235,0.024076501549902995,0.0036172336532937135,0.09089012863423751,1.456007403653814,0.0004184751799365381,0.0008325952429807741,0.9800840663050157,141.5128239989782,0.01931548049762125,0.0033229719979621024,1.4902991235132506,159.93170275778118,0.024454035134888023,0.013700948339801674,150,1.3903418688328855,142.6121286714011,0.02407643566730996,0.0008816009705003587,0.09088749467228649,1.455840706624884,0.000418284445245975,0.0010002398666224765,0.9800868792034091,141.5094234092565,0.019317463281049746,0.0006584066638524299,1.4902750297829772,159.92958803779786,0.02445306953265614,0.013021931503389716,150,1.3907234572077485,142.59328704873323,0.024080546301740304,0.0005522751412387904,0.09089656337171545,1.472786602974492,0.0004369777127456026,0.0008679395498172812,0.9805432563494029,141.5122660853373,0.019073344673823538,0.0003251986715127884,1.490957409474527,160.1281709736293,0.024461756520806652,0.01106964806244887,150,1.3903245198220358,142.61428759951076,0.024104055655987503,0.0006464880053520325,0.09089525672844921,1.4621634127595766,0.00042369518446527354,0.0010049255046327783,0.9800690373672731,141.5161838476486,0.019277673585827496,0.0003721768247442641,1.490304023645343,160.0114600472098,0.024480554606875368,0.012831994471455234,150,1.3912990286680476,142.50536632463894,0.024143013844833944,0.0005543061177373736,0.09113072507095844,1.485364172407489,0.00043161295498937664,0.0009960621284592459,0.9800125871954624,141.33865948489623,0.01922170072494261,0.000279552501055386,1.4914784537307515,160.17028513985775,0.024537645687525,0.012625955054099835
processed_data_batch_84.npz,150,1.378504099479772,142.4988609226535,0.024156578620803906,0.0035327083293505562,0.10698841327089938,0.2837126035439694,0.00014916786420207678,7.760824065790049e-05,0.9850235851609594,141.75512861463062,0.023738301173421725,0.003315550372476118,1.506697635137678,143.24914108624552,0.024553839876471074,0.0037033638075303983,150,1.378512811684329,142.49782870918986,0.02415707738010793,0.0008029776349074314,0.1069899021439056,0.2834051979661778,0.00014914582258307942,7.339516201344008e-05,0.9850208917458138,141.758617576158,0.02373736137611059,0.0006346552585793572,1.5067259411027392,143.24644084748047,0.024551991254613412,0.001039046095751257,150,1.3788746811750092,142.47770476213918,0.024162415940647546,0.00048341305976347393,0.10700757272603555,0.2854880058412824,0.00014977012843495725,7.931670126970033e-05,0.9853484195391894,141.7193999830316,0.023739034422810022,0.0003215743043684837,1.5073835411293068,143.21211573358696,0.024587220055509385,0.0007337067845037058,150,1.378481267878499,142.50170681567226,0.024183675870426066,0.0005656542521302192,0.1069957264460394,0.28370900039634683,0.00014888015992221737,8.298014246543605e-05,0.9849823041095075,141.75651629848178,0.023766359080083434,0.0003771074111885222,1.5066892294176109,143.2482051433316,0.02458878387998379,0.000846623194905321,150,1.3794661012876013,142.39047039969728,0.024222821022558884,0.0004608279264710773,0.1072517267161768,0.28544348081696436,0.0001520639091797511,8.952234359101884e-05,0.9849899039561908,141.58229606850972,0.023765412411060567,0.0002743559252366405,1.5081661709364458,143.1675296312523,0.0246705321357569,0.0007763116022657672
processed_data_batch_85.npz,150,1.405504277095827,142.52770624085383,0.02417791081853965,0.003550070510228928,0.07859681121725275,0.32674830299293234,0.0001801788512544306,0.00017181833575953927,1.0190122072970456,140.12120611312642,0.02378794226545981,0.003335131464382424,1.5162907684605134,143.21471900921534,0.025610341784903786,0.005432683633588707,150,1.4055070931934261,142.5273993390509,0.024178045279115434,0.0008193698993177893,0.07859946292420421,0.3267643431854278,0.00018039891336427968,0.0002622618701306573,1.01903054166288,140.12266487260922,0.023787031384446947,0.0006326352367070125,1.5163487810587344,143.21888753969475,0.025613615965511965,0.003839291781485289,150,1.4058718184134429,142.50764702952017,0.02418379206350158,0.0005030964767445779,0.07861218842939997,0.3294213004269383,0.00018114936712948187,0.0002582355559402873,1.0194379555571311,140.0703690076722,0.023784360858269786,0.00032102960396434617,1.516615203248122,143.21720993039457,0.025614887690586514,0.0034010763079228815,150,1.405483912186052,142.53003224944348,0.024204619475715797,0.0005862699851277572,0.07860307836100273,0.32694436585737047,0.00017957639555524424,0.0002674568746678765,1.0189882045590113,140.10950392175044,0.023812029257199743,0.0003334870986900497,1.5162732420361398,143.21367888547348,0.025635481219707688,0.003622756951663812,150,1.4065356358573111,142.41307651244497,0.024250322818241948,0.0004746758327602617,0.07877907585526914,0.3297967933027419,0.000182792693063793,0.00027684692024601066,1.019249972316074,140.00204278438827,0.023862316484707623,0.0002893534954304559,1.517353059158718,143.09771812745603,0.025670682501536264,0.0036158998322760073
processed_data_batch_86.npz,150,1.3888385829324874,142.76093336230508,0.02413804798016968,0.0036150015474565845,0.09920722666446677,2.1802145817675846,0.0008272603790749335,0.001085713248910663,0.9846541428846918,141.74048059332765,0.014272935455634172,0.003345350994919896,1.4895653755628668,169.07083377671654,0.024753948908474308,0.01678998529747967,150,1.388839973983869,142.76076314573163,0.02413804522006319,0.000899553950870273,0.09920775536767223,2.1783236660892316,0.0008265426435454812,0.0012685592685240167,0.9847566421611653,141.73543008471358,0.014281871705996993,0.0006283293680916534,1.4896121945081309,169.04821464412308,0.02475606698638832,0.016305404716120343,150,1.3891811554287714,142.74285499597354,0.024141710595496805,0.0005646082026201808,0.09913451429484511,2.130929494071745,0.0008120909338477619,0.0010347226149798772,0.9882442118627733,141.75417950179363,0.014459076832895885,0.0003388199804048866,1.489883363736187,168.44995315074976,0.024749767268781343,0.013118037508769184,150,1.3888206071990286,142.7629804298572,0.024164889015005492,0.0006628347299211205,0.09918924471271345,2.1708036731242477,0.0008250414003992896,0.0012625808794183829,0.9855854289374966,141.74055258714435,0.014327059799284506,0.00037127330353190315,1.4895610871904237,168.95770368935112,0.024782133514349138,0.01599034743067415,150,1.3898437463165547,142.64850669435458,0.0242092745673693,0.0005426713726138728,0.09940646528887229,2.171172163468682,0.0008288731045868297,0.0011543608819611579,0.9864400316126015,141.58015810019933,0.014346057461150493,0.0002768663242472738,1.4906667868373402,168.8350166503254,0.024796420768053676,0.014545672873543783
processed_data_batch_87.npz,150,1.3929578686027526,142.4939521669019,0.024204418513509973,0.0035397660888692828,0.08625363306395259,0.31274961672133805,0.0001998715756136084,7.552442696773037e-05,1.0118148890190293,141.69480689665738,0.02372263102163618,0.003298281011918167,1.4883458589733947,143.2507193368537,0.02556662475268524,0.0036973895757042544,150,1.3929610238241978,142.49354827424202,0.02420458863736074,0.0008097315598646623,0.08625035761283957,0.3122915519374096,0.00019992519861790703,8.167863388229758e-05,1.011869129688736,141.69932913257625,0.023724353847076253,0.0006532800738559038,1.4883516531141172,143.24174881167747,0.02556893739316417,0.0012788000535802588,150,1.3933018344591213,142.47860015206595,0.02420650981233876,0.0004945472422274331,0.08629423806624127,0.3114968400457273,0.00019822659629086683,9.949514339489162e-05,1.0119579013970659,141.65740244091236,0.02371372522025832,0.0003168869252257654,1.4888639330517623,143.25588987169738,0.025537311034088163,0.0011236410872991244,150,1.3929326693722366,142.49739979389724,0.024229909895464332,0.000574947755456722,0.08626521384922975,0.312279477480657,0.00019962191702080392,9.529942063391222e-05,1.0117472531695924,141.6955764663913,0.02374515535578508,0.00040562558686525925,1.4883640190506864,143.26145847245988,0.025598597387496484,0.0011234556042197534,150,1.393971323231505,142.38026282580907,0.024275254199189855,0.0004653392552675469,0.0864996713154712,0.3208679030915813,0.00020475663636796015,0.00010510085224351234,1.0117341681408574,141.56306534481658,0.02374568153457269,0.00031306914848130724,1.4896749288179891,143.27166739408275,0.02562310570254476,0.0010661599970825586
processed_data_batch_88.npz,150,1.395866342520541,142.53085355688273,0.024208348091795517,0.003597513968825636,0.08457437548228892,0.5905062880780592,0.000384814576809228,0.00047504392808015046,0.9884891705421835,140.9975109065914,0.021363426888567,0.0033229472200598425,1.487410538140549,148.6045702463283,0.02636118868931714,0.008763064432707256,150,1.3958647144743175,142.53105568688164,0.024208282034512064,0.0008929975578289786,0.08457495393181629,0.5921831012596814,0.0003847465354879637,0.000645552947559385,0.9884687597430253,141.0005120755076,0.02136271833657617,0.000643756509309496,1.4874473951387337,148.6293790550348,0.026359192372042914,0.007306389772328844,150,1.3962321783567286,142.51245406584258,0.024213073702258264,0.0005845638442034354,0.08460623421909436,0.5968237684269224,0.00038601343270361924,0.0006320231833005948,0.9890008173436429,140.9722740153365,0.021356022201174534,0.0003471389411195845,1.4879882380185643,148.67451065296586,0.026382563845537277,0.0065421696221405696,150,1.395847042567979,142.53335789483944,0.024235032432103752,0.0006624608471385102,0.08458346239301488,0.593376159955282,0.0003850070776606239,0.0006603417762548689,0.9884892353776622,140.97876681518147,0.02138684933260668,0.0004075832369544311,1.487430229799777,148.64473918418545,0.026398882343958433,0.007157607692248428,150,1.3968790765469856,142.41653518166973,0.024279751702683833,0.0005602738700414813,0.08477149872864265,0.5959667632350432,0.0003864561376652107,0.0006841098223245027,0.9885204103011918,140.9418921086983,0.021404268610413394,0.00031117679813962,1.488563763823674,148.57918886144117,0.026437434910381346,0.007299471177970344
processed_data_batch_89.npz,150,1.400895497684002,142.57537085508645,0.024148694845097858,0.0036407171960129905,0.0926459504921264,0.8602093128915597,0.0003866133982954808,0.0008608578098770791,0.8915525663146237,134.33298198930123,0.02112600181761637,0.0032582504137850642,1.503731373474042,147.97293353378316,0.025712109328127276,0.012995104782043479,150,1.4008988346569238,142.5749685853191,0.02414894077698461,0.0009262175006253463,0.0926481982396245,0.8593257874369294,0.00038669988269285165,0.0010680512584407883,0.8915373574479191,134.33809013313544,0.021120601657970837,0.0006153954500603663,1.5037419262724931,147.95985589464607,0.025709838732218892,0.012372524340835985,150,1.4012278427472666,142.55982506503668,0.024151911085596854,0.0006059972557135553,0.09267807899518446,0.8608371400204329,0.00038525673590780144,0.0010328276312860313,0.8917915383894731,134.28068885893325,0.021140151270794168,0.00034394939505359034,1.503914996270591,147.92983263074615,0.02574232035745568,0.011936996406795214,150,1.400879578473202,142.5767069449165,0.02417587364091932,0.0006943600290090166,0.09264883922992151,0.8645519715680878,0.00038418228354416536,0.001083117577222414,0.8915985160761923,134.2426405575088,0.021185205649512918,0.0003964569255119834,1.5037119848376397,147.93967630246811,0.025744011261658782,0.012240907310953208,150,1.4019130508739999,142.46374952212884,0.024217591203685516,0.0005811136814626939,0.09287010455676142,0.8623138863035972,0.0003914716347920298,0.001052215263858527,0.8915411704353966,134.2344105784067,0.021200996271702258,0.0003204040231080774,1.504547681517536,147.89485562478654,0.025812404900127314,0.012320175983124066
processed_data_batch_90.npz,150,1.3968978852498144,142.60301918549513,0.024237413272820876,0.00361748431801668,0.09155241670324003,1.0946034992288067,0.0005383498441449652,0.0007995694512470341,0.9274364584749273,141.72071960790979,0.018619228615765992,0.0032630211237058755,1.4941666744353075,155.42446606685695,0.02668174407133274,0.013223343183694185,150,1.396900914154799,142.60265973221902,0.024237628219771098,0.0009004565371124603,0.09155239261483054,1.0951124140812774,0.0005385847505339579,0.0009827329227883091,0.927411421754208,141.72056243830463,0.01861658823513317,0.0006534984909417572,1.4941619153769787,155.42860995242194,0.02668101570866741,0.01258462947839543,150,1.3972525013041233,142.58494616775343,0.024242516001497537,0.0005761706186355846,0.09162669192932511,1.0856585122913898,0.0005267839722665049,0.000828662902387816,0.9277413322031395,141.70419464461511,0.01877489102982954,0.00031374503741793386,1.4943026123279761,155.307871628841,0.026673139068036863,0.010263612604347465,150,1.3968774244834783,142.6057378208739,0.024263699593160378,0.0006649761698550933,0.09155375714276501,1.0922840509832432,0.000537927917528902,0.000977858959774996,0.9274453676951288,141.72698388012668,0.018652027896429918,0.00033831025088643113,1.4941144741392614,155.40189214364827,0.02671454999902491,0.012243471524243854,150,1.3978775822366925,142.4955035200448,0.02430503139453575,0.0005495134290691129,0.09180289020999433,1.1449506945886543,0.0005683009312380614,0.0008316047459115512,0.9272600965972024,141.62140282360198,0.0182828345193564,0.00027347745446990376,1.495461310373511,155.9393151286794,0.026762065814681466,0.010269139988822144
processed_data_batch_91.npz,150,1.4003179688759735,142.53337360201118,0.024286162412272157,0.0035473429600022827,0.09037738531985456,0.31191339159022397,0.0001662071594984674,7.019040973215649e-05,0.9440678793403712,141.8259487427227,0.02356372768282554,0.003423212462521147,1.4987850467406605,143.49464239412615,0.024715399279895998,0.003903972000646173,150,1.4003167268650694,142.5335921279205,0.024285974485558654,0.0008098574158554259,0.09037938924976685,0.31215588486318346,0.00016648983237286963,9.72058578580515e-05,0.944035576737395,141.82226404376829,0.023566043688832274,0.0006705975496824556,1.498794298520933,143.49791026611743,0.024713992064896544,0.0016569122270277841,150,1.4006579134764978,142.51782191235492,0.024288626515429432,0.000492996738598244,0.09040661669328341,0.30899298249306667,0.00016366944883086098,0.0001103443415127694,0.9442050997159865,141.8182059461789,0.023548988010117424,0.0003559857393074429,1.4990722947106054,143.52358038214768,0.024706612191458636,0.0014730966111378275,150,1.4002952510922535,142.53640581378096,0.024311416355639614,0.0005794817446354221,0.09038175631616688,0.3112565113287882,0.00016585014091094057,0.00011253717780526885,0.9440838432351373,141.83797967791853,0.023582457290713347,0.00042450705462824726,1.4987784121547676,143.5003042451498,0.02473711589922492,0.0015332717915991939,150,1.4013501140679196,142.4176993911634,0.024360211811199045,0.0004657162227670128,0.09059596686234789,0.32011562540663496,0.00017251382567826334,0.00012699286431019124,0.9443429561306824,141.69272194094478,0.023652842827629007,0.00027847117278347326,1.5002881645415485,143.39017812683477,0.02478283685305405,0.0015848140616767786
processed_data_batch_92.npz,150,1.396144859144531,142.4588445633319,0.02428280077109447,0.0036419657335031836,0.0848247457874415,1.7072820009534804,0.000727188795840863,0.001073115330184205,1.0352849328552332,141.1999104518086,0.016156803873108708,0.0032847390608482783,1.5040835413372438,162.82559215264374,0.027160390488960424,0.01645786700501266,150,1.3961452710508482,142.45877863359735,0.02428281064631804,0.0009331088813144963,0.08482066835349818,1.7083507021669735,0.000727872241306162,0.0012533879041996777,1.0353070614310869,141.19348434656453,0.016149364644591872,0.0006359107751134883,1.504129183818144,162.83680811492007,0.02716189188738982,0.015701798212453568,150,1.3965071913519045,142.435892736652,0.024290392236194225,0.0005879533461654406,0.0848514166238263,1.6437445772117691,0.0006777076813855672,0.0009650137614029172,1.035768581731542,141.23215438011914,0.01680896286373312,0.0003425548406970344,1.5041422547841288,162.0120398308506,0.027134043897427206,0.011650959975962737,150,1.3961243538612522,142.46272358603863,0.024307491229691322,0.0007006681362144124,0.08483667431863394,1.708107751491396,0.0007295248002737008,0.0012620400534329526,1.0352482254058688,141.20781628145386,0.016148457697902036,0.0003501794709796621,1.503984309302825,162.84046569266022,0.02718259536036855,0.01553654882734452,150,1.397100333707249,142.3529453944421,0.024351122872022155,0.0005897576444506455,0.08501234752138237,1.788633849419883,0.0007774160309838927,0.001217313319529378,1.0353319390931799,141.04065031183706,0.01558865925997854,0.0003000023550391831,1.5054458049524948,163.72337400435546,0.027276134563320825,0.014802206791644224
processed_data_batch_93.npz,150,1.3949748222916356,141.63784573928788,0.024323156579435838,0.003542286726574015,0.08087635385756832,0.3112481095454434,0.00015134112548348822,8.347893022498153e-05,1.1007679001478528,140.91038538491392,0.023974486906174795,0.0033802891700597,1.4973256460627071,142.5438321010369,0.024686708769069674,0.0037872117699804552,150,1.394969321974125,141.63851665072434,0.024322768304108996,0.0007943102718827436,0.08087623465253746,0.31088736632621733,0.00015124684534323907,7.093462034145783e-05,1.1007270013812445,140.90981239947902,0.023973369882873546,0.0006518170600903962,1.497382884272822,142.55028849010168,0.02468929699271841,0.00100347386711499,150,1.3953069600167667,141.6239631087417,0.02432361908447001,0.0004751773369241178,0.08091764929955543,0.3085903246050899,0.00015067569367192008,7.516370163599357e-05,1.1009253574784499,140.91993061818695,0.023955722002766,0.0003270900887094265,1.4980445915469867,142.50463552340057,0.024684843803605496,0.0007171642034719553,150,1.3949487487799888,141.6423574472128,0.024347883154240656,0.0005581698554662101,0.08088493459248061,0.3109924695571191,0.00015067838695944583,8.378682614263255e-05,1.1007208128791202,140.91636822445358,0.02400411460734989,0.0003895194672698261,1.4973501252649333,142.5417624522965,0.024710741177248797,0.0008318438301091355,150,1.3959700121988752,141.52815340951977,0.024392308083947756,0.0004554921576778668,0.08108795686710547,0.316124512524833,0.00015787067281500432,7.85650265086687e-05,1.101134534096644,140.83182045627203,0.024042016211410833,0.00028970589672925635,1.4981918743890097,142.42034445836117,0.024772658936749053,0.0006972658255818636
processed_data_batch_94.npz,150,1.394797187484743,140.65292925049678,0.024360477351751057,0.003727886342365312,0.07518540367060175,0.6790519700774246,0.0005451754833996172,0.0021345535178750796,1.1367903430248596,139.74517763205785,0.018781978747244077,0.0033695555077913235,1.489613685217639,148.02703907959355,0.027492937646437936,0.02957731595552573,150,1.3948006032323998,140.6525155921181,0.024360698953833325,0.00102015917653503,0.07518507374044496,0.6792126206457745,0.0005451951057018178,0.0023500861239187133,1.1368114545175956,139.74252551498535,0.0187821431598916,0.0006508533068751436,1.4896095661916944,148.02835845321874,0.02749194443803115,0.02932766903593075,150,1.3951148549439203,140.64332659559213,0.024357122136918253,0.0006954572401445381,0.07523058521174518,0.6631740790896983,0.0005384466655458881,0.002238264134130345,1.1369565904524495,139.76697826341288,0.018899549227107276,0.00033288522877508297,1.490142574838166,147.79879569813943,0.027532194723183263,0.027601959951619272,150,1.3947753636246725,140.65812194239882,0.024385221899666153,0.0007857070176873573,0.07519445947975427,0.6631740968112725,0.0005365100805147414,0.0023432807593680486,1.1367125082286602,139.75869808114953,0.018936410195040762,0.0003766803316955256,1.4896098034278884,147.81898663271656,0.027531368041425665,0.028982713856746344,150,1.3959384420731487,140.52535957532692,0.02443663191406038,0.000643666863441024,0.07542206090155869,0.4586145177195865,0.00042271944583623143,0.0018832887428695834,1.1367336175673937,139.6537038690166,0.020793214085021248,0.0002991038800786963,1.4910409287822162,144.59725317465063,0.0275701588436397,0.02314893332017
processed_data_batch_95.npz,150,1.3760536864865514,140.66565558526784,0.02455089631094837,0.0035312579577023466,0.09228680350084797,0.3056728466491783,0.0002723605526557826,0.00015980072906041933,1.0366170534990875,139.87130783085,0.02280669487653055,0.003318204021333728,1.4921550156439969,141.68507831272706,0.02677151826246135,0.004798284600708105,150,1.3760570923279067,140.66529091437337,0.024551064762075855,0.0008260519668264227,0.0922900386682439,0.30569612904707905,0.00027225404545161257,0.00027231771898345356,1.0366217354634308,139.86774237941307,0.02280864872633154,0.0006334197344999791,1.4921338804622961,141.6873423146348,0.026770498161049493,0.0033407194589473803,150,1.3763779724419043,140.6553996976547,0.02454695279581193,0.0005117995543251687,0.09230477565673924,0.3014290596548109,0.00027551630775615905,0.0002945525287610781,1.0370644508434497,139.90812290500688,0.02276675514786949,0.00032720624228990756,1.4924345554212317,141.61743858640935,0.02682039277313882,0.003236555447678815,150,1.3760223706442158,140.67240397458897,0.02457419787269329,0.0005888276512177986,0.09229298067048118,0.3054509520842717,0.00027309206303211355,0.0002861807330760742,1.0365982753987706,139.86714843142528,0.022831137704466094,0.0003405922194539403,1.4921439534826124,141.68990928371267,0.026814150749025004,0.0032328813706901287,150,1.3770121538635058,140.55980109778636,0.02461572973590887,0.0004871964471143965,0.092531607658443,0.30824661299931294,0.00027653884825714774,0.0002990049879486062,1.0368886303404385,139.7721902351677,0.02283350801093327,0.0002963405334305325,1.4931591718571284,141.55361243547057,0.026851145979436372,0.003261703902459621
processed_data_batch_96.npz,150,1.3942765923126095,141.7169849897028,0.024460842983254724,0.0035388864563619723,0.08284798949219534,0.3043245816932639,0.00017581310289899882,7.633325415686332e-05,1.0130005676354774,140.84500463451633,0.02407619362868407,0.0033528543333466838,1.4827062398550541,142.5659314914425,0.02536023420201652,0.003725768659073151,150,1.3942812118716745,141.7164309102652,0.024461149600455794,0.0008050419985307856,0.08284939260062789,0.30445062400649503,0.00017598323064278222,7.985768599469383e-05,1.0130239409363175,140.843843367165,0.024076462907047604,0.0006677548701168875,1.4827169885630682,142.5699050755824,0.02536479999506335,0.0012471416071596253,150,1.3946016118538727,141.7056913114152,0.02445926318361202,0.00048678642991607486,0.08288324020700154,0.3029768764933347,0.000173744510825072,9.30333965375042e-05,1.013416987287769,140.8375446821845,0.024069580656805537,0.00033565688509054164,1.4830027889734536,142.5402216250405,0.02533266164636186,0.0010411027276388,150,1.394248506290318,141.7218300217541,0.024485089324920974,0.0005654549568222293,0.08285402521369926,0.3036181657049497,0.00017445690814458573,9.442035147667096e-05,1.0129925341123756,140.84673551079516,0.024098607583763254,0.00038906014318901646,1.4826822002286093,142.5697709895785,0.02537158272614786,0.0010654454043705578,150,1.3952906769921936,141.6029640250135,0.024534037675417977,0.0004528781590432938,0.08304724191835923,0.3079783521877178,0.0001764528788303309,0.0001006659302453697,1.0130961842284871,140.70229851661688,0.024141510699564057,0.00027976420972134164,1.4838012743366136,142.4870347679426,0.025364852660225083,0.0009800017461469546
processed_data_batch_97.npz,150,1.3859423369685862,142.38059926542468,0.024303975522927224,0.0035434353766870172,0.10038534095014551,0.2940016179845957,0.00015798662838148063,7.931292561898486e-05,1.065508943273324,141.49412631543984,0.023921351196948534,0.003366928753935094,1.4876644084535828,143.0764304891285,0.024737430009974307,0.0037055523877186415,150,1.3859426878489354,142.38045955988574,0.024304096137571028,0.0008018104207093301,0.10038017551055253,0.29406326123664955,0.0001580019020031245,6.994213668869192e-05,1.0654803348512174,141.48933206865868,0.02392075032754279,0.0006639412523318885,1.4876262232746933,143.07503452540314,0.024740783586178205,0.0010665817588868362,150,1.3862869429215934,142.36619636718305,0.024305138087676193,0.0004855511874503088,0.10041096476642293,0.2949396054690201,0.00015796860751516716,7.384621124558702e-05,1.065952079298117,141.4834891284685,0.023910273168857334,0.0003661033520958874,1.4885697295542109,143.0750575795786,0.024721057769273875,0.0007924999528483546,150,1.3859161937659457,142.38426218291454,0.0243294364576723,0.0005634095172016814,0.10039495916093252,0.2944630835822594,0.0001582886004700613,8.258233882127891e-05,1.0655203163597171,141.50381894866365,0.02395001543027672,0.0004015901446644849,1.4877004014137258,143.07912566307454,0.024761940816518686,0.0008908486601683174,150,1.3869183433576098,142.27130101715957,0.02437115587150907,0.0004588148544031118,0.10065737269318886,0.29692369959632864,0.00016225407829750162,9.48539739527085e-05,1.0658350390631135,141.43391044089768,0.02391256442162455,0.0003113749936465097,1.4888713228250905,142.99670482371044,0.02484479354422639,0.0008545839393205319
processed_data_batch_98.npz,150,1.3986640838961952,142.57363832294743,0.024155075389342074,0.0035817396846281727,0.087178562374789,0.31675806235651477,0.00042303066474400384,0.0003414679123273928,1.0061304151656212,141.3200281701024,0.019693831570472633,0.003355927853433298,1.4953112278668392,143.22433155224678,0.02525854955860596,0.00742542230979202,150,1.3986633253190446,142.57373604990192,0.02415509474798153,0.0008522839272142824,0.08718305305770627,0.3166438864738698,0.00042317181784137195,0.0005024883449825146,1.0061254986407788,141.31888235915835,0.019695293181866785,0.0006433168520007336,1.4953017875870989,143.21676308495628,0.025261551805284596,0.006610090717274726,150,1.3990147935288149,142.55510722802694,0.024160449119161667,0.0005317040890681499,0.08721801621355572,0.31524598185065345,0.00042610068676497546,0.0005120183723443207,1.0065195537418166,141.31198241161962,0.019661076045860676,0.00031608505402454777,1.4958501542109304,143.16615119202618,0.025271242098530464,0.006503122184530626,150,1.3986442621003206,142.5758195082743,0.0241818745758433,0.0006158273377449406,0.08718709536078734,0.3172863346578746,0.0004230827875314032,0.0005093007920550849,1.0061373952726496,141.29355565105618,0.019718683115884008,0.00037876230615625084,1.4953288768113564,143.2274303847193,0.025276762230025764,0.00647811050031791,150,1.399658956601002,142.46358409058857,0.02422431736495104,0.0005111253226513805,0.08738831845452404,0.31894100229687744,0.0004260287544425027,0.0005195355928471222,1.0063597495910135,141.31924819412063,0.019741035642703342,0.0002985375633559869,1.4961239876430819,143.16090793568367,0.02530259772764429,0.006342635915892918
processed_data_batch_99.npz,150,1.381992819245172,142.59717627687985,0.024172629421383488,0.0035428255528856564,0.09666994206106692,0.2749767112796857,0.00019182040399220638,0.00020570219672050118,0.9951538615962998,141.84111918268587,0.023469479212705247,0.0032804609291691407,1.4896644435693203,144.04371055643892,0.02537630449624628,0.0058674731388580195,150,1.381991572615327,142.5973449515038,0.024172596422326168,0.0008221405597785349,0.09667411065484774,0.2755290113868084,0.00019111729523372173,0.0002762748520675621,0.9951241068487713,141.83370839644815,0.02347318635369392,0.0006493143432364641,1.4896858993219178,144.05826616955974,0.025368628115162082,0.00404568191654669,150,1.3823688315773124,142.57585091768902,0.02417879677102463,0.0005033549942335858,0.09669859013781244,0.27630878167648715,0.00019028083670138206,0.0002809551638015565,0.9955404639889283,141.83527239121705,0.023485048854062784,0.0003285795618090443,1.4897175302258132,144.07659800490813,0.025352124942180206,0.0037545006035536632,150,1.3819700318674104,142.60009996000343,0.02419897773613367,0.0005876674149400557,0.09667680342603771,0.2761912260452529,0.00019141194927762192,0.0002901494143613202,0.9951174963045609,141.84392801624733,0.02349254177537516,0.00040580734455471505,1.489654494531133,144.08675200967906,0.025385490808659903,0.003945458722034791,150,1.382955693720922,142.48838956423998,0.02424028861396597,0.00048039186256378856,0.0969404579363148,0.28622476706826944,0.00019213250626483054,0.00029582170136715336,0.995047581890118,141.66384296791995,0.023562409402908168,0.0003102746075314029,1.4908816122822957,144.16939862352277,0.02531952336565221,0.0038957748874692837
processed_data_batch_100.npz,150,1.3916152736503806,142.43628373958498,0.024223623354211802,0.0036147062043589305,0.08462422785311294,1.13152795919065,0.00019022889522175108,0.0009162005637947103,0.9867616280655297,129.21549806310372,0.0234194711159561,0.0033342922036190222,1.5133111429583828,143.41479677276672,0.02531306051428418,0.014727553418403223,150,1.3916138571627388,142.436358652338,0.024223719639230683,0.0008897111353885026,0.08462293897230512,1.1312197080206026,0.00019003046258125333,0.0010930821254338536,0.9868029402616932,129.21910960839452,0.02341914716337392,0.0005755501499361826,1.5132728124876293,143.42385576353064,0.02531124337553805,0.014164021127858391,150,1.3919554319319225,142.4187482963414,0.02422852119609048,0.0005673223373644222,0.08464309663792097,1.1585612393385034,0.00020128466174924685,0.0009970214447000217,0.9869861299643753,128.85401687594108,0.02341030195345229,0.00029970621300467245,1.5140254894801086,143.37793664135575,0.025576939524123207,0.012661661266558797,150,1.3915922961737166,142.4384480141239,0.024250510829634978,0.0006570355063312576,0.08463221515958551,1.1382356745096167,0.00019217685791511732,0.0010995754605766126,0.9867427943900298,129.1305640085907,0.02343896190337808,0.00034313123150133833,1.5133864734641538,143.4161188142596,0.025397654768542513,0.014000168379306272,150,1.3926539053958282,142.3202275632864,0.024293506846462136,0.0005585433086618055,0.084889734533861,1.154821272418028,0.00019954343666012814,0.0011439590354518142,0.9870460408687164,128.81684655762677,0.023529074222226627,0.0002631049346969949,1.5181287200189464,143.28932572831852,0.0254805683254909,0.014434749098902105
processed_data_batch_101.npz,150,1.3902081121240215,142.54830562530904,0.024222350682912203,0.003621893452506947,0.0907252765981541,0.6755926753238835,0.000445594147045745,0.0005100842634180661,1.0372564250421248,137.80336312504753,0.021048956261772826,0.003315617008686485,1.5235371716404709,148.19441995431202,0.027016783211912043,0.007301778346526658,150,1.3902089012737668,142.54820595074543,0.02422246400925601,0.0009266012257905667,0.09072878378385738,0.6749847284177609,0.0004449473823172224,0.000727505951671103,1.037220757024378,137.80223888939196,0.02105221534817369,0.0006513572818364625,1.5235476372713204,148.1828270210713,0.027012046610253776,0.0059011019301515675,150,1.3905386394808505,142.5319673729778,0.024225683747874534,0.0006025073003060495,0.09072210542147949,0.6727372043149005,0.00044647300720329365,0.0006610638136916173,1.037862813186749,137.66195334253877,0.0210075260409292,0.000343184160258302,1.52380437356436,148.05963983798551,0.027057751379820454,0.005094602233368573,150,1.3901882837095103,142.55096006532898,0.02424839574238111,0.0006971322561713365,0.09073065029022435,0.6769005548825826,0.00044682691771860634,0.0007392811485721612,1.0372738506596482,137.77453277369221,0.02107352461548808,0.00038790427733274987,1.5235872303691893,148.1964315667709,0.027051462296937365,0.005732307172910916,150,1.3911804824834892,142.43918641748851,0.024290092612220034,0.0005878230280051749,0.09092671908971031,0.7046466644998821,0.0004553521428536457,0.0007205334087130806,1.037538761904723,137.58624831586542,0.021125269259696478,0.00029273833395285085,1.5256056166819143,148.50151015392962,0.027110656637687247,0.005769649029215726
