filename,Raw_successful_fits,Raw_I0_mean,Raw_Tau_mean,Raw_B_mean,Raw_Residuals_Std_mean,Raw_I0_std,Raw_Tau_std,Raw_B_std,Raw_Residuals_Std_std,Raw_I0_min,Raw_Tau_min,Raw_B_min,Raw_Residuals_Std_min,Raw_I0_max,Raw_Tau_max,Raw_B_max,Raw_Residuals_Std_max,Savitzky-Golay_successful_fits,Savitzky-Golay_I0_mean,Savitzky-Golay_Tau_mean,Savitzky-Golay_B_mean,Savitzky-Golay_Residuals_Std_mean,Savitzky-Golay_I0_std,Savitzky-Golay_Tau_std,Savitzky-Golay_B_std,Savitzky-Golay_Residuals_Std_std,Savitzky-Golay_I0_min,Savitzky-Golay_Tau_min,Savitzky-Golay_B_min,Savitzky-Golay_Residuals_Std_min,Savitzky-Golay_I0_max,Savitzky-Golay_Tau_max,Savitzky-Golay_B_max,Savitzky-Golay_Residuals_Std_max,SimpleRNN_successful_fits,SimpleRNN_I0_mean,SimpleRNN_Tau_mean,SimpleRNN_B_mean,SimpleRNN_Residuals_Std_mean,SimpleRNN_I0_std,SimpleRNN_Tau_std,SimpleRNN_B_std,SimpleRNN_Residuals_Std_std,SimpleRNN_I0_min,SimpleRNN_Tau_min,SimpleRNN_B_min,SimpleRNN_Residuals_Std_min,SimpleRNN_I0_max,SimpleRNN_Tau_max,SimpleRNN_B_max,SimpleRNN_Residuals_Std_max,improvedrnn_successful_fits,improvedrnn_I0_mean,improvedrnn_Tau_mean,improvedrnn_B_mean,improvedrnn_Residuals_Std_mean,improvedrnn_I0_std,improvedrnn_Tau_std,improvedrnn_B_std,improvedrnn_Residuals_Std_std,improvedrnn_I0_min,improvedrnn_Tau_min,improvedrnn_B_min,improvedrnn_Residuals_Std_min,improvedrnn_I0_max,improvedrnn_Tau_max,improvedrnn_B_max,improvedrnn_Residuals_Std_max,CONV_successful_fits,CONV_I0_mean,CONV_Tau_mean,CONV_B_mean,CONV_Residuals_Std_mean,CONV_I0_std,CONV_Tau_std,CONV_B_std,CONV_Residuals_Std_std,CONV_I0_min,CONV_Tau_min,CONV_B_min,CONV_Residuals_Std_min,CONV_I0_max,CONV_Tau_max,CONV_B_max,CONV_Residuals_Std_max
processed_data_batch_1.npz,150,0.3408355254544784,139.23559168064128,0.02072667121992667,0.00310800820137146,0.017170772649093557,2.9912445670000185,0.0003610561054914998,0.00030986684662056906,0.23837492240932973,123.00359993160039,0.019444473601650077,0.002908092931083145,0.37150616176816115,154.02309824494452,0.02235442390467184,0.00504164788685563,150,0.34083655245906214,139.2349857011829,0.02072677967305618,0.0008310934794250899,0.017170257231797974,2.992173447897512,0.0003611651827172662,0.000589445689990922,0.23834740593997122,123.01736873797587,0.01944154258723102,0.0005270641260456571,0.3714909434952796,154.0281669439462,0.022351760131506335,0.0041007999852522466,150,0.32824101614763795,146.0876787121281,0.019608826845370898,0.003659578966469125,0.016651583775709185,3.020366460453388,0.0003651820338879986,0.0003631217701987826,0.22846456406124246,129.6826994601528,0.018233780453534593,0.0022979528044238333,0.3578699918397931,161.14534647876994,0.021313033854884363,0.0065824207254843075,150,0.33145354506285185,144.29401493052166,0.019928065943712252,0.003309592243893646,0.016675021091992242,3.0137660013573355,0.00036624315355384096,0.00039238581186842837,0.2315780476176364,127.87608213462887,0.018553444448827783,0.0017371265305629157,0.3614491858756913,159.3769843921764,0.02163147134798459,0.006137773728579397,150,0.33702371877079623,141.5003415901426,0.020339189296126606,0.0027389151879552943,0.017593995867274028,3.0222729533345944,0.0003581237318529997,0.0003859801690615448,0.2321063500259856,125.51522886930701,0.019067384002754317,0.0017621139552848237,0.3686231839090644,156.19986181128692,0.021942524050435817,0.005751497529633217
processed_data_batch_2.npz,150,0.3454906266196501,139.79384843960264,0.019601848306608997,0.0030174628551942963,0.009193322433241134,0.2807566124164445,0.0005058725040398696,6.036751880094617e-05,0.3046196444334573,139.002063130783,0.018715062324385853,0.002857189377887707,0.356259867927752,140.4535691335062,0.020377308989778117,0.0031408960341651076,150,0.345492591015725,139.79272026300814,0.019602071352719658,0.0006097928851266806,0.009192723697623504,0.2811845379593417,0.000505871147979395,4.087282780242967e-05,0.30458854494083837,139.01113087220347,0.01871624423922097,0.0005056620431107815,0.35625802860227584,140.45400094196137,0.020377790501259107,0.0007256057467595201,150,0.33281948223184815,146.59232579262243,0.018493396799930135,0.00360954399404835,0.008870284137988425,0.2844055916214615,0.0004996569613533618,6.655504236399015e-05,0.2933773673339052,145.87287186280386,0.017591693926676047,0.0034280396569584077,0.3432322708419857,147.30767736128323,0.019288490764410648,0.003791585716169413,150,0.33602546937989936,144.82586173948656,0.018812496361527445,0.0032655115487745952,0.008919726617851688,0.28282439184550234,0.0005003988249641282,8.821976149436068e-05,0.29649686113514834,143.9949518349308,0.01791208805203983,0.002983763787403186,0.3465480771219405,145.54040904790256,0.01960739025558629,0.003465769902135032,150,0.34179843149196076,141.92688602217643,0.019236804213786273,0.0026318274106813984,0.009432411117773862,0.3359467469575173,0.0004973618715162045,0.00010892737996791013,0.30001948774845266,141.11703837220318,0.01831267073433165,0.0024003491036569007,0.35281928080925457,143.13859170334095,0.020022683704307723,0.002962354729491644
processed_data_batch_3.npz,150,0.3469205336360027,139.47646091132987,0.01872948330267584,0.0030108497736146766,0.00669556575405752,0.27380594430576044,0.00010164838806209834,5.847803412111747e-05,0.319150470228431,138.93580720079447,0.01847110756852152,0.002917899407162144,0.36034916856398697,140.11856025749924,0.018991839912978786,0.0031291836825463526,150,0.34691740377039054,139.4780421896256,0.01872921406033996,0.000605250058264194,0.00669473315912347,0.2744100861503213,0.00010185376900286393,3.859899327156402e-05,0.31915482490294894,138.9221319711802,0.018469846660628262,0.0005159465328469511,0.3603547825432742,140.12010367375012,0.01899265410157631,0.0007111232646822789,150,0.33418563738516277,146.23353986012484,0.01763823947812055,0.0036192827680431943,0.006443217852765324,0.28247487241462993,9.960618530660712e-05,6.404398824927549e-05,0.30748593227425447,145.6790538927824,0.017388145577196285,0.003448006909935897,0.3471062549279113,146.9675991098572,0.017903466439420833,0.0037657094071501776,150,0.33739385747197853,144.47701909321802,0.017953881035840915,0.003280261055718891,0.006495303058018321,0.2776947382516044,0.00010003356962932985,7.323684118217047e-05,0.3105855414749318,143.8910347309902,0.017703576507893476,0.003086083960527263,0.35043635771564224,145.12325199591854,0.0182183434962878,0.003459077925769998,150,0.3432327221269126,141.56293246001263,0.01837997171476222,0.002639939144569739,0.006875459838574151,0.3418623892518524,0.00010268688888253305,9.791643143596297e-05,0.31477476788840725,140.91040298597645,0.018130009071676507,0.0024150065446569913,0.35698217561567713,142.7522379058277,0.018640429521240856,0.002953246503596496
processed_data_batch_4.npz,150,0.3450726250264905,139.58366036257556,0.018590613591327097,0.0030098357841766457,0.008147850546112065,0.34407962341928394,8.6321798296817e-05,5.7228909116111996e-05,0.3049612044233842,138.77348261015902,0.018376489325310837,0.0028835502943869644,0.3577960874160471,140.45341328121606,0.018792182969899377,0.003116531754277153,150,0.34507359142798444,139.58322478552336,0.01859062946670558,0.0006000480950124089,0.00814663032132596,0.34515206220990674,8.634254852548809e-05,3.796044836562762e-05,0.30495412569982017,138.7810198564679,0.018375967962436155,0.0005150689852789618,0.3577989073698984,140.45797198830198,0.018792826747586016,0.0007516827469990211,150,0.3324073874534645,146.35280084603966,0.017503022654027825,0.003597277024672565,0.007858778788281435,0.34637553474633404,8.70527072698742e-05,6.865210846042014e-05,0.29369768135185204,145.5138983949147,0.017283168193370453,0.00339809853313997,0.3447197040499984,147.17901243115878,0.017752377134139987,0.0037807410669619874,150,0.33559643786079196,144.59181431089505,0.017817850649703412,0.00324859228992878,0.007897767486619552,0.34637147485038117,8.75891482938047e-05,8.704096092822872e-05,0.2968532283695147,143.81177500587722,0.017595477305083616,0.0029756894130668907,0.34803561806425404,145.4217770216002,0.018074914842527424,0.003419945337861818,150,0.3413343435427284,141.70695143577987,0.018239959404100434,0.002631532694261033,0.008358395080709444,0.39060278209406196,8.832165753820181e-05,9.396302775443758e-05,0.30028806151304255,140.83020697538572,0.01802207762612816,0.002436049941520752,0.3544985978568137,142.58025071984605,0.018441271240817715,0.0030081576580151814
processed_data_batch_5.npz,150,0.3399755638400917,139.8364590357365,0.018643469738295705,0.003006354006783898,0.016095005007274298,0.29185897195873844,0.00010015168459532862,5.988442323161842e-05,0.2707232577679767,139.14473403860939,0.018328395979848377,0.002901438012621255,0.3573660026830546,140.61414140033182,0.018886334351965763,0.003173071323514746,150,0.3399748976502041,139.83706934795092,0.01864324444658809,0.0006040902229518247,0.01609509169942755,0.29152755684393195,0.00010017886611475601,4.088872368365419e-05,0.2707115019035926,139.15237184627682,0.018327271988029498,0.0004988526273185462,0.35735227950839127,140.620478958729,0.01888444072443286,0.0007180968146525415,150,0.3275147768657158,146.62804107953187,0.017564175569641596,0.0036048817818187745,0.015568065700549623,0.3039189413269203,0.00010593298867845368,7.061353939287589e-05,0.2602857363461994,145.92498957327368,0.01722287446387477,0.003422277452358937,0.3443621431568924,147.3734979874846,0.017832412905775703,0.0037647632772626004,150,0.33069802619623057,144.83112812919327,0.01788075378559684,0.003229058513489963,0.015591616933439037,0.2963526214462656,0.00010654893051858819,0.0001336301048695463,0.2636952445294872,144.1201630471998,0.01754236235252606,0.002737487315010906,0.3476959608084284,145.62472275182063,0.01814509789813462,0.003446265396645616,150,0.33612462138759613,142.07872039231364,0.018279811772739234,0.0026871205585780405,0.016506816711137653,0.44466428123925267,0.00010334882090099345,0.00012961075771168344,0.26513819943462974,141.30653388532124,0.017998435341995894,0.0023692536123899512,0.3540301586829438,143.88913375298213,0.01851219743481663,0.0030846720483251344
processed_data_batch_6.npz,150,0.3443769835003739,139.67160578138945,0.01878032468605717,0.0030178119929402908,0.009349914484631154,0.3335980507804662,9.033759314891979e-05,5.658519475876621e-05,0.2954215217749143,138.9868008532586,0.018567599702207123,0.0028928332921079876,0.3570112583910953,140.58657357185803,0.019000993812609022,0.0031700109542794814,150,0.34437591947983914,139.67211216605946,0.018780218747284538,0.0006021137439915733,0.009347626846055957,0.33346117604402276,9.02992423659041e-05,4.075476415737694e-05,0.2954370701076981,138.99821003408417,0.018568308807222104,0.0005155995382313337,0.3569935483736413,140.56828990947974,0.019003173298529616,0.0007302420228676981,150,0.3317415390986315,146.4507115269869,0.017689665330184408,0.0035920317641435404,0.00901798647314011,0.34024576283473923,9.073515252326337e-05,6.853881109043248e-05,0.2844263479102067,145.73508023859594,0.01746855256880744,0.0033998871619918955,0.3439081889351741,147.42343472334466,0.01797949007153593,0.003796633035965658,150,0.3349274015058601,144.68587300425682,0.018005622854205296,0.0032419695579066804,0.009058570645901088,0.33279897529215885,9.138226052229925e-05,8.971399712397178e-05,0.2876357408207056,144.01222565765303,0.017788950153448467,0.002872125692544723,0.3472107873773105,145.58305424359256,0.018315987205227754,0.0034293101980559138,150,0.3406228497986006,141.81819024875955,0.01842412020354848,0.002636531738529187,0.009588200419309065,0.399816118968176,9.431949264503959e-05,0.0001112641893168299,0.29049528068721664,140.989975421547,0.018208338114004505,0.0024162541281982997,0.35363561316603304,143.28976201839146,0.018655494517364056,0.0029530995340021457
processed_data_batch_7.npz,150,0.3448750227687746,139.68178539757625,0.01880243817594287,0.003016310475523439,0.008368713778740449,0.32676473911017273,8.555085383473372e-05,5.924059277103473e-05,0.3138008220222169,138.83752418192452,0.018561235775037554,0.002892041950382888,0.35726448108042524,140.3634968638911,0.019053065054418332,0.003159311973649513,150,0.34487427710402396,139.68240653908245,0.018802212497317384,0.0006085100233559126,0.008369805221500888,0.32671363398490955,8.550150917425089e-05,3.6378656124778196e-05,0.3138188963085589,138.83036915320972,0.01855822811007053,0.0005036694175155236,0.3572987682384136,140.3559705108658,0.019052134185327793,0.0007037929652786375,150,0.3322259577245943,146.4568651918114,0.01771087195273236,0.0036035106756182734,0.008055771907199983,0.32362374868234706,8.446630164639844e-05,6.485216053833863e-05,0.30221161855008166,145.61503620879478,0.017475395905434423,0.00345246313474742,0.3441445787492547,147.21571716097554,0.017980046276025986,0.0037784647392699456,150,0.3354155353663397,144.69387407799357,0.0180270536524101,0.003253791690961228,0.008112406165906999,0.32849469317756236,8.5340950830607e-05,7.817021815069249e-05,0.30534376736772445,143.85804673298068,0.01778751896743842,0.003032783399623518,0.34747137475498546,145.40031328984364,0.018304030359528035,0.003438787135820758,150,0.3411311817350424,141.81811274521993,0.018447450521413614,0.002643217836703456,0.00857735355373815,0.363471698277773,8.779799233382178e-05,0.00010236745130407232,0.3092960793108386,140.68348683899072,0.018203108547054373,0.0024391008867303138,0.35381630945040743,142.90463182905916,0.01867991909195408,0.002898562284335324
processed_data_batch_8.npz,150,0.34680084261966043,139.54896770278552,0.01883169926233139,0.00301329761365202,0.006675542799525516,0.3524593394740059,9.317997853819582e-05,5.833712550983968e-05,0.32267953280866046,138.69413409854985,0.018566900369970708,0.0029042716280273904,0.3571760242526723,140.4951864923225,0.01902525906622523,0.0031514781770297508,150,0.3468004729609492,139.54940095032487,0.018831512097332855,0.0006039350018270128,0.006676137674252373,0.3529619114393544,9.329735648192402e-05,4.077434729000209e-05,0.3226676035668725,138.68996981825882,0.018565552335863798,0.0004933530979501473,0.35717222162918105,140.50086660538247,0.019026055949098328,0.0007085619358387503,150,0.33406691882743134,146.3188973132486,0.017736337969457405,0.0036082617682000146,0.006432913455282108,0.355746763197172,9.356647712856674e-05,5.56664153078814e-05,0.3108324367107822,145.42560102657336,0.01746590194543757,0.003461962177191171,0.34408712455055435,147.24126234051832,0.017959842076994036,0.0037587556306801105,150,0.3372729581577871,144.56002034136182,0.018053018012526185,0.003266365934265238,0.006483753845937288,0.35531909686627144,9.40316700226499e-05,6.792416579296373e-05,0.3139183903070925,143.7091994132988,0.017781768069026094,0.0030231239839074425,0.34739810101919893,145.50263467096815,0.018275212654155215,0.003424804235184684,150,0.3431023017997857,141.64743033687856,0.018479622434751618,0.0026282059407548904,0.0068581985067362895,0.3794970959915557,9.402169563668969e-05,8.72659079831063e-05,0.3183649788050767,140.6263417800189,0.01823349615233069,0.002417784644475565,0.3538199692552511,142.60015713396118,0.018684683858094128,0.0029133079813694206
processed_data_batch_9.npz,150,0.3450495793200409,139.78948643338606,0.018790818098654186,0.003020876302399123,0.009565429324157645,0.27034115151238164,9.546473303200756e-05,6.240551535901746e-05,0.29776694382734376,139.03291835571378,0.018557501651900697,0.002894543507819574,0.3578470060307289,140.5144362253692,0.019073255468106756,0.0031579814807124167,150,0.34504959753703884,139.7895267438438,0.01879075406221024,0.0006013096632141551,0.009563098118098386,0.27081785933025837,9.540409319430581e-05,4.01405457937485e-05,0.29775683313402007,139.012962625474,0.018558743998498394,0.0004799941507195593,0.35786256454075743,140.52371549467176,0.019078365598175863,0.0007047834453790628,150,0.3324031092556035,146.5673634046246,0.017698449614177433,0.0035980001395794713,0.009230234705689984,0.27222834235435034,9.329855894665028e-05,7.023347561092654e-05,0.286674773665926,145.80991882369665,0.017448979249864296,0.003434090908066027,0.34482714538724635,147.27439345472933,0.017943607249764675,0.003774529406390382,150,0.3355948457778618,144.80234984252252,0.01801492227392992,0.003250106238379708,0.009278782924667543,0.26847845106140084,9.342140262541636e-05,9.461279713015145e-05,0.28986245766010627,144.0225588902301,0.01776745076035001,0.0028538092163179676,0.34813306478772515,145.48124984390083,0.01826461123341207,0.003458146369128916,150,0.3413197268526939,141.92378019476234,0.018434949761089142,0.0026332175631074138,0.009820479374392278,0.34501083943222904,0.00010260438243819611,0.00011310603003247368,0.29287127500935123,141.08098770163383,0.018176543956994234,0.0023477462792487257,0.3545110860276776,143.36072723429044,0.01872646183634669,0.002951128364957246
processed_data_batch_10.npz,150,0.3431009540966143,139.61094496380812,0.018855923877783547,0.0030076583353694547,0.010073598287028761,0.29423642003203504,9.326957758919181e-05,5.55455118389418e-05,0.3011138005617366,138.94575385042936,0.018609264437835112,0.002891167035273664,0.3553597119796667,140.3321426117307,0.0190500156631734,0.003134091107486875,150,0.34310316731278334,139.60973263750887,0.018856140430829726,0.0006001302127168665,0.010072166519120712,0.29597632853084166,9.354200875821588e-05,3.5483626286177716e-05,0.3011102666180228,138.94917331924782,0.01860870257144731,0.0005048830864970062,0.35537601611059133,140.3246911478258,0.01904920910966596,0.0006938817388756229,150,0.33050203741680784,146.39428369082478,0.01776772641114211,0.0035983396634537814,0.009708256027532072,0.29595430343991325,9.452578412168254e-05,5.053922327540372e-05,0.2899919714707393,145.77938368158598,0.017516619696579968,0.003427696864292445,0.3422046106500195,147.1177629371186,0.0179584093797944,0.003730310510613524,150,0.3336891638623664,144.62046293553237,0.01808431774570629,0.0032397120107787855,0.009757979782224821,0.29672400191950865,9.485949230508721e-05,7.801281078361379e-05,0.293093422371744,143.92612454984604,0.017829211203671022,0.0029415726541352663,0.3455501198525201,145.35106476070507,0.01827723968343024,0.00339757666115797,150,0.3393078900204661,141.7856280007688,0.0184974848726365,0.00266191926740319,0.010330253623225568,0.36692896850926143,9.406922237269094e-05,0.00010824410800467052,0.29636702914958135,141.07105542345644,0.018241493191682806,0.002455814943900894,0.35176134830604167,142.80315993708155,0.018712105267482085,0.0029915926877373974
processed_data_batch_11.npz,150,0.34344249932630294,139.67052044786874,0.01884524720711378,0.003021141318628735,0.013323111720597003,0.6875602446636105,0.0001104779064992408,7.861632987901071e-05,0.2552966274403889,137.8253732178896,0.018238942368025216,0.002898828855049061,0.3591426419722041,146.98777734779753,0.019216458568384935,0.0035790784997881127,150,0.3434441672495939,139.6698323333044,0.01884525899667181,0.0006262616098125961,0.013322051189294276,0.6878104050829037,0.0001106467553373081,0.00015474545158110077,0.25535306203494,137.84031284819872,0.018237224680820705,0.0005251493980412403,0.3591552924196578,146.9900466789952,0.019217469418978863,0.002067520912022219,150,0.3308241546336389,146.4652275256892,0.017754546831110947,0.003596792170746359,0.012905196542611056,0.7289155045672701,0.0001100410536758149,9.607646814474654e-05,0.24491091493933456,144.35688067195153,0.017188815423562917,0.0030005862764308504,0.34582766077484767,154.14426659646693,0.018157590595888774,0.004233364268960004,150,0.3340217201547147,144.68416309933107,0.018071957831850685,0.0032411005902366835,0.012916957707842699,0.7095556903935106,0.00011154697904263164,0.00014047699096541365,0.24829869895501563,142.6313860344335,0.017493402834541993,0.0021919870797083908,0.3491818104860324,152.2707402078667,0.01847524359518875,0.003869488745919671,150,0.33966113747410875,141.8459649062398,0.01848606248643035,0.002654066450624989,0.013658369283592361,0.7870153131361646,0.00011290119063173842,0.00012012845891375337,0.24918374982373614,139.98578120132362,0.017889622724633215,0.002376535286672855,0.3557111853890274,149.26610744879446,0.018819702784495712,0.003145260106039637
processed_data_batch_12.npz,150,0.34190288671158053,138.93906072435817,0.018855271466519472,0.003100635048983582,0.01271747946124354,3.4477392548801618,0.00032653530620118683,0.00043077205251757845,0.267940737146692,114.59990918117091,0.016882889032018133,0.0028983524418249584,0.3547659693036405,154.72048452791228,0.020643304770137132,0.006223057676313988,150,0.341903191583732,138.93910485433472,0.01885517660790872,0.0007567004570361841,0.012718545035264447,3.448695272638094,0.0003266823716279167,0.0007041285578850947,0.26793815043301394,114.6010396209713,0.016880173560137938,0.0005075428632409822,0.3547772659161223,154.73418945040962,0.020641942640281435,0.005439544167879257,150,0.32927493497547317,145.71958781318978,0.017772769328593493,0.0036637635601432833,0.012468563862369176,3.432872326754825,0.0003299360049263105,0.0003780177071252987,0.25763839472802375,120.57459581976943,0.01579829718092846,0.002214595263640271,0.34166098588904203,161.23145926893852,0.0195530656750631,0.006156620325311056,150,0.33246651926102244,143.94173473089285,0.01808881328484395,0.003314273095610823,0.012492031255489386,3.439582341609918,0.00032934220542494923,0.0003720811808520449,0.26103368073506555,118.72104323863437,0.01612419528579576,0.0027234474943542255,0.34497127310233316,159.42181257926688,0.019875262170800323,0.005738880997683776,150,0.33805288676646605,141.15122216370224,0.0184929527594548,0.002756889343658298,0.01308716437085935,3.3492846315007014,0.0003244233094749407,0.000418986814723874,0.2623930473501064,118.11213673190069,0.016479717382609022,0.0024688348372423775,0.3512297159374826,157.15787553294,0.02030045853918557,0.005433322343434974
processed_data_batch_13.npz,150,0.3410307282228817,139.13150225146185,0.018750065995122432,0.003049440750411544,0.012268751705435416,1.7854809221594268,0.000210862379548391,0.0002278494046507348,0.25443572222447114,123.21256693586788,0.017820501110572352,0.0029039440048011364,0.3694622247905685,145.92491070750106,0.020282624705725935,0.004834353022154143,150,0.3410317514609252,139.1308890243381,0.018750166113106103,0.0006970347872507862,0.012267019382027738,1.7868212204421314,0.00021061452140715123,0.0004066740149913567,0.2544420942144442,123.17990002052689,0.01782428424464592,0.0004972697101468768,0.36950647013397925,145.90196857327305,0.020285510078277013,0.0037353313528592086,150,0.3284595878602547,145.91525245610842,0.01766947746833793,0.0036137804823377245,0.011951256379153952,1.746991890194363,0.0002065793544893731,0.00022064153192790718,0.24428171415563496,130.91089024328127,0.016768481497692916,0.0033294211409547886,0.3577388510063423,152.4680051303727,0.01919547890230884,0.006047913134366813,150,0.33163237650625566,144.13780949970086,0.01798473276520679,0.003256806076303718,0.011959331918460974,1.7617979522772456,0.00020863756658180934,0.00024202526837541536,0.24771765910621366,128.86346593595744,0.017053552583619565,0.0025578291227626422,0.36058556321193175,150.5085691887205,0.019524078364492443,0.005744319230219885,150,0.33716689604059835,141.35051872060313,0.01838749785729944,0.0027087387916879925,0.012580556262468595,1.7857706254705112,0.00021348046901590266,0.00024645282746929716,0.24840242279242608,126.12304820177478,0.017415150208967615,0.002414665535364217,0.365436562036517,148.19862566231956,0.019879313904963832,0.004904062036294664
processed_data_batch_14.npz,150,0.33784666749510767,138.18064686477223,0.018710170530760347,0.003043815242521749,0.01310887425419341,1.9424482872040387,0.0002516407489895525,0.00015947795313857015,0.24914507876872183,124.7746089142427,0.017421284626991305,0.00288260227365758,0.3975177208664587,153.92842771420138,0.020126526437449346,0.0041001144184263,150,0.33784550945100517,138.18111143134703,0.01871003795497576,0.0006896258188152323,0.013100477066299611,1.9439547046421823,0.00025179268262507726,0.00032360227460254425,0.24926999119825569,124.77615072096913,0.017419686266010023,0.0004963092638019178,0.39752123562018216,153.93577782614773,0.020125711300387653,0.0028226449336125376,150,0.3253035683470859,144.9494466978314,0.017643370395838975,0.003608974848612596,0.012660897085428936,1.988574656946531,0.00025128418544447857,0.00012981413663451763,0.23916302796171268,131.5094365292023,0.016288727430873343,0.003318143511052649,0.38276713014359437,161.2338330150525,0.019066027727030668,0.004461845123635659,150,0.3284779348197372,143.16111634259332,0.017957579868585403,0.0032359324024710356,0.012693544677471452,1.9781810176046655,0.0002523798701696777,0.00016845957727231102,0.24264651520992642,129.72740594706724,0.016614989393577237,0.002581125269603703,0.3868399990515145,159.29477335620157,0.019384029839209997,0.004272942862607599,150,0.3338713467321721,140.46208464916577,0.01834337623278423,0.0027341343129563315,0.013456543838198776,2.0078354009213433,0.0002552895266965438,0.0001852993044875117,0.24295117206579445,126.7959062423556,0.017000117544833212,0.001909218038544357,0.39544133713043494,156.73841133386975,0.01980522490728625,0.0038056329468449802
processed_data_batch_15.npz,150,0.3088912750899553,131.69789877657823,0.018948403476735966,0.003021186695450547,0.009756332497773806,1.3365808623451678,0.00019784040267003,0.0001468899578274074,0.23887511633965178,118.6003434842142,0.018342235429183364,0.0028374335071016206,0.32348007289695707,135.2572136856545,0.019463515285024,0.004345226837343724,150,0.3088926044374596,131.69709244357063,0.01894855642169691,0.0006639823766676256,0.009753220306990483,1.33903980798928,0.00019784719862410178,0.00028854949180858006,0.23889119420683372,118.57525988507821,0.018346276343843056,0.0005077369516421424,0.32353758773555863,135.25157382789922,0.019466740385306457,0.003101528216745843,150,0.29672975977362703,138.48844383644237,0.01796375966780218,0.0035370079729466087,0.009464919955535299,1.4099097438935349,0.00019502884639736575,0.00018521823301665617,0.22873271681559001,124.72905319325656,0.017371238936305305,0.0032804464843920215,0.30988034593303926,142.16055653000927,0.018483536637314453,0.005162284137816128,150,0.29998849530243116,136.51727898123718,0.018281410881480973,0.002999422990663702,0.00943114629308201,1.3915707780415751,0.00019714052864344168,0.00020133236273063562,0.23208021200512052,122.94188922238713,0.017678494961647275,0.002503037264315204,0.31343353164309545,140.2123104040224,0.018804287499143674,0.004662995288963674,150,0.3039380388845286,134.5863292497576,0.018535810603864493,0.0029310745202060446,0.009995019084715243,1.359337110588996,0.00019540421846563457,0.00016012691946203905,0.23217901293363347,121.70665594679951,0.017963017737783984,0.0027345297634933357,0.3179063002504108,138.0508868019335,0.019026902445981046,0.004329915391121346
processed_data_batch_16.npz,150,0.22475161965340307,112.49705587145148,0.019317148775044878,0.002951754975486563,0.007782744221912811,1.3437602058551574,0.0002481155053186423,7.785343740771442e-05,0.1984175747054473,102.22863522737904,0.018862210040968434,0.002826817017035303,0.2801595917292863,116.0702375777123,0.020080651309384995,0.003403583862912945,150,0.22475368785600522,112.49569665269225,0.01931733506719661,0.0006014009370096918,0.007782241450441313,1.3442809380584113,0.000248269124903137,0.00013548640978344203,0.19842440542060735,102.22232308704587,0.01886289862668445,0.0004943824987840279,0.2801579446601983,116.07770242289807,0.020080395287031372,0.0016087798478554816,150,0.21353273525177238,119.76716215143512,0.018524218240353735,0.003088059871673591,0.007427081998694663,1.3637979460652343,0.00025136512499460373,0.00010335481044038528,0.1886828249350305,109.2800759237017,0.018048323619090565,0.0027101029378855195,0.26683741851419834,123.52553068893769,0.019296945236495586,0.0034947366892265457,150,0.21664245381032046,117.46056786824958,0.01880708225882174,0.0024068811419216568,0.007645585686812138,1.338014285209303,0.0002482926426630775,8.589473465772852e-05,0.19068179624359385,107.24050002006618,0.018343385304607846,0.0022590383634292313,0.27061947957682025,121.17750745871174,0.019577251219538225,0.0029228817020361918,150,0.2165820037840812,117.8979202094031,0.018805083153640198,0.002869562936030904,0.008008237837613869,1.2904156415202694,0.00024153846910174962,8.14132947451692e-05,0.18955262348610188,108.46401474680486,0.018373418505266498,0.002645791834878436,0.2734865077515649,121.62649109189748,0.019559268249942575,0.003299241276639721
processed_data_batch_17.npz,150,0.11462084356377224,86.72065055472935,0.019733943851387114,0.002907727332096432,0.005809622385138589,0.8649578983824607,0.0001272544163064539,6.80364230931979e-05,0.09357061544257769,84.89925242191542,0.019422818810803672,0.002761187593152044,0.15889935538222133,91.79161470669341,0.020142265646562064,0.0032247072629272102,150,0.11462337521027213,86.71852643055284,0.019734099037765143,0.0005693929866842375,0.0058127422400691825,0.865749598224286,0.00012729725939035453,7.74806642389384e-05,0.09357975652905184,84.89971480745629,0.01942212624420761,0.0004849446336474012,0.1589851029773861,91.79837839362337,0.020143252374830913,0.0013086948798651857,150,0.10581370061392742,95.70315024312826,0.019144411814938388,0.0019132479892985785,0.00563055539952002,0.8737714744729838,0.00012523829813825704,7.305269334851745e-05,0.0858976549535268,93.29562161527785,0.01885722654903684,0.0016895491232151014,0.14911443051528128,101.63328179990864,0.019551762468014308,0.002359124129015029,150,0.10636111535821625,94.69833799685092,0.019292813123510357,0.0017946205892622087,0.005571605494441172,0.8744830672781624,0.00012678838944132795,7.690326439012273e-05,0.08663112309177805,92.38711637266215,0.019001075811835588,0.0015508810023843126,0.14941024310382975,100.54593875080397,0.019703566959804873,0.0022865773214826553,150,0.1036606541886135,96.84460036873762,0.01929600791704574,0.0014000372588602902,0.005573178802661195,0.9122864454976046,0.00012607487079914771,0.00012142521251613475,0.08437451896056869,94.35477439122022,0.018997196040117372,0.0010372877779723745,0.14725265494593032,103.14778876660174,0.019704361720261583,0.0023305084241087323
processed_data_batch_18.npz,150,0.06377081299510742,72.18760329640624,0.020420606698125635,0.002885659167880681,0.001676778709661842,0.6648793404884852,0.00026325652357228976,6.230688653612492e-05,0.05555007626789302,70.31411767268156,0.019828172990885767,0.002777621186486441,0.06767944371175612,73.93864144247736,0.020943730919133173,0.0030594780629649614,150,0.06377186584976526,72.18643822630824,0.020420615634665698,0.0005576297962866076,0.00167570816906422,0.6636321930959885,0.00026317507666365236,3.567896961139534e-05,0.05555152187965733,70.33284768144463,0.01982961126580748,0.00047740199357297765,0.0676571703763318,73.95252296591917,0.020943517012572337,0.0007121698888962007,150,0.05762215801762567,82.010228380107,0.019935522469550552,0.001023052362459808,0.0014786131439491585,0.6798105726447862,0.0002584063861038593,5.069787430875108e-05,0.05047878247450522,80.06080227378813,0.019362911420847225,0.0008314980853072911,0.061143518908856845,83.6975517029464,0.020447277908073946,0.0012061808642320013,150,0.05796145501196311,81.4266316824215,0.020060921301367107,0.0009765554738452047,0.001505039130329462,0.6796278880448219,0.0002610390789738789,4.381555700892884e-05,0.050694748825573364,79.51107931053343,0.01948047056198546,0.0008240014997804293,0.061554129509578635,83.11237481784731,0.02057781844361843,0.0011620317983429141,150,0.05761840070445577,80.82024293364351,0.020149999411070596,0.0004876469957188647,0.0013210576984625873,0.6854455183774413,0.00025941151857838545,4.346472900463613e-05,0.05139523734187343,78.917281887999,0.019575419926338832,0.0003687479960093897,0.06087982512796964,82.52992739021046,0.020661272740849335,0.0007303127203371805
processed_data_batch_19.npz,150,0.0751931268734999,75.95089479903368,0.021173942590142724,0.0028816631081040375,0.002937819237313871,0.6881104082418401,0.00020911825072553644,5.7640722414118926e-05,0.06511203962511465,74.31033417021467,0.02069371716950379,0.0027597771829284863,0.08119228454489102,77.55034589061734,0.021592544459594337,0.0029994502064713915,150,0.0751922144440977,75.95148445231176,0.02117397928290452,0.0005572766360243007,0.0029386228330286076,0.6876240164805044,0.0002091826370921446,3.14909025665647e-05,0.06506530248667927,74.34311335856765,0.020693209915575585,0.00047456160473339837,0.08120515216120007,77.54323603100651,0.021592344078113196,0.0006408434779560958,150,0.06805397163285382,85.93163932281819,0.020642037132189726,0.0013018888151439365,0.0026566331542476804,0.7069128457144399,0.00020130139524115304,7.229975398547687e-05,0.059044055675186696,84.38535060206425,0.020168275469886126,0.001064585519852878,0.07346687856037225,87.58689000587533,0.021048230811685033,0.0014724728719816573,150,0.06859753343755937,84.93931937221886,0.020784991171930188,0.0012020374881372346,0.00270087156603632,0.6703085494158363,0.00020398441013412031,6.099849110222134e-05,0.05942395733321097,83.55093553835319,0.020308678493783712,0.0010027291260278732,0.07407548528319932,86.60045179144252,0.021194814108748464,0.0013485787012933483,150,0.06715571791715468,85.6927387776982,0.02084613617999751,0.0006725787070240382,0.0024571042727374575,0.7866133638113121,0.00020075280287093115,5.736990406873171e-05,0.058872628989145866,83.38379205020495,0.020372643263879307,0.0004744627378264801,0.07216035139538311,87.41569671103485,0.021255536693272875,0.000827697380495907
processed_data_batch_20.npz,150,0.1548808927928593,96.66090383513311,0.021571737136256656,0.002915915928263235,0.005453566044877445,1.1579552981745178,0.00012016833259498583,5.999673204379934e-05,0.13733521882660238,93.84440070104642,0.021235230858864088,0.0027922085409293144,0.16626450124208433,98.59233229631228,0.02186994115592157,0.003028854267509693,150,0.1548802322759324,96.66139436509133,0.02157164277717535,0.0005666902453697575,0.0054514678922558514,1.1600702509090888,0.00012009671677630547,3.436121896130661e-05,0.137320770057198,93.82339515161843,0.021235068011062765,0.0004960622052912703,0.166226459862997,98.59661076266376,0.021869084831553337,0.0006614397534959777,150,0.14591932534761862,104.10741436207526,0.020910442225737118,0.0022423777040401897,0.005340533617743652,1.0844357319485194,0.00011490198518916627,6.11739096759071e-05,0.12890490138864705,101.74739101598561,0.02057801754454629,0.0020708317275354156,0.15691141218232915,105.93767261230009,0.02118720426721602,0.002382044983698624,150,0.14629075402279534,103.32603382159563,0.021070155913837336,0.002164968700535065,0.005437366017570825,1.0467572528291864,0.00011678490367115859,5.04346078286854e-05,0.12916481762862136,100.9995494022536,0.020736229766935163,0.002020588491552452,0.1575673495209855,105.1907779946353,0.02135656137110176,0.002294895204028412,150,0.14405986323481373,105.34167678440865,0.021022897937020887,0.002163527726128347,0.005576998920829211,0.9965261403392156,0.00011820962523493335,9.467347511986856e-05,0.12656998897026966,103.11767022183506,0.0207068422448558,0.0018388088385662628,0.15560503370713205,107.54500957337812,0.021314406398369137,0.0023391647359819784
processed_data_batch_21.npz,150,0.269127953194431,122.68211333460812,0.022021414819180254,0.0029745742688144666,0.007646749432578545,0.9145263578192254,0.00010062972136664307,5.7258004248265734e-05,0.23687971929009163,120.42095807571596,0.021746213285682277,0.002868122660293739,0.2808135623654443,124.14047657642104,0.022256896511189332,0.0031002932553449328,150,0.2691289214336188,122.68168678930151,0.022021435476877252,0.0005842811055478746,0.007649308583749109,0.9147197226413928,0.00010060231757456744,3.6543678505786216e-05,0.2368930932838922,120.41465456670475,0.02174439330504546,0.0005024940205245043,0.2808136174607529,124.1360127315689,0.022257149051887443,0.0006815412425218281,150,0.2571537784735852,129.83919175179452,0.02107269697160225,0.0033925015820329097,0.007461806610136424,0.9038609038129637,9.722386824499546e-05,5.7000783140849854e-05,0.22600464034196982,127.6538167428862,0.02079593864332289,0.003240532581579229,0.26861160981680077,131.38641050614876,0.021295225431430618,0.0035534680513319384,150,0.26080409542987043,127.45026175060325,0.021404821357107154,0.0026597557342390075,0.007440201789715027,0.9231077518503075,9.61415853766701e-05,6.951836878760937e-05,0.22950512457845312,125.17902257823953,0.021126741628717038,0.0024893465627046376,0.2722049317538698,128.88929258919148,0.021621478766966757,0.002811557458952337,150,0.2627859603318737,126.6019578603788,0.021526100198627187,0.002991556892400223,0.007861467431672093,0.8781447888646693,0.0001030942718527821,5.321814242324359e-05,0.2297676234697918,124.56755679292553,0.02126153743554259,0.002833663117778163,0.2747870095042854,128.31524539024903,0.021759115243511085,0.003122088907319465
processed_data_batch_22.npz,150,0.3281677254085033,135.9714386824718,0.02221019617463978,0.0030116735914728246,0.012514708564891163,0.4265210914843454,9.690463340697782e-05,5.7631106584058376e-05,0.22065704529941624,134.7531952221757,0.021971118840772748,0.002899176539187894,0.3416657278850088,137.0666658485661,0.02244078471649387,0.0031513682737108317,150,0.32816894257910834,135.9707497606231,0.022210312016237785,0.0006029177423736245,0.012514422190179281,0.42759682826360645,9.688919286880559e-05,3.802294589364893e-05,0.22068219372840084,134.74093326603366,0.021970697999524124,0.0004849748966954741,0.3416736897853768,137.06910657061053,0.02244006664438383,0.0006982322684188022,150,0.31570382066333463,142.83033919288187,0.02111845360377061,0.003557316910597331,0.012110052827033453,0.4352210966563934,9.495851132077117e-05,7.445447933272132e-05,0.21154868109405467,141.71068474077106,0.02086821888400194,0.003148030765589232,0.3287050723752845,144.21217347385735,0.021361146854791506,0.0037201214719215984,150,0.31888801127137756,141.0267394970996,0.021423910209261578,0.0031535573989020255,0.012122349698397329,0.432777875829052,9.500787390389713e-05,0.00010915340650410364,0.21456165853575807,139.82100199245258,0.0211709607909669,0.0024646201991139604,0.33193834693340557,142.12297136499737,0.02166302265124895,0.0033568520726035703,150,0.32392990768466595,138.4856240710013,0.02179324949632938,0.0027521832307942098,0.012822361214081127,0.5283410480308903,0.00010275807138580147,9.26878683449518e-05,0.21384875472880413,137.4487229163078,0.021420853507137273,0.0025129592944823816,0.33782926440298966,142.26338758388968,0.022040629564124007,0.0029934088772696943
processed_data_batch_23.npz,150,0.34086773619455635,139.04647468203606,0.02237679277873353,0.0030174552619321817,0.013550308684541441,0.3372447336335806,8.992118720673211e-05,5.717097616799696e-05,0.2600672094610639,138.10859406014032,0.02211551430823939,0.002901832557139572,0.3554712855516903,139.9099678318973,0.022601601812414968,0.0031465937880110874,150,0.3408695658470337,139.0457962752134,0.022376770051835766,0.0006098359993007575,0.013550074856415817,0.3362623498667931,8.987190054625274e-05,3.848176642609956e-05,0.2600712969343736,138.12009255812924,0.022114493074298917,0.0004945260341762033,0.3554846531542783,139.9115226236478,0.022605942628243413,0.0007164983946751207,150,0.3282308220332278,145.92206853146132,0.0212431008743008,0.0035992064749872377,0.013100812123986907,0.35684289856886037,9.388171847414481e-05,6.897174009581397e-05,0.24979157517069372,144.91132942384286,0.020953428367972083,0.0033802755668272556,0.3423121660370626,146.98943739826703,0.02152654176769914,0.0037540263971286227,150,0.3314569561516144,144.15944868434937,0.021548521065771806,0.003245260084648166,0.01312037044885617,0.3398427568691809,9.314361118912165e-05,0.00011158660137329075,0.2532628472096841,143.22631716703094,0.021257083108952586,0.0026456758440723377,0.3456723814774685,145.05351436398854,0.02183340402404429,0.0034240445835117053,150,0.33709372503388885,141.29697404831987,0.02198285231010777,0.0026404967961705427,0.01388627432255561,0.4848402828409184,9.671663663355501e-05,0.00011793418494819088,0.25427981966944074,140.21468991796567,0.0217374717711974,0.0023502455174025175,0.35206529618933524,143.50590644337484,0.022206757710876827,0.0030194238268800655
processed_data_batch_24.npz,150,0.34078093720086994,139.34769492701076,0.022526323365813925,0.0030175590424847496,0.013215620727272719,0.3386120132064722,0.00010235194343994745,5.667861438464144e-05,0.282666148727813,138.4549637852991,0.022266000257710864,0.0029111322569526418,0.35489613937199477,140.248173293118,0.022798365463632148,0.0031400766015831755,150,0.34077975658537807,139.34836269484032,0.022526203613062935,0.0006038835416400788,0.013217552593959798,0.3374006785961484,0.00010235163390403595,3.658781331289542e-05,0.28265593019976726,138.46220432086423,0.022267767891082976,0.00048022308894864413,0.35486317741519463,140.26930726072055,0.02279783904985139,0.0006945630867599478,150,0.3281764340016595,146.23137091714793,0.02138913091507153,0.0035964602229630123,0.01274514063177055,0.3531068536452448,0.00010256554288054606,7.476607561643956e-05,0.27189860502691515,145.32186207985598,0.02112381929233862,0.0033845841410434846,0.3417584226315588,147.26073019600406,0.021654494703901468,0.0038221659379923585,150,0.3314012303951816,144.47061618401625,0.02169319328559748,0.003243156951238854,0.012800814596701836,0.33735246667584107,0.0001013763556042804,0.00011188256011853788,0.2752144515574794,143.62358828134404,0.02143432140501404,0.0028711102593621494,0.3450664183553816,145.39368455728595,0.021949442142528624,0.003497523828871347,150,0.33701611671782766,141.59864853245278,0.022133009265462092,0.002641318797822289,0.013543894589981379,0.481772380628793,0.00011198797750160314,0.00012717199041580764,0.27747249093399584,140.6097085188407,0.021773187928985107,0.0023721166347239193,0.35154425097658987,143.31660503948717,0.022425435338718464,0.0030498255829164407
processed_data_batch_25.npz,150,0.34376496217232166,139.42160267009996,0.02265105854806252,0.0030356325882262723,0.0138470494545953,1.8324446435878046,0.0002048550635880564,0.0001819732694432632,0.24828207713641492,120.53634809201552,0.021701457353908937,0.002905444522103329,0.39710144623487675,147.90080333626753,0.024425895869983564,0.004874325212726543,150,0.34376404969645696,139.42196538118574,0.02265101046985708,0.0006568211743380695,0.013845658780720176,1.8318360054227716,0.00020491255887238147,0.00032576142780221123,0.2482933928355891,120.540170177162,0.021700967628666114,0.0005229505543568285,0.3970879477053234,147.89919670416214,0.0244249436678333,0.0038228620061449173,150,0.3310458329892283,146.30348224466152,0.021507559426692545,0.003609597864010312,0.013371418148556342,1.862967375978441,0.00020863398594298297,0.00014877835068594525,0.2383098014632711,127.24010635835148,0.020512069939645137,0.0033729072508505518,0.38256012331306527,154.80623579885653,0.02333387875491741,0.005179870248495628,150,0.33429681243543363,144.55069229654748,0.021810697003544124,0.0032741688643371605,0.013425844270384986,1.8604101308633432,0.00020861616807437574,0.00018821349603778554,0.24178561877190277,125.46986123070637,0.02082367424736196,0.002580936472915519,0.3865151404372614,153.02727367490243,0.023643923791996643,0.005132511189093139,150,0.34008808897378934,141.61111752280033,0.022263668956219482,0.002624988078749478,0.014213104310020354,1.8718343811366553,0.00021078830384143034,0.0002364558060563772,0.2422690171690701,122.56700114369812,0.021289660010284928,0.0017176145115400014,0.39542638298225047,150.06437040604914,0.024059273846076232,0.00475628797681369
processed_data_batch_26.npz,150,0.34589407663794514,139.56337853601866,0.02274717458978862,0.003020725223207824,0.01143255177159337,0.44641898270042196,9.97846020689937e-05,6.070404583766017e-05,0.25315009703535213,138.51271623996885,0.02241844769206233,0.002891938355760461,0.3589676023797116,142.87982562417545,0.023115770713988855,0.003173683156228542,150,0.34589259224085,139.56397861402385,0.022747140051553594,0.0006144684990463183,0.011432080749684184,0.44654241152174184,9.97832216195001e-05,6.41150403953106e-05,0.25315138539736387,138.51325420937684,0.022421288542066826,0.0005265750498155096,0.3589850869033428,142.87708144376978,0.023116247424682015,0.0011759619301504702,150,0.3331237130219486,146.43514416656976,0.0215983167942547,0.0036116497548933195,0.011050580008990245,0.454326672818607,0.00010017171246909506,6.75179353062396e-05,0.24293214148009842,145.37599335351842,0.021247406746409587,0.0033824306472422043,0.3456162277067021,149.92335779551405,0.021956866378962183,0.00400643504475143,150,0.3363869519318525,144.69329524200003,0.021900210373684774,0.0032836259677988047,0.01109172472817398,0.45960322153484257,9.882916867789438e-05,9.549992417897132e-05,0.2464171236538213,143.57690294913252,0.021562309086973576,0.0025973268716821952,0.34913183157415956,148.18804381556808,0.022262096775035014,0.0037363140946168323,150,0.3422896152493819,141.70310430070413,0.02236363316395058,0.002590226915145127,0.011719295191707044,0.5273355201302611,0.00010740958453545986,0.00011721610729152301,0.2472347660544918,140.48571950759506,0.02201973564134442,0.0023676880260365607,0.3554474993956288,145.32348325211984,0.02274933348218579,0.0030133528748900206
processed_data_batch_27.npz,150,0.345789636651035,139.4630218364719,0.02282960088041626,0.003030152790273708,0.009445406737472774,0.32010921924963626,0.00010360996482405006,6.087592080208194e-05,0.29978644919994546,138.63504330988204,0.022568657820194727,0.0029074773762384955,0.361291016178371,140.1152706047193,0.023091174306533072,0.003185043232911987,150,0.34578633220992383,139.46471114730963,0.022829296477445044,0.0006062678504916386,0.009445829306480236,0.31927160707339614,0.0001035650814301674,3.754307892816873e-05,0.2997699612250609,138.6536006338806,0.022566639816703843,0.000528133936686224,0.36128673360442,140.1090064742253,0.023092262690353894,0.0007042147705976113,150,0.3330121674948237,146.33267261747403,0.021681798667780163,0.003601338623187821,0.00910483066803402,0.319300244505848,0.00010561201608453643,6.298081127122413e-05,0.28857509519170244,145.4338177302135,0.02141410857821536,0.003467039923383137,0.34793971356518294,146.9919502342214,0.021976237404730266,0.003799553862126306,150,0.3362644655977115,144.600030325869,0.021981537320912767,0.0032720559566182753,0.009176283852457499,0.3151307911296208,0.00010400578888085271,8.081317692004669e-05,0.2917299287335303,143.76415332009043,0.021717518144782517,0.0029370552735622896,0.3514015817445497,145.24555160910253,0.022272428926905445,0.0034849101016874613,150,0.3421729811476327,141.6009142084323,0.022447867094225995,0.002576337352549948,0.009690715278008192,0.3710114711878099,0.00010890594810784514,0.0001117404947766069,0.2951027655781996,140.5661249601823,0.0221640607183198,0.002312554505080557,0.35814803072017853,142.74066678385225,0.0227160222542821,0.0028912754954685893
processed_data_batch_28.npz,150,0.3469305502293056,139.59516711608336,0.02289759496830765,0.0030282579005835894,0.006885761680309247,0.35993923003652484,8.864533809989119e-05,5.6087997016224354e-05,0.3229445870893174,138.74409315111157,0.022642026252007032,0.0029144498819887294,0.35913713060108005,140.73954101886153,0.023127071583564193,0.003149027595760803,150,0.34693072403187675,139.59497008714885,0.022897659778545253,0.0006081924241435275,0.006884518987437527,0.3597389611841286,8.843899077585701e-05,3.4822182223018914e-05,0.32294800268546153,138.74640990398336,0.022642922883570053,0.0005309209767125809,0.35912858645670614,140.73411727845968,0.02313068841638762,0.0006881544794748889,150,0.3341223507075826,146.46342444727262,0.021746902308680788,0.003608361057032468,0.006633221772543648,0.36651708866159743,8.917671585299961e-05,7.23807963994845e-05,0.310965639462441,145.60380680277902,0.021499947340334696,0.003360540749832363,0.34588330142998125,147.6476789875624,0.02198456017350989,0.0038459504379008253,150,0.3373864715908746,144.73369764219197,0.022045988253018064,0.003284478087489652,0.006706363861925649,0.36796436800442844,8.782343135233467e-05,7.979507108905239e-05,0.3140251006468188,143.85496701878205,0.021801771205672667,0.0030161615981853045,0.34929232718233555,145.89887790612218,0.022282036223266084,0.0034844639984053425,150,0.34334428269595363,141.71040482380778,0.02251730792588819,0.00258026667974442,0.0070761003300679115,0.40246093382189313,9.524794064852537e-05,9.804161036154842e-05,0.31876794498786043,140.77336438172765,0.022236231563783633,0.0023658671651632743,0.3559688872766286,143.1141765142821,0.02271521279322273,0.002848404102999975
processed_data_batch_29.npz,150,0.3409941376772274,139.62403489891105,0.022944838826100784,0.0030256677265045485,0.01648214795189513,0.33078428336439497,9.586957016295458e-05,6.063055456010229e-05,0.24600593557837686,138.85467863135975,0.02267202070056456,0.0029113625282935996,0.3564376369094797,140.32873028847865,0.023192808621319873,0.0031753916184959594,150,0.34099544331470827,139.62303875391154,0.022945078276719207,0.0006045752002417313,0.016479318995329454,0.3303007284700074,9.597273833083368e-05,3.513320207195056e-05,0.24603099359552982,138.86928676295972,0.022671651552754992,0.0004956419939501458,0.3564391439091242,140.3242659967222,0.02319287863922724,0.0007088704617878794,150,0.32839335245555984,146.51986097983726,0.021805342646327698,0.003595392039209798,0.015933517487854626,0.34053195151094984,0.00010050700800278652,7.384465475824027e-05,0.23608854920480357,145.76220387051268,0.021540463778908895,0.00330461235896196,0.34330438539017133,147.49510930245953,0.022049413598951035,0.003765844559686105,150,0.3316337126301786,144.7599067915769,0.02210439601621281,0.0032438048463639645,0.015972017866993343,0.3310359815400584,0.00010049810837110144,0.0001298241818545373,0.23955447697614807,144.04653804404523,0.02183232014452886,0.002517255590861742,0.34666681979993896,145.45499994052605,0.022340199367306624,0.003464645556836086,150,0.3372540052769696,141.88058524408422,0.022550650386205642,0.002621946808051659,0.016895498515965834,0.49485780655553113,0.000103883237258154,0.00014509751559765792,0.239913414687258,140.89436335421328,0.022295248246281305,0.002338649142332044,0.3531003395773953,144.55819310393622,0.0228156309127321,0.0030104890205852183
processed_data_batch_30.npz,150,0.34460687494040265,139.70676482190325,0.022999395367386846,0.0030388409254462363,0.011370191252259295,1.9793963387573212,0.00021188106781363342,0.00018869406384814836,0.27295640283168804,136.23902010712447,0.021414460519302937,0.002889434465565842,0.359021882787071,158.92058841392154,0.023258866130244815,0.0048152938133591665,150,0.3446075902025187,139.70627617285,0.022999512330026044,0.0006481351714108493,0.011368193286787072,1.9785557123796336,0.00021188498145750527,0.0003386670350843831,0.2729665857293405,136.251101691642,0.021416893284597213,0.00048523200750822374,0.35898829919318526,158.9233371214113,0.023260038730864352,0.003777476616021449,150,0.3318792672838404,146.59254994258075,0.021851339156741593,0.003619936485440789,0.01097584668717654,2.0317372682826575,0.00022124416047848158,0.00013241889971536688,0.26242045003856235,142.8784163589421,0.020194398124838614,0.0034259056567088734,0.3457586670600818,166.51180254473644,0.022114949216512216,0.0046345583524678765,150,0.33514208959750835,144.84958881881974,0.022149581929915035,0.0032874226780081487,0.011030004903982163,2.031338505819364,0.00022053805440640158,0.00016325645030794653,0.26581976207402097,141.12689380748722,0.02049995039014608,0.0027868433272551663,0.349143466093036,164.7733906477434,0.02240976390337129,0.004437283919665048,150,0.3409610779118474,141.87319527696343,0.022615833638474837,0.0026288111946762838,0.011663246632656325,1.9934012447376799,0.00021515329100419813,0.0002079975368282823,0.2675043890478642,138.45854352918278,0.021049897313356842,0.002356282491424549,0.35577679364065123,161.20767732818828,0.022917321426167817,0.004199520109897385
processed_data_batch_31.npz,150,0.3449967456749396,139.5364216468511,0.023030801992953934,0.0030272276916254383,0.009501184915513392,0.33757247338632285,9.019659916057264e-05,5.7497738615636896e-05,0.29078307648700097,138.76661095924,0.02283832600960325,0.0029238746826162234,0.3584949489526993,140.71582182717873,0.023330102560371376,0.0031700183705633085,150,0.3449973070906132,139.5361074814033,0.023030851969506307,0.0006036150514663291,0.009501195222797444,0.33772887837187077,8.981986019766523e-05,4.247455563592188e-05,0.2907662212100829,138.76013357308537,0.022841805255143368,0.0005078042755360897,0.3585138857879889,140.71132307332036,0.023327994678738622,0.0008766260235738999,150,0.33224635594035373,146.41234900222716,0.021884527867771737,0.0035999142554091128,0.009156951995677433,0.3489706342572323,9.232422958221269e-05,5.953565128623416e-05,0.2797631349909491,145.58227602638516,0.021689618868552214,0.003420955870571059,0.34521639078410604,147.72001310700566,0.022173777704200023,0.003738997094284496,150,0.33549911394650983,144.67959797245646,0.022181710929773914,0.003268599704955885,0.009221572637679578,0.34762778982685116,9.103048199687853e-05,7.969901832992857e-05,0.2830173450478691,143.8543188368104,0.02199111653068742,0.0028197288114794623,0.3487305530324488,145.9675991711154,0.02247184738504089,0.0034234741929690424,150,0.34136179259956617,141.69357561375173,0.022646291783328908,0.0025904184214948635,0.009743571041467496,0.4132029049360235,9.66868316257023e-05,0.00010921367039230443,0.28576638139313404,140.71380396087804,0.022422495197904336,0.002364820830997233,0.3550940319772247,143.02177133268373,0.022971914782176663,0.0029437484193533007
processed_data_batch_32.npz,150,0.34558387545838076,139.5508387427415,0.023089818231940926,0.0030275797444919298,0.009271023929326024,0.3646050207894355,8.734427778702999e-05,5.950892269481813e-05,0.3097239759114256,138.69348342477315,0.022865213801446488,0.0028907607998648293,0.3572558486065885,140.43314160407652,0.023335815407179376,0.0031722236861842453,150,0.34558413945589733,139.55087124034046,0.023089760654211835,0.0006094742385210774,0.009274834352727036,0.3640258201156896,8.752694317254851e-05,4.1001486122586856e-05,0.3097281624765926,138.70696244671598,0.02286495509213041,0.000501198589423781,0.3572666448596858,140.43562723713208,0.02333556417900438,0.0007325033030752024,150,0.3328096152837459,146.42861232475067,0.021940708847233197,0.003601231584295011,0.008926888229696575,0.37010501521762673,9.072025875887033e-05,7.127763822961846e-05,0.2982454436250065,145.58827897974828,0.021724671340508764,0.0033883994070700086,0.3440772621616563,147.34418078012862,0.022262934749915933,0.0038229085243899966,150,0.33607235946470726,144.6963448877355,0.022237475379247636,0.0032711339099648295,0.008997668032219852,0.36408911758244633,8.919423858073552e-05,8.301180280753991e-05,0.30138442905641394,143.8670415339635,0.0220252317773047,0.003043592062614227,0.3474682211741886,145.5977996391352,0.022558012557386285,0.003479107194460156,150,0.34195119542722896,141.69642252757805,0.022709664126407927,0.0025886733738459656,0.009502868108974372,0.4305531496238354,9.353266581001788e-05,0.00011276281577878159,0.3052195028413028,140.89332365480593,0.022460080933912992,0.002397803266873884,0.3538805094974845,142.9887656720279,0.02298793436014445,0.0029416137085929964
processed_data_batch_33.npz,150,0.3455972331377542,139.58319699864776,0.023073390571476553,0.003021848256586177,0.011421740393820063,0.3195337748998121,9.635281046783679e-05,5.8083603188456444e-05,0.2872550842938732,138.7546327943355,0.0228182899396037,0.0029124351727241892,0.3590122333951246,140.2733938700199,0.023365502560630514,0.003205511347172098,150,0.3455981493661234,139.58262127568997,0.02307357323189164,0.0006083045961136534,0.011424866766930886,0.320452856268048,9.619105236557971e-05,3.997514704735143e-05,0.2872778623279422,138.75598115261604,0.02281896129365817,0.0005061177176792493,0.35903076939934175,140.27130422056197,0.02336132930265477,0.0007079221207793511,150,0.3328238637347815,146.46176162840072,0.021924903968638124,0.0036063022442853576,0.011012781287895148,0.32487628377485844,0.00010153784778253871,7.305595907608591e-05,0.2762358263806162,145.55107027751788,0.02167276481836167,0.0033296031668261787,0.34567675432984535,147.15226360689158,0.022215348496174143,0.003781532464715535,150,0.3360986852339787,144.7214195637745,0.022222762014000513,0.0032725950632918567,0.011088716226439293,0.3258335571945996,9.97365245470953e-05,0.00010274551807403272,0.2795010312668816,143.82863984693805,0.02197234219661547,0.002681875716014304,0.34913261322529593,145.42714809163311,0.02250469644216784,0.0034540269518292467,150,0.34196726260160887,141.7361771543916,0.022690572470034354,0.0025886808474708733,0.01171000070810581,0.40974190308635366,9.704851076142344e-05,0.00012053884319959263,0.2821179058772166,140.85899003305954,0.02241909547683036,0.0022656862643419887,0.35568146805654477,142.9570674445366,0.022970049060507765,0.0029429202309476997
processed_data_batch_34.npz,150,0.3458101509494398,139.55679662979688,0.023078510435031355,0.0030254200042650905,0.009691647932854217,0.8123600403866202,0.00011296476909243222,6.871588358024559e-05,0.3075980998191108,138.76812773041223,0.0226698335120283,0.002905285823398606,0.3587575572188137,148.38200768243811,0.023387797828876816,0.00349118693729426,150,0.34581055089973145,139.55673347530228,0.02307844062800237,0.0006195168648650824,0.009691680567591992,0.8137532167674242,0.000113211707108154,0.00011475577634979834,0.3076131424147495,138.7642994547311,0.022666330561814156,0.000522344110961194,0.358769422290513,148.3894586540597,0.023387188904074825,0.0018465109853465296,150,0.3330260817249482,146.43585078249228,0.021928530753026837,0.003598390693054364,0.009339426227635124,0.8547397722671245,0.00011472216054614423,7.053913169737029e-05,0.2960935424294241,145.6249766652269,0.021386922697812425,0.0033770273425686222,0.34539995520068467,155.76762990857873,0.022204848149131293,0.0037652517565002854,150,0.3362900477950535,144.7045438586327,0.02222536465417374,0.003270080369981941,0.009415742027805247,0.8478488442479126,0.00011264805171435868,9.209797132755087e-05,0.299237433279799,143.89286639661267,0.021709939348191817,0.002925499733741529,0.34881683239693567,153.9373703316296,0.02250481746034603,0.003472661233377912,150,0.34218887660888486,141.69942966881112,0.022696342839435606,0.0025841694952253033,0.00993836142289034,0.829991734343586,0.00011738276379415078,0.00010784412211888212,0.30295767389123945,140.76380369524003,0.02231878267525825,0.002338334749628536,0.35544128479040077,150.37406859884427,0.02302043939523578,0.0029385398715829508
processed_data_batch_35.npz,150,0.3439762082248552,139.46924261670313,0.02308250509681755,0.003033107527690853,0.011177674810336068,0.3731670440048491,9.240673250012582e-05,5.88819220698216e-05,0.2957318486807606,138.58660256953038,0.02285487692534835,0.0029221389388990305,0.3576352091572979,140.36474321323712,0.023353574018098847,0.0031541094267392503,150,0.3439769427791152,139.4686787442049,0.023082661788123064,0.000604875132176174,0.011177358333538159,0.37362396357500516,9.248805889534636e-05,3.593054324169598e-05,0.2957574709008432,138.56959084516052,0.022855127316502088,0.0005138902998941703,0.3576270743972271,140.36488691211284,0.023353288519480746,0.0007206174287129361,150,0.33125918999449877,146.34744672837098,0.021937334459844388,0.003602200730493099,0.010773498353575,0.3827876478203425,9.57297053858122e-05,6.360506182979038e-05,0.2846268010050492,145.48111852545756,0.02175069873718954,0.003440974732549202,0.34447203657129133,147.36773241972938,0.022205553823729487,0.0038019293499457906,150,0.33450912523454807,144.61146927289843,0.022233743145595095,0.0032661717138375078,0.010842296745220964,0.3752771978232723,9.444398275637525e-05,9.041489155499706e-05,0.28785002569883755,143.76534342682598,0.022048004503173336,0.002933218472942452,0.347874717136566,145.51499378324158,0.022498937471092842,0.0034533578513508078,150,0.3403178830443852,141.64122111358887,0.022699794952570275,0.0025994073940322337,0.011467209610189164,0.4678843090141878,9.839188696449366e-05,0.00012784027458415012,0.2909022272857579,140.68232428637515,0.022433970519954258,0.0023410261681387303,0.3543502468553212,143.06408935186488,0.02300324404301406,0.0030289063316792384
processed_data_batch_36.npz,150,0.3448226474723655,139.4439372745632,0.023048032089880485,0.003023244423541618,0.011941997895853297,0.29891518105809434,8.328854264829375e-05,5.7657464478428586e-05,0.2640687182125976,138.81085541485072,0.022843111528629986,0.002927234657093573,0.3595791002752537,140.25390804703775,0.023261100782857373,0.0031259592311117935,150,0.3448218852264862,139.44443975354514,0.023047910554994878,0.0006012620099022296,0.011945268876713017,0.29910018772820773,8.349406849441393e-05,3.7488237291526466e-05,0.2640493482916339,138.82135752642915,0.02284349035401696,0.0005292915022152887,0.3595805470964167,140.26096226977862,0.023262104515858473,0.0007192829746728465,150,0.33206740574509747,146.32128647247234,0.02190183006028948,0.003598437565068137,0.011529657919648068,0.3038637563245335,8.56356543702255e-05,7.028568953536522e-05,0.2536944545592282,145.65044281437812,0.021709749237848838,0.0033960249835402216,0.3462593509303955,147.16867692973508,0.022134263282722513,0.0037829022450122183,150,0.3353261286929171,144.58442043444913,0.022199061413790366,0.00326420518915381,0.011587669884750311,0.302716678503255,8.472159098219953e-05,9.977102771460644e-05,0.25714107319409063,143.9178425597088,0.02200203880397244,0.0026803756402285616,0.3496837530635208,145.38844134187013,0.02242851989779077,0.003469454209671152,150,0.34117375812855555,141.6075902153713,0.02266525820156491,0.0025819743739801,0.012245407608453803,0.3999137661063722,9.236004938012045e-05,0.00012246990117288314,0.2584556651360514,140.87171947588737,0.022423729024822026,0.002281007772140046,0.35626181556094727,143.24940485531312,0.02287537826188591,0.0029957611311820682
processed_data_batch_37.npz,150,0.3454349944810526,139.47304457029915,0.02306761480539245,0.003054208186968818,0.010841438713051647,1.2388742312498913,0.0001200481172554574,0.0001290695335712347,0.295439189790445,131.64642013137816,0.022472292258558457,0.0029241289037801313,0.4005655448517797,150.75290595076714,0.023608920478196908,0.0041960602916512576,150,0.34543441168115163,139.4734081469179,0.0230675025819876,0.0006419422377693787,0.010840810019563133,1.2391087695109015,0.00011984507119365242,0.00025973709032792495,0.2954439775913789,131.64058998051286,0.022473378958457794,0.0005204037787169578,0.40055372474732387,150.7504697012596,0.023605400078654862,0.002942556330299462,150,0.332667241251633,146.34615895228524,0.021919943542877338,0.0036216776599213327,0.010458198249061969,1.3222299061295317,0.000126842799212674,0.00011133770644353597,0.2843316087271316,137.99578669735124,0.021154812402311745,0.0034417955434548984,0.38593013892533823,158.35392420662316,0.022465505759637974,0.004676740671628341,150,0.3359302121059674,144.61245313832313,0.02221691777684061,0.0032946336676813286,0.010535044756470933,1.304309814135354,0.00012375527058200008,0.0001294391263294052,0.28750726401568355,136.37479315720162,0.021492630557803698,0.002847979806239161,0.3898878100678651,156.4366758357624,0.022758889082460442,0.004330201835795453,150,0.3418211917546143,141.61309867907562,0.02268702092739547,0.002611289493043078,0.011143248493912569,1.2602615437783697,0.00012350991343334662,0.00017085862995278034,0.29058166568870125,133.74554680880075,0.022105430059502752,0.0015710735126417677,0.39898455606748273,152.72000622031,0.023164223528519035,0.0034691752650234087
processed_data_batch_38.npz,150,0.3455802542791407,139.3218195615868,0.023058264617757295,0.0030308620125081074,0.010924280424447062,0.3420322080084389,0.00010246739108919673,5.459266261560952e-05,0.26081125018575413,138.10172310210285,0.022654921179787166,0.0029197792148607867,0.35831392643313736,140.1604806855317,0.023576518371073604,0.0032022769296736874,150,0.34557694245978554,139.32335746894998,0.02305805358160236,0.0006118850774597327,0.010922204414433766,0.341973244886666,0.00010236588427666154,5.4878032395254955e-05,0.26081434857777414,138.0937406498727,0.02265616636603293,0.0005095282835031138,0.3583332020164757,140.15277699586275,0.023576881125804815,0.0010384764454182912,150,0.3327953051090096,146.18602557764106,0.021913148218711553,0.0036138740173288207,0.010552488076723899,0.36864346823810196,0.00010193651604478084,6.535062836314028e-05,0.25057398290619554,144.83914459374785,0.021519522266269114,0.0033489216006427295,0.34502606156917465,147.5479071981641,0.022422066012526252,0.003827277126815964,150,0.3360614907760235,144.4531279310702,0.02220976837132961,0.003285429262302056,0.01059438848176023,0.34739473130500137,0.00010106801601158938,9.490165908732496e-05,0.2540105421240118,143.12284182444543,0.021813035570375065,0.0026216426740917854,0.3485303770511742,145.3160133375873,0.022718468429666273,0.003514808768453754,150,0.3419632101836616,141.4608935011579,0.02267749112068106,0.002589822253194601,0.011208382051339585,0.46751265260000235,0.00011191933967190113,0.00011777699118308562,0.25516144991361334,140.07841820953786,0.022286773509995056,0.002354089618724146,0.3549544679660821,144.29890635665572,0.02321535832015166,0.0029502956788560126
processed_data_batch_39.npz,150,0.3464940367304099,139.34769778323127,0.02308988841838346,0.0030213111695570364,0.008946772868032377,0.34208690507970185,8.687123766190683e-05,5.797210523671476e-05,0.3028750042190188,138.18754774160132,0.02287623954115916,0.0028950922054726373,0.3588386615326011,140.1852730465105,0.023329678899222606,0.0031760520263515958,150,0.34649662825270466,139.34636233750768,0.023090110452833587,0.0006055433735784794,0.008947747571316203,0.34158912903371874,8.671033884108537e-05,3.878004467596117e-05,0.3028757931681317,138.1812481431532,0.022876463259179046,0.0005061046694161691,0.35885375191779967,140.1891726049867,0.023330802105681777,0.0007086238353837306,150,0.3336644253741481,146.21971171659186,0.021940272214506472,0.003603014695506389,0.00862525211800045,0.34220499437331947,8.850931351510219e-05,6.743119303594499e-05,0.29154999021079936,145.07582050877727,0.021722520786141456,0.0034469344464093496,0.3455241238295991,147.0528442659645,0.02217410901924335,0.003781526638643432,150,0.3369392011737566,144.48938682723457,0.022237196443710458,0.003275142676299824,0.008690366597648557,0.3431614238578163,8.706948925340752e-05,8.306329710407736e-05,0.29471536376579094,143.35804000209708,0.022022340935047412,0.0029612773780219467,0.348959419705646,145.31643046994722,0.022468132420685776,0.0034638716947604383,150,0.3428805894355822,141.47471099017008,0.02271080280098929,0.002582358378788869,0.00917598364941379,0.3675791169804651,9.37057778324202e-05,0.0001098214314834509,0.2982117914429906,140.3265388008426,0.022464030600811178,0.0023316415175890174,0.35550809004855716,142.42835902646357,0.022935457718091252,0.0029388963806381676
processed_data_batch_40.npz,150,0.34325416742428433,139.3689263804261,0.02306060787536612,0.0030361355368227825,0.01383772522007247,0.6574791806351133,0.0001218513866798745,8.811283168055498e-05,0.25567930473552436,138.51494022903643,0.02242935433657403,0.002926462475768685,0.3575811430327772,143.62459628024064,0.02344548850583582,0.00373260103109417,150,0.34325812375887904,139.36734937924442,0.0230606822802389,0.0006320762940893954,0.013840278771059523,0.6554240277669815,0.00012153684322501613,0.00016667796453292914,0.25568146785267815,138.51797617639818,0.022437698814328676,0.0004864684155972117,0.35759085574350036,143.57427556650245,0.023445949494253725,0.002150706701382819,150,0.33054763626073524,146.25117411456725,0.02191752470138266,0.003613618656879436,0.013387188447837883,0.6483189912332439,0.00012220683948183547,0.00015626858697593074,0.2455103556496124,145.36424750485926,0.02133048322489415,0.0033934804423337243,0.34462410079226735,150.58397597832493,0.022308843346056043,0.005224442942511005,150,0.3338080230282414,144.50296691872236,0.022215277855464982,0.003270951718240021,0.013416093948429304,0.6451871636460097,0.00012144768760569531,0.00017601522399537207,0.24897030576866466,143.6102560639698,0.02163180154290997,0.0026219475160479664,0.3479137298700503,148.81008682778824,0.022598486584388417,0.004865894689880352,150,0.3395653025137693,141.5628971080095,0.022676531880668087,0.002623255698527264,0.014188700205774911,0.7015360263332252,0.0001262266227825512,0.00018437591082469645,0.24982448484111466,140.61063127999765,0.02208143526276833,0.0023478185116645824,0.35429377558196257,145.55362554490944,0.02308635583431812,0.003997066292475847
processed_data_batch_41.npz,150,0.3448888867392724,139.3368458831351,0.023080017288967802,0.003051227616045675,0.007944660182406919,1.2961407463810117,9.385296480454602e-05,0.00018160840369943216,0.30890098415481465,135.38602257826602,0.022835348625121963,0.0029145613136288303,0.35947533973156826,154.03103506502052,0.023336425436348295,0.005126694858392745,150,0.34488605501726965,139.3382441258892,0.02307980353539818,0.0006313472669707031,0.007945651202286035,1.2972500829196925,9.398317620279404e-05,0.00029798629709754587,0.3088738262659502,135.3829966723841,0.02283615877285195,0.0004986127681464992,0.35946553291842714,154.04494764886223,0.023337243513289085,0.004109479895504846,150,0.3321220236629674,146.21051246412793,0.0219341950882534,0.0036105957044966722,0.007644143782930925,1.378851110154614,9.22245118468281e-05,0.0001083902399144237,0.297332568591083,142.018049736415,0.021712246947242955,0.0034621085397736778,0.34617225246812044,161.90685727229942,0.022179021548470994,0.004570640180059022,150,0.3353681949804332,144.48473344649955,0.022229919601019745,0.003283933336949046,0.007706134348281338,1.3646493131559254,9.097803998749093e-05,0.00013214683763384776,0.30047137615165304,140.3034891898427,0.02200857055813023,0.0030263918540627175,0.3495930169435366,159.99551149441595,0.022468870107241686,0.0045148558640118585,150,0.34124573236918876,141.48854645988987,0.02269719324082036,0.002609642981959118,0.008142649742260066,1.3085729326754196,0.00010063986037201957,0.00018277524441477996,0.3043511044322152,137.50762176583325,0.02242014785221245,0.002368313351449815,0.35631045613639756,156.1768425899218,0.02299280628319957,0.004412743098521163
processed_data_batch_42.npz,150,0.3409421479906097,139.10449519886467,0.02310915890080034,0.0030245400773104363,0.016998369996455334,0.3613642911767815,9.659132196459347e-05,5.596172714558205e-05,0.25677338104142644,137.88085164789115,0.0227769034898157,0.0029053443342763213,0.35877415752515296,139.91961827385987,0.02334214313858112,0.0031604933410039264,150,0.3409436210508727,139.1036695071789,0.023109318254238,0.0006014357778889758,0.016998251646722216,0.36168053167462666,9.670732480196371e-05,3.678285781273145e-05,0.2567572388854334,137.87373355595406,0.0227776324703262,0.0005004628087877591,0.3588008779414054,139.92189799741874,0.02334240308761004,0.000693668729448531,150,0.3282820936126644,145.9977157347764,0.021971419648994697,0.0035989690769961087,0.016456595511327485,0.39433470540530635,0.00010043322538294517,6.82054607539634e-05,0.24654947616652412,144.68758458300337,0.02163690296556511,0.003348176365731842,0.3454500313074112,147.48581234351255,0.02224751140081072,0.0037442416039381978,150,0.3315359624350528,144.23864123671035,0.022268401734048923,0.0032486720322686055,0.01645825920431287,0.3668462279526192,0.00010090401167250734,0.00012935390050895928,0.2499908162721184,142.9421173550717,0.021935512225162726,0.0025848842684349275,0.3489386844285799,145.0649630416062,0.02258709881149579,0.003449505138945165,150,0.3371964377384214,141.35035180372898,0.022719200391476343,0.0026277981679150553,0.017415463381418347,0.5751580577377903,0.00010666016335571898,0.00013046411919091113,0.25091536395516617,139.85162584109474,0.022393489370054226,0.002406491185983326,0.3553492048988141,144.18997251523797,0.02298142677224837,0.0030757079542910876
processed_data_batch_43.npz,150,0.34330997298880617,138.92694514140413,0.023133080434693643,0.003048443374561495,0.011524488897712399,1.0852810213296857,0.0001318973882028806,0.00015185211102672762,0.2859576054981532,128.40083236501883,0.02250359506608604,0.002918777320203285,0.38456242184640427,143.30199359944461,0.02367052999044423,0.00459621787780331,150,0.3433077641624799,138.92789367710952,0.023132952840753774,0.0006511828941118447,0.011521472022272583,1.0851224763754337,0.00013200930226480644,0.00027735240800734104,0.28595466037431366,128.40698365428386,0.022502759377682292,0.0005073463240876297,0.3845862486841185,143.31450298032956,0.02366982834996747,0.003350222267115815,150,0.33056959288198035,145.79370650197393,0.021992921796697717,0.003616488458453855,0.011120977291319204,1.1058751894884313,0.000131134018973514,0.00022399396199872728,0.27508495756492474,134.77124082894335,0.021483675479143673,0.003357360327988004,0.37029331207137123,149.39909116628917,0.022627908357559127,0.005957447376982584,150,0.33382159640891423,144.0580412708202,0.022288548046396524,0.0032820640665599025,0.011184053534751005,1.098796654184636,0.00012981363063642573,0.00024018607353850586,0.2783630789505774,133.15090117583793,0.02177387708836854,0.002814115067920533,0.37423191595083843,147.65571753036252,0.022901888315171787,0.005701371681761448,150,0.33961891781873355,141.11177536902724,0.022748402213200698,0.002629532282230982,0.01184103093608378,1.1107403660232742,0.00013632780431909768,0.0002711426493683036,0.2808631274727738,130.6884244712794,0.0221202802180091,0.002014215369133867,0.38231043849979063,145.466096526571,0.02327906655593802,0.005404280057314361
processed_data_batch_44.npz,150,0.3433706993695881,138.72666182700763,0.023135865164390056,0.0030422335998084864,0.009062308304953333,0.7666535331802491,0.00011794643054155805,8.062066070817362e-05,0.2870012476996127,135.3989154985774,0.022307402081027463,0.0029371423913777546,0.3551302859116117,146.08526306854145,0.023340548191900262,0.003697327566644119,150,0.34337287637012676,138.72536520684645,0.02313615073308963,0.0006165399399033198,0.009060988775419826,0.7667846021015666,0.00011789918241675526,0.0001228545985976915,0.287014914766414,135.40818400654052,0.02230727759081644,0.0005296297565986603,0.3551129900875291,146.08589731716592,0.02333930612089695,0.0019900050043705074,150,0.33059986191279694,145.59181439855675,0.021997021823252548,0.0036046441650014627,0.008734372856740781,0.7825650929023272,0.00011925385848452628,7.830783481610444e-05,0.276055165627322,142.05146103090777,0.02117394435797301,0.0034085491723117216,0.3418553574303976,153.08070775453254,0.0221876657325188,0.003953047570001153,150,0.3338535154517001,143.85875664116702,0.022291936244626272,0.003267003171802199,0.008782870466876943,0.7782243910171563,0.00011805033865302233,9.457736252993947e-05,0.2793266947312819,140.35902368712212,0.021469041233387727,0.002871431295427249,0.3452981721226202,151.27975008870106,0.022480968560877668,0.003565399540828651,150,0.3396722483045617,140.90923354437385,0.02274929867222434,0.002615948162324285,0.009296267968930273,0.8057755390953254,0.00012328445080192715,0.00011674344517021942,0.2819584101186489,137.80662466554136,0.021867220689079644,0.002382990568808638,0.3518123498591514,148.671170096035,0.023009224720715836,0.003199130441922049
processed_data_batch_45.npz,150,0.3415093348858884,138.4743969582813,0.02310735555863887,0.0030316138383153428,0.008092190636057074,0.3279371813121105,0.00010305249806759535,5.994686401376794e-05,0.30900545476174196,137.60719694048882,0.02282782126256715,0.0028792242870001807,0.35202370942774613,139.339538128029,0.023392388659485775,0.0031647203799696974,150,0.34150599140900684,138.47596756299905,0.023107150961740566,0.0006048083254045824,0.008092483116302791,0.3299465283976628,0.00010343494737345591,3.5656631066097076e-05,0.3089999837891795,137.60564575314788,0.02282576856957444,0.0005158823505955171,0.35199131263584355,139.35605569069887,0.023394288880734006,0.0006937300632959231,150,0.3287882782565175,145.33934767019693,0.02197320560205013,0.0035932160002519575,0.007793033534414582,0.33358080138777046,0.00010205621950995185,5.8330932801480845e-05,0.2974542655877857,144.45293386131723,0.021736299135821376,0.0034635085292777606,0.33899350311657706,146.2412428922889,0.02224159190266858,0.0037488494985903095,150,0.3320146490946353,143.60911891540047,0.022267416045849402,0.0032504633766398854,0.007844332886694848,0.3320479498856315,0.0001012701541100431,7.435565602543673e-05,0.3006076333287559,142.7127004260492,0.022023076307635184,0.0029990234296699073,0.34227273335542435,144.4682051082433,0.0225374769867122,0.0034576468263277354,150,0.33775158225127366,140.689436064304,0.022719931463477543,0.002621225464402821,0.008305121346845957,0.3888891094903467,0.00010852709217836474,0.00010018698640795588,0.3043924318139581,139.77737138463604,0.022412387887989448,0.002434493374296614,0.3486339134549402,141.90649076924532,0.023002660259098546,0.002876284991008412
processed_data_batch_46.npz,150,0.3359564007592591,137.91206906252458,0.023140954740804114,0.0030491749483053435,0.01304443265066372,0.9716548360137098,0.00010848956958158278,0.00011594310845536009,0.2504523108876497,134.75168768557174,0.022597677606736588,0.002892437681087246,0.3514373298410236,148.1849435959927,0.02351526411637945,0.004219233375951907,150,0.33595616382857574,137.91212009259698,0.023140948294824437,0.0006244864990541092,0.013042896222049174,0.9706744521527514,0.00010866931263750017,0.00019661008932503067,0.2504458676668065,134.77036028020152,0.022598374465573327,0.0005008381598062918,0.35143922712482656,148.17908075150254,0.023516501157974063,0.002867808417424281,150,0.3233757579222412,144.7906004771017,0.022020095943412202,0.0035942272490597543,0.012590599010307239,1.0377268087058886,0.0001145000180088894,7.897043058331549e-05,0.24033455101569917,141.42783011051444,0.021399140589902815,0.003360882915452329,0.3382000778521167,155.72899317751651,0.022379708003448587,0.003926054820553147,150,0.32658719454009655,143.03417355461627,0.02231413502622242,0.00322417907081751,0.012615453503801437,1.0114960384210439,0.00011366596183029284,0.00011870333409895604,0.24380542573845396,139.71666540832555,0.021722784308110095,0.002576327087389169,0.3416029360577459,153.73967022786573,0.022673802116768144,0.0036572802452197037,150,0.3320332685359547,140.24976344880417,0.0227412968937391,0.002680171931199663,0.013357202270562828,1.077537697705648,0.00011170348096591184,0.00013543990110526582,0.24443714244456421,136.7806624776268,0.022143659238378573,0.0024666459810370883,0.34789217947518897,150.99948703046482,0.0230923560861847,0.003606118905108484
processed_data_batch_47.npz,150,0.3280367422369273,135.85757455975505,0.023190158181531147,0.0030276408343033385,0.012903438820388784,0.4153947673230088,9.631949669383706e-05,6.441617485655776e-05,0.22163131337259967,134.81757982913072,0.022947926536141378,0.002912357096937247,0.34116335595921476,137.53874006719326,0.023844834833354263,0.003351727610526117,150,0.32803524408609236,135.85835729401344,0.023189990395072455,0.0006110908994759592,0.012902413834530698,0.4143299355950801,9.637348778086884e-05,7.578682197614731e-05,0.2216165845495125,134.81567136457116,0.02294794247647351,0.0005032098891190332,0.3411179766265703,137.52822256929826,0.02384659578175207,0.0014311073668558118,150,0.3155472986534552,142.7267536101027,0.022094773515162053,0.0035625853384444253,0.012480173160112929,0.4263591218172072,9.574732682559819e-05,6.894065161173264e-05,0.21234874207489873,141.61669864783897,0.021849733249824976,0.003139527592032766,0.32830324258630994,144.611110105502,0.022685383287381435,0.0037164226363892304,150,0.31873744734008624,140.94790053681393,0.02238724010921087,0.003162643791987052,0.012489335728347397,0.4185467426566445,9.599666864644417e-05,0.00010830324854173144,0.21538673605967565,139.86905475640938,0.02214350333527734,0.002444434983732545,0.3314442910466097,142.54347025075094,0.022987129727731745,0.00335443042852033,150,0.3238275541501695,138.3539505093648,0.02278002389642631,0.0027410172224951873,0.013219416550025304,0.5298020211756997,0.00010310603503428709,9.542204993330929e-05,0.21481172345295307,137.11839526671213,0.02247025321404169,0.002532905939781726,0.33740110102768067,141.07325393325976,0.02344941570600131,0.0030290145350668585
processed_data_batch_48.npz,150,0.2635543000388432,121.69195379213134,0.023157191552467003,0.0029817136701403217,0.012946072130829848,2.0798094736325923,7.735895361766624e-05,5.881882681843611e-05,0.2210431849830459,118.54346697234524,0.022961246239362396,0.002874014105093074,0.28777259230588087,126.12973441721547,0.02335256436750768,0.0030959033812876157,150,0.2635571625314619,121.69067288961892,0.023157227380049706,0.0005874059712223158,0.012947550798659878,2.0797062850842503,7.722546602386217e-05,3.493565114832795e-05,0.22102441929932914,118.5380211846618,0.022960943976623637,0.000491141928727448,0.28776171927976385,126.14732182326266,0.023352712569010673,0.0006970351501864346,150,0.2516339695438454,128.91765782475088,0.02221202872932622,0.003371243661375566,0.01267870624752485,2.0160904542449956,8.21306790865664e-05,7.280903251500471e-05,0.21044282391396657,125.73426336921509,0.021999736935443104,0.0030407753779195927,0.2754763166218548,133.1938702726912,0.02246164884726101,0.0035742299097008905,150,0.25530251425717554,126.50651504443401,0.02253132746698934,0.002630383753419177,0.012669798804557438,2.086480970545686,8.099363890791673e-05,9.719447277642468e-05,0.21358219226276018,123.27542488666744,0.022317256752565007,0.0023513761934690416,0.278960669795503,131.00447663075803,0.02276187797076061,0.0028960951272653016,150,0.2570332725013746,125.78113517546595,0.022654008239340873,0.002978165662611718,0.01335337171079069,1.8842755052496314,7.820294178759887e-05,5.174529501451379e-05,0.21328089195465613,122.74042182046158,0.02245826126234014,0.0027994861645726133,0.2821467824766868,130.13566211693643,0.022853150268600943,0.0031099420258096475
processed_data_batch_49.npz,150,0.05507396815569671,69.37262479668028,0.023085822955365327,0.002883562041657742,0.010978983635894746,3.627596457162207,7.684680310372976e-05,5.704172662946828e-05,0.03716459891007782,62.954303569947676,0.022860071486584862,0.0027853089486668437,0.08430243915169698,78.72153828216985,0.023252954725154654,0.003006989720995296,150,0.055072739245167646,69.37393386603014,0.023085815312827336,0.0005499121766912237,0.010979766019195838,3.626342621847221,7.685137690046407e-05,3.598846864226372e-05,0.037133542570199726,62.92938359497326,0.02286023832831189,0.00045171143882362434,0.08429528654868385,78.72254160999262,0.02325300018675115,0.000657961908877497,150,0.049707028070301175,79.12162078263815,0.022588590076960624,0.000882185110127456,0.009849092975144223,3.9141415873829963,7.368864761457162e-05,0.0002484233724898407,0.03394380419228907,72.17704846708304,0.022402404753677007,0.0005418908715536491,0.07622282284370194,88.85106573779098,0.02274669750006989,0.0014949306783626813,150,0.04996540605211825,78.67110260081482,0.022712984798548844,0.0008562032713288515,0.01002720167830442,3.5759937557602153,7.242124820034644e-05,0.0002060534948315321,0.03404847276402537,72.15289665502299,0.022521771787949747,0.0005513762889031439,0.07689463104439771,87.61023102840872,0.022863103001568946,0.0013673903664834699,150,0.05060877676581842,76.73394905907064,0.022812034969204805,0.0004023201694094754,0.008704697016469106,5.411989150972278,7.56249561854696e-05,0.00016705431126046253,0.037302262572003586,66.63978271536988,0.02263213617662037,0.00017206047074702928,0.07470347405148475,89.18525274342053,0.022975839150755243,0.0008973184108427781
processed_data_batch_50.npz,150,0.05700774253998522,134662.1039745445,-0.033188843651109766,0.002878042017825192,0.40026153499885614,892732.4613298262,0.40034967681722,6.173131621397458e-05,4.325169411045022e-22,1.3494762990048925e-06,-4.625041830381042,0.0027767238783222123,4.648225491212217,10190820.563576797,0.0232404415026179,0.0030009653392119935,150,0.14285936898342397,394920.58580215136,-0.11913810671491437,0.0005454099507355523,0.6997320565914488,1708935.7159300575,0.6998407327647734,3.471932884105879e-05,2.6666499307233335e-19,1.181971816061056e-06,-6.645998918090507,0.00046249862740782555,6.669183628267477,14515767.923362896,0.02324029131778341,0.0006194004620404068,150,0.014754997023798276,8.560829392537807,0.022623404661945543,0.0003978732244329387,0.0003752085146750373,0.6864554219636478,5.989544829244703e-05,1.9189390711130186e-05,0.013402481042410184,7.054946319543201,0.022486331329447252,0.00035506030745038306,0.015521078612089225,10.497256666016503,0.02285876345894037,0.0004494725904757181,150,0.01512153997179217,8.23326473142043,0.022752170231894575,0.00036703890665062863,0.0003630553729208311,0.6356738644952385,5.9506682502711284e-05,1.9687354449668482e-05,0.01377777315898245,6.813701506967445,0.022615971791783273,0.0003244267397457217,0.015859695622222482,10.073823837102271,0.022986434623905608,0.00041977971348808476,150,0.02375159484379447,14.682038903384765,0.02280549431097874,0.0002164074865509529,0.0001697899857524186,0.3752206000051505,6.17016342225709e-05,2.3939654179972246e-05,0.02335538905633169,13.742354922721578,0.02265636372096031,0.00015478523206767213,0.024151564658808578,15.79470076629944,0.02305615718879429,0.00027916118327225197
processed_data_batch_51.npz,150,0.017786243052821497,58937.81728125868,0.006064259562486458,0.002873948497987639,0.12050488928597301,389385.099965225,0.12059845040005296,5.81232482277507e-05,3.1851959762737813e-18,1.162780516580919e-06,-1.3678512323531695,0.0027485326623716117,1.3909648221149946,4354629.4415879445,0.02315427599101753,0.0030140770434408572,150,0.07077462300760061,275940.0830351483,-0.047153545034154656,0.0005457369721479858,0.29971191773173145,1192115.6850651044,0.2998185420597167,3.058714596079909e-05,2.0606296662579608e-18,1.0257913955272202e-06,-2.130933689751297,0.0004702515913132256,2.15411025192623,8618157.691782108,0.02315312735592661,0.000632077257849919,150,0.014930499753340418,8.20049821499764,0.02262020276758514,0.00039557804121494953,0.00039062921608869395,0.6881514533639147,6.552012281225323e-05,1.6871590345658054e-05,0.013460806189413777,6.605772258240625,0.022455140515570134,0.0003618442451125815,0.01582504093713978,10.713646271636675,0.02278096698935203,0.00044425454820990265,150,0.015279155602466827,7.898484413556765,0.02274902969064018,0.000364660326420476,0.00037898108805444776,0.6394601421939069,6.504204569490774e-05,1.753341576794085e-05,0.01385539914594389,6.399627995699169,0.022585112357055986,0.0003296192685723436,0.016065692205689507,10.251985302141238,0.022908497512290814,0.0004135032518674932,150,0.02375236647917822,14.492520263102522,0.0228041377849167,0.00021896418104197716,0.0001959451318585894,0.41078615504477073,6.574725202745669e-05,2.382977527914687e-05,0.023114650358786962,13.388337791944,0.02264091068857588,0.00017247452186451565,0.024331803533125106,15.973315892721423,0.022968927497539853,0.0003087973328915773
processed_data_batch_52.npz,150,0.04143157536163073,95596.06865873601,-0.017375281565889678,0.002890799924720188,0.2669519389581049,543257.9200373648,0.26707010957326355,5.9974539331034584e-05,8.585415208102734e-19,1.005145365523541e-06,-2.439202467582784,0.002788200818658187,2.462455317832922,4752369.42017143,0.023163349574758723,0.0030052324283706194,150,0.0767367266027795,215863.34590770578,-0.05311782722499137,0.000550483117339856,0.4064575039558758,1056806.5986306572,0.4065301170130815,3.346399353856279e-05,9.451143194814858e-25,1.0005777018318174e-06,-3.786591838876884,0.0004673487571397593,3.809890580669298,8904805.040551808,0.02316361649615355,0.0006641563575791407,150,0.014891761500601959,8.191845651320348,0.02265128493020309,0.00039772649492170344,0.0003737120121282771,0.7011101333204958,5.930215436536659e-05,1.866610117581299e-05,0.01379796050599186,6.866816599569747,0.02251413611920446,0.00035357948282559805,0.015844929704050492,10.29274928703358,0.022788430484444937,0.00044701426351276144,150,0.015243428974672065,7.890242802988005,0.022779838770978004,0.0003666949769771002,0.0003614191678124823,0.6498024908364526,5.8835757541017425e-05,1.9278402849695226e-05,0.014205011180007408,6.641654737891348,0.022643521293640965,0.000322008072989752,0.016191681774287484,9.849062915587941,0.022916113865118274,0.00041943173830574163,150,0.023728308930015953,14.480089978024687,0.02283478414762651,0.00021971837884913385,0.00020874072149769659,0.41322349206160786,5.9997158386982114e-05,2.4412511589481545e-05,0.023129467744802196,13.555816596508194,0.022691212415643487,0.00016107990435821945,0.02432554547041843,15.550264079417088,0.022974597457480178,0.0002792744581413832
processed_data_batch_53.npz,150,0.046047816059357004,131288.00781665355,-0.021887488686036675,0.0028798339977066643,0.26084220178776824,707350.8179982945,0.26100569810456586,5.958617933537829e-05,3.0354704533130757e-15,0.00047996721701215606,-2.3482355272843645,0.0027799019297051366,2.3713551021042374,6735022.213126574,0.023194440887795136,0.003035805994552901,150,0.1291892820475232,416085.00502712565,-0.10528858546455448,0.0005507765086339339,0.5916528297254917,1789497.2435189812,0.5918042839319102,3.3058183944084934e-05,8.539903601553096e-20,1.0700584630943255e-06,-4.133120167265342,0.00046410063609475185,4.156307587410841,12384885.973606765,0.023193226339553823,0.0006344801351502312,150,0.014828053705269711,8.444527529723082,0.02265728443085725,0.00039983810027381135,0.0005131956230148661,1.1424043842567544,6.140030952175782e-05,1.9495516881060802e-05,0.01199777606205414,6.708266296488461,0.022522856563328964,0.0003619478203162413,0.0158718382164563,19.003823468039617,0.02281022557176299,0.0004722005964867127,150,0.015195002097436596,8.1206397719758,0.022785816244310815,0.00036881244792317717,0.0005014513226461574,1.0499121529362436,6.093816061126535e-05,2.01686326354407e-05,0.012487943926059156,6.537157990376808,0.02265260500990158,0.0003298971768624871,0.016246645113605154,17.747977933214706,0.022937570136764576,0.00044418417251263013,150,0.02375464805562996,14.592732623466715,0.022841017797111018,0.0002205769999376631,0.00024580390043269857,0.5490810281635907,6.14034841757278e-05,2.4472697566773332e-05,0.02298568668575434,13.320192248183618,0.022700447284977554,0.0001619812509134765,0.024421534506636495,18.372141922591734,0.022992303201960655,0.00030600637835854046
processed_data_batch_54.npz,150,0.04710509001075958,66.40505806895318,0.023114763697472097,0.002901396105307336,0.009881450302663216,3.9444405160470786,6.977511745942115e-05,6.739311716051649e-05,0.02604717002112016,56.84318624350889,0.02293921813747319,0.002774760925672577,0.06377999790555909,72.9354278528046,0.02327448071745893,0.003036954893162896,150,0.047106416395943644,66.40295877984403,0.023114770381229797,0.0005533955012488443,0.009878018780215003,3.9493891357374262,6.965634664825021e-05,3.0368623675916224e-05,0.026013398371743778,56.882907142568605,0.022939827734146635,0.0004788023800147332,0.06379274914147172,72.91412228310752,0.023275115799086716,0.0006249172610943771,150,0.042636796364511134,75.8341641953225,0.02263833226631584,0.0007252495056390642,0.008608339579690299,4.508688748802934,6.865161029183549e-05,0.0001918294101345622,0.024668858808104148,64.46806628993016,0.02247145943605019,0.00042910753475114427,0.05739127861641921,83.11154712086073,0.022804284782489616,0.0011327084091843243,150,0.04283183571769,75.47337745324413,0.022759400451864812,0.0007166886372011822,0.008657901062105827,4.479183845362676,6.796739864196729e-05,0.00017275569067199894,0.025016360020360975,63.656760656850146,0.02259122872308593,0.0004038240084030546,0.0578351478006118,82.38634066166021,0.022926239405457183,0.0010585541106985844,150,0.044564334402138944,71.86325606671285,0.02287195440728799,0.0003150876782706123,0.007109048025594075,6.979278434419121,7.15083514381038e-05,9.923712473969032e-05,0.030337458267617894,54.79997516630141,0.022704785127801597,0.00015537321180825712,0.05728797925221189,82.20346430491277,0.023053283803584484,0.0005333595212772264
processed_data_batch_55.npz,150,0.2586392595268805,120.72911866202796,0.023242495065822044,0.002982306016815402,0.01390315149441497,2.562394425136155,8.344596352944388e-05,6.105673503897063e-05,0.2065119185778081,114.55714494291898,0.022995868081905468,0.0028713751125900937,0.2817280482020789,125.02962859789666,0.023432453761980075,0.003120135318018033,150,0.25863860973328134,120.72929390796206,0.023242522106682137,0.000585357208444949,0.013903855339889203,2.5627016038457593,8.323039209428049e-05,3.424704551434111e-05,0.20651826072482954,114.56810396453247,0.022998276624622394,0.0005052490002215604,0.2817271880084945,125.05567289855493,0.0234319594596909,0.0007226691515027608,150,0.24676738941128926,128.00374584393276,0.022306338524387702,0.0033487118626794573,0.01363927071475643,2.484726341610763,8.11983883949517e-05,7.13134441979891e-05,0.19707813853026918,121.93687878649847,0.02210356464224495,0.0029968232572003014,0.26959912257320445,132.10448428304537,0.02246658601802054,0.003492451427917937,150,0.2504414274654865,125.55965477904441,0.022623818483318656,0.0025963335556843797,0.013656203107290639,2.5593694084080356,8.01191003141677e-05,9.011940584590272e-05,0.19968552123311403,119.42762698011961,0.022421660650641193,0.0023946560404726268,0.2731332048556221,129.84335627213338,0.022786240450494197,0.0027865907045549897,150,0.2519398377280879,124.970173965872,0.022733072671897416,0.0029696612733205985,0.014367857977043543,2.2836687494545824,9.304084558032235e-05,5.017064082648224e-05,0.19856555099674011,119.45767054470488,0.022443638570136593,0.0028387997318158513,0.27584013015118647,128.78855257147026,0.02295436855176322,0.0030925099299021035
processed_data_batch_56.npz,150,0.3275851031793424,135.90222066024785,0.023238437812263174,0.003031369128985482,0.010910456900314945,0.47585821719543925,0.00010032392238425286,6.69124852816966e-05,0.27796494503021196,134.51328170425228,0.023034850101777322,0.002875776146221491,0.35605324162300483,137.95294392729517,0.023780988632220813,0.003312135773809476,150,0.32758838796655393,135.90040349175916,0.023238752116499874,0.0006041831443271996,0.01090879993053129,0.47600467708526334,0.00010011532349303557,6.420753052641935e-05,0.27797839398032675,134.5153107851821,0.02303696159943054,0.0005049118880123664,0.3560517118627669,137.96547835252187,0.02377925167520195,0.001218646759999369,150,0.3151060784658378,142.77674658892363,0.022143626619921034,0.0035548193269672795,0.010542010438026012,0.4787404178796708,9.937259310448163e-05,5.808845322925937e-05,0.2669201531509862,141.30937814798338,0.02191937133211448,0.0033928291776388537,0.34229676790482505,144.97268104408573,0.022638947225256917,0.0036766850887394735,150,0.3183046333645202,140.99236945048267,0.022436071887955066,0.0031474630007947966,0.010539128562544743,0.49271635043921946,9.888089749664473e-05,9.424119871496441e-05,0.27034318148374714,139.57581890019955,0.022217597859871447,0.0027152749890025393,0.34579414231956684,143.2486138697578,0.02293233366520127,0.003321228150986734,150,0.32334452087686494,138.4210089936613,0.022822663997149543,0.002745207522046547,0.011186940044086498,0.500272194478936,0.00010839471687950836,0.00010201940813589194,0.2724619633805904,136.44158799014076,0.022628536922139324,0.0023990485059694655,0.3524934532983467,140.29893224213077,0.023412676305995382,0.002993964316791422
processed_data_batch_57.npz,150,0.332267515857257,137.91721947127616,0.023262463794476235,0.003036679691029013,0.015055279281081368,0.3701172541152542,9.783299528336594e-05,6.103029351303872e-05,0.2571057315604076,136.5828038532606,0.02302521790941473,0.0029221936002007845,0.3498672112810434,138.70087971316357,0.02350937607293966,0.0031809645891651786,150,0.3322686326338179,137.9165700483491,0.023262573243129397,0.0006109515808029616,0.015054317734923004,0.3707291877871913,9.800921494098597e-05,3.5691072813700274e-05,0.2570968376428874,136.5831667031503,0.023025223912104736,0.0005230362019157201,0.3499094113641239,138.7077434371373,0.023511817534851997,0.0007133871092217275,150,0.3198166735354634,144.80976451390302,0.02214936285383639,0.0035816376973218087,0.014560891204895402,0.3770780020770459,0.00010301906300997911,7.490819367227595e-05,0.24675921517186808,143.51515976919924,0.02188649459353585,0.0033548902349571945,0.33673073175577894,145.6079344805485,0.022391557356881243,0.0037856701652585812,150,0.3230205349132868,143.03538274814696,0.022442234672287103,0.0031976241593867374,0.014565358343034907,0.37363082961167915,0.00010318923372093981,0.00013085744771714822,0.25024335013512716,141.74172747383764,0.02218203677017307,0.0026023745856124203,0.3400801976297917,143.87785517411248,0.022677973592560935,0.0034247423642302507,150,0.32824893052546295,140.33557332541397,0.02285753393170489,0.0027111749823023465,0.015431456283919105,0.48949152004558033,0.00010149936891503818,0.00012140570826972582,0.2512177035881543,139.16249797337366,0.022562192257594517,0.002486680006600789,0.3463153427623958,142.1253556491563,0.023106149127568972,0.003117558435461809
processed_data_batch_58.npz,150,0.33731713783439216,138.51040935152287,0.023284915422380814,0.0030318799814011603,0.013661541049270044,0.5784535085082887,9.65447744307887e-05,6.113378084252294e-05,0.25807335621186944,137.53626178992448,0.02288622193333914,0.0029193944314811833,0.3529396568349182,142.81289613305037,0.023536709697858406,0.003278440858117506,150,0.337318337080835,138.51028578572507,0.023284759391442804,0.000613054631396573,0.013665344806655964,0.5777909513169958,9.672251430933924e-05,8.359933094450712e-05,0.2580311439018429,137.54052353535843,0.022886901338574316,0.0005192863551416153,0.352949729902568,142.82313284229636,0.023535895278895238,0.0014339274083720742,150,0.3247330223025429,145.40170806695525,0.022157090716053377,0.0035882278035728942,0.013214661783931686,0.5974227741619271,9.919601305071065e-05,7.39235470525732e-05,0.247711833861104,144.4262305465014,0.021759419643292997,0.0032918543250222325,0.33985103906022435,149.8338821298415,0.022373363671532764,0.003761121358723331,150,0.327957413527448,143.64769302403104,0.02244991737411998,0.0032253654252082237,0.013231028919169259,0.596660029312384,9.841660009655322e-05,0.00011953243319070632,0.2511519925193613,142.69757958935242,0.022062082140567763,0.002538805588403992,0.3432010272647044,148.14558113983523,0.022663315741945522,0.003421641062021954,150,0.3334488599799642,140.81786527345315,0.02289225136481433,0.002667418437073584,0.013999477993241772,0.6633452303821927,0.00010421796803409,0.0001105261862616909,0.25231313443167463,139.69932810246837,0.022449277179164152,0.002446889022742013,0.34950614779548494,145.10153226542175,0.023134758992239816,0.0030330683252741673
processed_data_batch_59.npz,150,0.3400732211281167,138.8762897753861,0.02320817463087615,0.003036917925412551,0.011021947896733738,0.31329555995388264,8.773644855257376e-05,6.299284671741657e-05,0.2576660999973677,138.1946928205341,0.022955907269581723,0.0029035352658363972,0.35326211650536404,139.85923850566832,0.023438812490008103,0.0031701749668915443,150,0.3400758408475145,138.8749485141934,0.02320839119819189,0.0006076032644010739,0.011022672199194838,0.3138570588948662,8.758875765363599e-05,3.717908906334835e-05,0.25765929373033486,138.19238797648933,0.022955651409123465,0.000520957072296369,0.3532305429814349,139.86239916286613,0.023437864196441737,0.0007246596407387104,150,0.3274383182709662,145.75717469451095,0.02207405885593808,0.0036007373619527648,0.010651069033505102,0.32064136104608487,8.885019107482578e-05,6.845266618015199e-05,0.24735768463946006,145.04771508048674,0.02181839134895754,0.00333837388428856,0.3402475107112193,146.6910295360736,0.02229478066382079,0.0037476704759707826,150,0.33066534138014403,144.01538161552998,0.022367633154121852,0.003251033916452793,0.010680689308788094,0.3182942639102579,8.752506505487232e-05,9.709702919441235e-05,0.25084290231337686,143.31608381354266,0.022111576932685995,0.0025974228166389802,0.34357022700293766,144.96737918463765,0.022588886055894073,0.0034409003314305234,150,0.3362994955553472,141.12221356812123,0.022819323083472405,0.002646366148625097,0.011309780097372324,0.4128784372501658,9.501044660880696e-05,0.00011361993188483747,0.2518611912597859,140.26665662680435,0.02251756816327922,0.002429544442780308,0.35005818999975835,143.05685915009437,0.023076199603065648,0.002973097169784912
processed_data_batch_60.npz,150,0.34062506062247017,139.3329290131436,0.02316997468544278,0.00306823090459843,0.014693592717343544,2.788990759460412,0.00033766629887536557,0.00035115195469720076,0.24743030346253653,138.15373851378558,0.01979835580319211,0.0029198753876439423,0.3740195467351913,165.29257329933253,0.023872799135580536,0.006800836160531888,150,0.3406244160935881,139.33328436704085,0.023169963349303505,0.0006717207488600925,0.014696948888469022,2.7891740923098416,0.00033761237144701333,0.0005308271410203741,0.2474014829461866,138.1491101952013,0.019798651708544397,0.0004961572361977303,0.37402888165388637,165.29923632120497,0.023868348331220434,0.006026313900690296,150,0.32799305701420395,146.23075276095716,0.0220313285331562,0.0036214117791742357,0.014226572541289815,2.825667174323689,0.0003460167651841585,0.00031028521183788007,0.23741550251454482,144.98722819749005,0.018585559959481912,0.003286188441871204,0.35992010372501815,172.1013452897243,0.02266401248282717,0.007163997937764282,150,0.33123101581474723,144.48103469172375,0.022326211693444613,0.0032770550358773775,0.014240581705794161,2.821417928819068,0.00034550062396711934,0.00034330890416548745,0.24086117977520163,143.212889218062,0.018888313696832915,0.0025100746141910606,0.3636851445674525,170.37126596558778,0.022965233494092237,0.007002096905204541,150,0.3368663873504896,141.589186636245,0.022776367294896283,0.0026718363672987772,0.01505775009111495,2.8364780030259213,0.0003462286137701502,0.0003721837943495732,0.24137835103198574,139.67209428293535,0.0193601314567342,0.002115014869493008,0.3711847072569695,167.55948718273726,0.023477081021253683,0.006618855871084078
processed_data_batch_61.npz,150,0.3410705292810754,139.21803609101886,0.02322812277897172,0.003037165352060592,0.013165417611034696,0.3615524520666375,9.55330467213075e-05,6.135406691791112e-05,0.2544874957883054,138.41619221396653,0.022932776509650723,0.0028964719078074406,0.35294844925183844,140.0202162347449,0.023469297789091775,0.0031718705741645356,150,0.3410711731149642,139.21764843029126,0.023228219388733186,0.0006074393832446121,0.013165968409972651,0.36217860789431333,9.544726362873037e-05,3.616895635667187e-05,0.25448319442013795,138.41319410100272,0.02293071503752408,0.0005303539790395525,0.35298498255576494,140.0211153200474,0.023470337459565168,0.0007154008812978289,150,0.328426095987668,146.1055024939748,0.022089853267233492,0.003599456327887293,0.012720046078931718,0.36883385523300954,0.00010010926024282708,6.484342528243655e-05,0.24435892623146988,145.30253371777252,0.021771224341374514,0.0034100439091165847,0.3399260227636429,146.98155191074108,0.02235969589965143,0.0037497545826959146,150,0.3316637929576645,144.3617699898928,0.022383828609372436,0.0032509921517351516,0.012746557283793175,0.3671372580941451,9.920808012990488e-05,0.00010197249967523796,0.24783541014523977,143.57524306591745,0.02206850003100648,0.0026404221290105925,0.34324828893245596,145.1980643655841,0.022646897163756757,0.003418709358130501,150,0.33733252597822905,141.45102918861912,0.022839942557135427,0.0026274704356598695,0.01349153073744763,0.4698210410059125,0.00010307747120435146,0.00012619697534815304,0.24860831736525818,140.53216195324296,0.022555137656973114,0.0023748061805872207,0.3495759741150568,143.81542694276695,0.023096285801588432,0.003035100249139719
processed_data_batch_62.npz,150,0.33926609733293334,139.39146326030087,0.023223761068496693,0.003078768633384391,0.014142399951786925,2.9992039810431437,0.0003562867583428353,0.0003330531488113033,0.27994362873720813,125.87497918307791,0.01948665660744959,0.0029012747296051442,0.3821624025199033,172.90896719469364,0.024980045551196987,0.006895535507874441,150,0.33926593670858834,139.39163081799325,0.023223721783433918,0.0006742530030967838,0.01414471471605092,2.9999719175058477,0.0003564800091562799,0.0004931299222815163,0.27997936605115376,125.87029286939213,0.01948525185781312,0.0004961780914444707,0.38214981471167836,172.9151475456618,0.024981497517079225,0.00611937401599074,150,0.32669744666449124,146.28738394147373,0.022088832345982343,0.003628496579772161,0.013627504289275826,3.0492836568991804,0.0003687840542971667,0.00026536142682582727,0.2692024502980535,132.76045703022288,0.018170579355623797,0.00340733960376131,0.368103409057735,180.43341602909095,0.023837558410010833,0.006660574632613347,150,0.3299248700653384,144.53645212293353,0.022382657498516676,0.0032745063578723697,0.01368098234797716,3.044870940377409,0.0003681694813301773,0.0003089557801386995,0.2725509782537874,131.04551977923245,0.01847097288937228,0.0027870886087516646,0.3718980668623856,178.62843638766753,0.024130179326628143,0.006630708319631599,150,0.3354789106183864,141.66981637208522,0.022829692249900516,0.0026862765210644325,0.014486719636780826,3.0515950762213975,0.0003641920113655656,0.00035788857681626045,0.27474841410510964,127.71702517499754,0.019030871032103838,0.0019968374608772313,0.3797407825395222,175.5407860266738,0.024632735660173113,0.006544204644371408
processed_data_batch_63.npz,150,0.3394316886469777,139.31804105222488,0.023289174648530874,0.0030389351534193887,0.017710362770349146,0.319094530785803,8.723579261428687e-05,6.121065453433524e-05,0.19129669418365755,138.55299812644301,0.023094037090849753,0.0029134824999917062,0.35511624661694896,140.1379477878349,0.023545761395384477,0.003223005410120141,150,0.33943287246985177,139.31746874349722,0.023289292056458494,0.0006028977684186282,0.017712309980632356,0.3185624371821298,8.719881707950041e-05,3.768403456065628e-05,0.19129992561346115,138.56407925066245,0.023094645092385613,0.0005001190783834482,0.35512930609786947,140.13701244767606,0.02354706336493088,0.0007081938736150845,150,0.32685370555042575,146.21397167850728,0.022154351311210498,0.0035963482906976397,0.017101965487418835,0.3421592934221411,9.249735985958859e-05,9.068124401340869e-05,0.1837948364364255,145.44729701492082,0.021958157271589805,0.002848791445485803,0.34183283062938336,147.48462894986474,0.022427581704349657,0.0037813098566273546,150,0.33008088830205096,144.4666098614589,0.022447190244361006,0.0032448549145412953,0.017205318243365693,0.33061223863996897,9.158691448999712e-05,0.0001244657516512269,0.18572072866835054,143.68602707017575,0.022256230019439407,0.002452487514346442,0.3452755195033605,145.4119413301056,0.022713901355134368,0.0034562776667011585,150,0.33565281987494056,141.5981049803254,0.022898556256224074,0.002644599642802204,0.01813445932234179,0.6078938282637301,9.590285468513089e-05,0.00012077430435896984,0.18418293406293662,140.70187954793064,0.0224996184568113,0.002310381326463508,0.3516446345415465,146.89037150002693,0.02314892814023091,0.0029704188425618873
processed_data_batch_64.npz,150,0.3388759084055423,139.48484017463124,0.0232770496006708,0.0030632296930727747,0.016213042821103786,1.7862855200903978,0.00026360494223676937,0.0003875863966655994,0.2725871311751549,137.95339898143303,0.020384094754972173,0.002913230537355678,0.38108594801628926,159.40552875321575,0.023642255342017686,0.007667613041755842,150,0.33887401540740425,139.48592589782584,0.02327677080564859,0.0006567030382042402,0.016209915911003552,1.7893596018386224,0.0002640228545164649,0.0005390272232091223,0.2725941331924166,137.9514999550927,0.020379024374711376,0.0005154585507526682,0.3810557076020852,159.44549627298088,0.02364402066204469,0.007019922077789057,150,0.32633863759720877,146.3828822258998,0.022142546514929813,0.003625600293416832,0.015727572415885533,1.7374300143225745,0.00026407427275504576,0.000434979567440116,0.2620071925495341,144.6576915355036,0.01927448797295061,0.003356055008527797,0.36705772430530476,165.37215575481562,0.022500617901131264,0.008833339283704533,150,0.32956184462218524,144.62934726350642,0.022435698372219814,0.003269703758395562,0.015747327284132594,1.7500839916997655,0.00026548458694749437,0.0004527598247577872,0.2653632994524493,142.94685055846628,0.019546418558491024,0.002658809460982676,0.37083161613903853,163.89474001246745,0.02278806226184852,0.008528732740801417,150,0.33509072266176965,141.76964895451866,0.022884175293127765,0.0026750328423878564,0.016618966050103202,1.8260280306620773,0.00027013452051666737,0.0004484240187516212,0.2671816586833089,139.93295421130654,0.01994477432237921,0.0020442455901383927,0.378697738889254,161.60657898760942,0.023263254708985007,0.007868013629375536
processed_data_batch_65.npz,150,0.34048250975193173,139.41964522996759,0.023282304629560456,0.0030432963189155034,0.01118412939898615,0.3848407771171533,9.74940348602144e-05,6.261409550148978e-05,0.2877430002253505,137.45335156446686,0.022946903117709597,0.002926492550561184,0.35336719874845884,140.52278826576165,0.023538148607173685,0.0031614752669933714,150,0.3404793403064638,139.42132667915382,0.023281994250397117,0.0006125110015035793,0.011183302803223532,0.3845288246634962,9.759584207956754e-05,5.5711711169613646e-05,0.28773047987263356,137.47381968669745,0.022944491105307798,0.0005280257755819487,0.3533496206054704,140.52249284835028,0.023538580712382382,0.001133917896554813,150,0.32787956824511716,146.31358916211641,0.022143250885209794,0.003592463446797449,0.010792530222515407,0.39671632587926375,9.657826290888743e-05,7.110857564288038e-05,0.2768633920370178,144.2291951834905,0.02186460774226813,0.0034267485673171788,0.3403733922573475,147.37844029466842,0.022408665018466743,0.0038095505366044233,150,0.3310991382031413,144.57626953992124,0.022435745079316293,0.0032447750621279726,0.010836162546234982,0.39339683501299616,9.58841360785353e-05,0.00010158527486640402,0.2800961082838384,142.44702779625564,0.02215378435817811,0.002830992648352614,0.34367591110605517,145.66936623078806,0.022691515662891692,0.0034459216165718546,150,0.3367333921497841,141.66495189830385,0.0228921433548368,0.002628631335336758,0.011472201580730469,0.46826997719376584,0.00010436764304077102,0.00011475557089665831,0.2826925587154814,139.99754660679886,0.02254075113013194,0.002406434617249485,0.3500084007020426,143.3116793709691,0.02317413467107711,0.002989279189228836
processed_data_batch_66.npz,150,0.3402755851687727,139.493355226455,0.02329218910802883,0.003054217659053189,0.013420679147131269,1.1287377935946614,0.00010720547494670874,0.00012434021151570804,0.2799904420463093,133.57593464463167,0.0226921766481196,0.00287591942677448,0.3719878827913677,149.27811500766234,0.023523326341283863,0.00414683879494367,150,0.3402758686792142,139.49330328831581,0.02329215527955995,0.0006383875225842543,0.013420965011540923,1.1278454497130759,0.00010722637028453409,0.000231734656409185,0.2799811581950241,133.58160050832836,0.022694166836169174,0.0004958213480781859,0.3720188507899461,149.27177204326713,0.02352613523975389,0.0028908225134595474,150,0.3276802181247781,146.3902980918918,0.022154162750348268,0.003608757282357538,0.012954255568713649,1.1893846528548995,0.00010660055323367583,0.00010627601650110968,0.269339333291403,140.02122558336424,0.02154683963379466,0.0034384360261782965,0.3581847349247955,156.83002545629967,0.02238541710287102,0.004501377550147702,150,0.3309150607854959,144.64258746217803,0.022447526209373708,0.00325742769310442,0.012994088764794055,1.1754302194932595,0.00010553565634641538,0.00013879222584980419,0.2726284442930786,138.38526375322604,0.021841900220799133,0.002826636376756249,0.36190084249104176,154.97936383690282,0.022678835464364895,0.004131999142706256,150,0.33651245899485605,141.75118123859923,0.022901180665279196,0.0026572975454861097,0.01375602585750144,1.1660588223683632,0.00011526998483512332,0.00016220719076922725,0.2748378835095825,135.93154739516785,0.022248501945032945,0.002316598796474185,0.36928808121977985,151.2617991160272,0.02315720196455362,0.0034812316775296856
processed_data_batch_67.npz,150,0.34065701143855953,139.50370402581277,0.023293558469546213,0.0030301160949272182,0.015433712011034917,0.36920892850023473,0.00010011038223035787,5.664953902117289e-05,0.22673021961747675,138.43605648418915,0.022957646906701306,0.0029209546012643937,0.3543881231630134,141.27973491241644,0.023580142990079853,0.003160971239931658,150,0.3406584429966899,139.50298301640552,0.023293668971027928,0.0006131080561678195,0.015434755643690285,0.36970117597714675,0.00010009482873535277,4.469713587182685e-05,0.22675938262555434,138.42727896524298,0.02295853163360158,0.0005226685008852164,0.35437991626358145,141.2711798801282,0.02358172500600583,0.0008440192437480027,150,0.3280441054451184,146.40539441238803,0.022154102963769424,0.0035890311023013583,0.01493401505271767,0.3878520881839834,0.00010127725539299942,7.623414277109589e-05,0.217562374519614,145.33045977913568,0.021805885893312574,0.0032492731435253327,0.34129205549103325,148.29489335528842,0.022418365027138783,0.0038174982329863354,150,0.33127980817164665,144.65808005701857,0.022447412958537624,0.0032417860647560373,0.014964300844334108,0.37925806455453565,0.00010064923321862386,0.00012384376399979127,0.22073525511897737,143.58970451452595,0.022107361297024414,0.0025136378493685173,0.34465665931333755,146.55459104078122,0.022705927192052507,0.0034990490467446656,150,0.33691824531850084,141.75387494196224,0.022903876181259816,0.0026197371733723282,0.01580932931407788,0.5340113390690672,0.00011013558809974386,0.0001147614203889028,0.22036296699733585,140.61633543238818,0.0225682358242693,0.002385788994345126,0.3509119439522991,145.24573375839853,0.023212209248303906,0.002966432212319498
processed_data_batch_68.npz,150,0.3383093710785193,139.4187463459816,0.0232916951780934,0.00304298537690681,0.01828432077890656,0.6993562072685997,8.842767159417526e-05,0.00011775729742744033,0.24413726476980938,131.98098864405418,0.023014729547216242,0.0028900924582740124,0.4066766669283204,140.18325319843134,0.02351965933713988,0.004264083860527475,150,0.338311483257973,139.417644524239,0.023291867047315395,0.0006252475920872071,0.01828399498096302,0.700330894746465,8.827179014856665e-05,0.00019462572210089354,0.24416747098370475,131.9720628391197,0.023014528755521575,0.0004985361741332424,0.4066991493749958,140.19158502320067,0.02351854079258772,0.0029528659188527667,150,0.3257725973243828,146.3277085322323,0.02215743149501329,0.003598678276627157,0.017693038615821735,0.765772969435683,9.19418459317627e-05,0.00015457384081944456,0.2342945195880296,138.12124252921458,0.021874201595590236,0.0032725933444834212,0.39146146600134213,147.16944236249054,0.02238185308422452,0.005258557449670258,150,0.32900637380988695,144.56507973414423,0.0224511760630343,0.0032392057595208037,0.017724463079886208,0.75189238704593,9.213613749638476e-05,0.00019705518401350085,0.2377477806892585,136.4489138645994,0.0221667507864372,0.0025007988243218086,0.3957168312076537,145.36125107307046,0.02266491087624174,0.005010271424910195,150,0.33450718474821145,141.72816494655382,0.02289544364238355,0.002654329232738156,0.01874711770195185,0.8965763292118177,9.942977582670477e-05,0.00015140525277608125,0.2381207526947982,133.12355430377048,0.02252093221384203,0.002381856913722235,0.4049201317150505,144.25561917465575,0.023150546034805146,0.0033392227091420938
processed_data_batch_69.npz,150,0.33905948620885157,139.51366229468948,0.02327596236195055,0.003040322766670992,0.015590420082020068,0.33556313141744987,0.0001005020065122937,6.468981132879296e-05,0.2510410560556942,138.58102301993156,0.02294040637099982,0.0029277936280346075,0.3556027060045731,140.3476792849323,0.02358306475714348,0.0031747484020991715,150,0.33906003686456854,139.51331559941463,0.02327605301428957,0.0006075054609312382,0.015591058003008123,0.3357897157862534,0.00010066297671627567,4.5457754028847806e-05,0.25104057133986046,138.57134917672,0.02293893810833246,0.0004958119908968176,0.35559710975025954,140.35239254888532,0.023583943351031478,0.0008845672997621696,150,0.326509087568422,146.4184596924372,0.022139312656388833,0.003595197077277205,0.015071869882901092,0.35439512855060823,0.00010214503985910483,7.888451896712688e-05,0.24107876410910276,145.4800909720289,0.021784333576134924,0.0033177214291861567,0.3424155179499653,147.55632426530346,0.022430561356346024,0.003822624484025258,150,0.3297400594528001,144.66270234676824,0.022433198972535824,0.0032380378849175763,0.015102870970798939,0.33772140422255503,0.00010142036127448616,0.00012918720873126134,0.24456483352217587,143.7134219756065,0.022081511470541288,0.0026394196720630606,0.34584112082512397,145.56774442770748,0.022721204080773834,0.00350828667956642,150,0.3352782568354371,141.79700482417024,0.022882530277206877,0.0026494118219514773,0.015981982370474095,0.49947456935711143,0.0001107508202766112,0.0001264783257999751,0.2450803415305791,140.72615936934577,0.02247098558157095,0.0024099133165276635,0.35221802319243317,144.58354543533702,0.023196440119899398,0.0030577506275926247
processed_data_batch_70.npz,150,0.3378285719872802,139.559684445504,0.023328505552294723,0.00303379396219586,0.014031450739451194,0.3388731683492218,9.73945833886478e-05,6.401639433130176e-05,0.2807064408170869,138.52852752032595,0.023057312170062225,0.002926329945140749,0.3540581495622963,140.27725873763148,0.023586586102226324,0.0031769300256985025,150,0.3378288829449839,139.55965350834288,0.02332849728006994,0.0006020028228995065,0.014034979278876975,0.3397880820570667,9.75530284888279e-05,3.576482234978076e-05,0.28067633099582384,138.53009683465672,0.023058242033521695,0.0005179787304776717,0.35408192166495556,140.28983389403683,0.02358560646359735,0.0006845054296167544,150,0.32533067526976994,146.46526381193257,0.022194211293029675,0.0035917740847527034,0.013525193952204324,0.35607823922096515,9.726111528032886e-05,6.420266548032182e-05,0.2700709420788078,145.4198597120236,0.021938341702386472,0.003431088410449392,0.34089915628885353,147.48494672610406,0.022439852286329293,0.0037673337725649954,150,0.3285475803622077,144.71188652609112,0.022486808454634837,0.003228672259328383,0.013576890221072665,0.3340941444080894,9.622633937246208e-05,0.00010332441928524369,0.27336493634894865,143.72921086059787,0.0222308734349315,0.0027911300746922235,0.344339097654538,145.4269614641635,0.022729398626428327,0.0034290396328787408,150,0.33401209697009954,141.86549643900278,0.022934300998193907,0.0026567563578198785,0.014377640005567613,0.5039113893512772,0.00010853388887467105,0.00013930538193732874,0.2754714215111035,140.65146173865733,0.022642990554005375,0.0024025119635785754,0.35065644702288523,143.96004576961434,0.023203630915070224,0.0030556001937514397
processed_data_batch_71.npz,150,0.33931902311765716,139.52429572776148,0.02324964697411963,0.003049536091561141,0.014376270008449547,0.3760350475353129,0.00012083160216080619,7.736498778365077e-05,0.2434327259533434,137.60030478534992,0.022580522267874797,0.002933017879091815,0.35356705980416464,140.4420184387084,0.023478518298926544,0.0035799244176691297,150,0.33932241134233093,139.52279010684288,0.02324977850815383,0.000622051801775654,0.014377663498640806,0.3747758828172856,0.00012075058524222822,0.00011129230553555888,0.24343780555852973,137.58302075989818,0.02258449087488127,0.0005115740633988444,0.3535613565673377,140.42726556197354,0.023478291754641684,0.00178024887131601,150,0.3267645231573454,146.42507965409948,0.022113167902330443,0.003597451253978684,0.013898680087195537,0.402251605375446,0.00012148536442317502,9.294196052804214e-05,0.23362080669190316,144.22610775666428,0.02146501944966499,0.00338188412859607,0.3404193780093151,147.46863078524007,0.02234351765200539,0.004301520981432109,150,0.3299896363916784,144.67387508469844,0.022406944673375867,0.003243088895127244,0.013922827298611249,0.3898221588550803,0.00012122360294717716,0.00012835638865997455,0.23707879648742278,142.47843090864703,0.021759495968369864,0.002581760478821204,0.34378798043628456,145.74385909822772,0.022684011504316925,0.003978687392780744,150,0.33554540519529374,141.80366157778778,0.022854564804724628,0.0026466540462022556,0.0147271516967664,0.5179428739535974,0.00012461685768645325,0.00013471133594581157,0.23736223039645682,139.7325277317655,0.02219239638716333,0.0023919215952243685,0.350142301586565,144.38621354413374,0.023092807451741342,0.003139873485759959
processed_data_batch_72.npz,150,0.34100181730420376,139.568733933469,0.023250282313201514,0.0030352282336500534,0.010979480604078667,0.34123096599371733,9.073453477799679e-05,5.6568916594442806e-05,0.2880076544050185,138.37361783948137,0.02303479982406569,0.002944440470979799,0.35656388697943275,140.2678892461572,0.0234773857124488,0.0031618181833861355,150,0.3410016951807996,139.56897965221677,0.023250139910625175,0.0006038208757516048,0.010979261772292673,0.34168711061304424,9.087111460664566e-05,3.7548580207622785e-05,0.28799550715766614,138.3689449964621,0.023034289828857253,0.000514721488505422,0.356522923934287,140.28329308891313,0.02347821869650778,0.000715838307300533,150,0.32839941647000265,146.45981642337836,0.022110044967228445,0.003596504464027648,0.010590723390491774,0.3447855245900782,8.770663827514951e-05,6.898880035326622e-05,0.27719208469983186,145.24098319968823,0.021900459594567913,0.003450384399752254,0.3433920722669637,147.1435152553955,0.022342913637780376,0.0037585622881043386,150,0.3316185337450206,144.72438457807948,0.022403060898268337,0.0032495200437337155,0.010636380111720856,0.3452150575280047,8.685507613362311e-05,9.645529048140053e-05,0.2804671493179601,143.52018019474917,0.022194707105945215,0.0029305865105907127,0.3467332509225887,145.40876701313653,0.022633881758014042,0.0034405063541357328,150,0.33726570638058434,141.80701706706066,0.022860385288215965,0.002628288301268334,0.011272536604255829,0.4283661946528751,0.00010149667327881491,0.00012606285120352005,0.2829941691423074,140.408030945927,0.022597547262386407,0.0023699067905513676,0.3533896670693814,142.89193666155128,0.023127179386785657,0.003087418341224096
processed_data_batch_73.npz,150,0.3401005483768667,139.577658749214,0.023282391633553057,0.003048062791209687,0.015896568768745192,0.36696984576344915,0.00010393609296356758,6.560658907987727e-05,0.21206669920968482,138.7530567035229,0.022811688969662257,0.002932291967823436,0.35524466845755515,140.91300019664672,0.0235853213803792,0.0031862528170479585,150,0.3400988449229707,139.5785799591448,0.023282219282910906,0.0006098061393324884,0.015897173434201564,0.36688552251570455,0.00010410674292019099,4.473940742641705e-05,0.21205124664255603,138.73844340532142,0.022811443558577584,0.00048007727040094543,0.3552132856626939,140.91305069150448,0.023585520139771637,0.0008413442255655038,150,0.3275238555158955,146.47707699552004,0.022144223669437923,0.0035906664689709816,0.015355559295614225,0.39355305224319115,0.00010285863439231048,7.691129969918075e-05,0.20357536667304205,145.61098355386855,0.021654123711545722,0.0031174403946634677,0.34205237443642705,147.93136465186146,0.02249191631932276,0.003775247807436577,150,0.3307470101192903,144.73268335005056,0.022437198899441593,0.00324330977617054,0.015423108455467273,0.3721558319013217,0.00010195449964425717,0.00011635263881169605,0.20632094108689436,143.88087283084045,0.021955115444679336,0.00250141866470027,0.34541256939297155,146.15531587725826,0.022777144414766623,0.0034513745746362744,150,0.33634968124324754,141.84356578490468,0.02288962649082543,0.0026286542184606534,0.01628471501241796,0.5957775319870303,0.00011743594491520045,0.00012431659107372628,0.20536693959456992,140.83316463480196,0.022427742454719877,0.002350407362529606,0.3519721623130435,146.17796432958167,0.023187140773982803,0.002992474828411223
processed_data_batch_74.npz,150,0.34009331282320093,139.5859828163738,0.02333823772642361,0.00304673515534832,0.013665792867265752,0.3360741315113744,8.47628108015545e-05,5.916474760621259e-05,0.25703986470148593,138.80172792833497,0.02314449410017094,0.0029493535185148483,0.35283634311562284,140.54103342432293,0.02354804405544466,0.0031773250039945403,150,0.34009290134923104,139.58611342041587,0.023338262468693458,0.0006102259975199687,0.013668170203107175,0.33524038203081363,8.450172319359788e-05,3.767634244495697e-05,0.2570505912373409,138.80392143669934,0.023145316667141286,0.0005326998975093106,0.3528390157896911,140.52717704209238,0.0235467341174839,0.0006983794705835038,150,0.3275140717009892,146.48824480793704,0.022199021681179886,0.0035906357632056215,0.01320043965860086,0.3611659534282044,8.305282013904061e-05,6.989583122254314e-05,0.24690039101408617,145.70038351304936,0.022009674974424822,0.0033514190661973332,0.33980263831661534,147.96435746843608,0.022417089821083015,0.0037495204027222116,150,0.3307386691613579,144.74423804355743,0.022491298447592876,0.0032401505215493673,0.013231711416595841,0.3353867373951282,8.240876591356052e-05,0.00010889315399989811,0.2503543291331607,143.98350387427038,0.02229973842485934,0.0025926212719548174,0.3431704920072945,145.66998398315158,0.022704295637430642,0.0034339094934317358,150,0.3363432887753278,141.84417474677898,0.02294718084076008,0.0026263079864776977,0.014007313411949737,0.5051027761445944,0.00010013315127831092,0.00012759362097651016,0.2512943536951786,140.94232569853983,0.02264274867738579,0.0023374010838385383,0.3494157820155986,144.76696379200652,0.023195989879330057,0.003048591532268803
processed_data_batch_75.npz,150,0.33683171662302036,139.47612120017328,0.02340853688259695,0.0030653187799822143,0.017329392842228442,1.2296518511205876,0.0001640095959701611,0.00016338540347713232,0.22704384308676506,128.18641629110726,0.022790813910807946,0.0029335922693286966,0.3554271358951806,146.038322655626,0.02488540228775308,0.004777593663355821,150,0.3368300792903577,139.47679175100305,0.023408448657915613,0.0006441004873996292,0.017327096967708927,1.2268488760678424,0.0001638750370983489,0.0002894619038494548,0.22706513607772286,128.23160018709873,0.022787131974858623,0.0005246115522105476,0.35542080220915995,146.02555587515752,0.024879786636360545,0.0036452025302359135,150,0.32434555217677136,146.39496755537937,0.022276151164909705,0.0035909774776079367,0.016769801350467253,1.2027387126196214,0.0001551040254204557,0.00010652395354296061,0.21780005031474137,136.02181976454636,0.021676087741137336,0.0028948035610463327,0.342254505289835,153.40982059160112,0.023641956714480702,0.004036375688612242,150,0.3275633705766291,144.63426311570868,0.022567830202135156,0.0032323037345066744,0.016794923324647104,1.221239667453905,0.00015714653514848007,0.00014102018962042247,0.22099476744566166,133.94328184775966,0.021962693482460827,0.0024350559132026183,0.34559961013914453,151.56947744871022,0.023974223694949975,0.0034467886785010766,150,0.3329991706773274,141.81001017181876,0.023010244989066703,0.002673393324985027,0.017762369987623212,1.299032985583317,0.0001756133653265157,0.00018396318568240455,0.22061541906544535,130.2739985731736,0.022397755601614746,0.002314663207777492,0.35204003329885597,148.3178766105226,0.024534903454386688,0.004021800923187371
processed_data_batch_76.npz,150,0.3403231276490923,139.58335185251403,0.023486902354119352,0.0030496474269991643,0.011649260986184646,0.3036711906985687,0.00010716940078759971,6.081869646024836e-05,0.2977660985029091,138.93298708583492,0.023151198153872902,0.002926483977697713,0.3532284668577616,140.44228709079928,0.023803961986777696,0.0031860594444849395,150,0.34032093772935573,139.58433215552049,0.02348678096686345,0.000607353602843852,0.011647908637105655,0.3031462287962177,0.00010713767808881532,4.3579163436697014e-05,0.29778190867037,138.9301026984865,0.023150306597686018,0.0005064629523882451,0.35322780809488724,140.42953643691695,0.023799581343615806,0.0007707346834737624,150,0.32774114972995094,146.47895115937246,0.022347813132076802,0.003591525947755834,0.011237470020888025,0.31294561528652465,0.00010709491311697007,6.565833025466137e-05,0.2865708435841961,145.77992486246012,0.02201569428686565,0.0034193715969881,0.34021780997008416,147.42469144754315,0.022651647584811193,0.003790629212354707,150,0.330963015008318,144.74520386171474,0.022637274253309775,0.003244844820368701,0.01129344350754953,0.30468314390717166,0.00010593368483083483,0.00010199145916705599,0.289763042971993,144.06431399663163,0.022304846601048662,0.0028802227611396296,0.34354569356265846,145.62099917889785,0.022942972543719697,0.003442971593252968,150,0.3365783124727193,141.82835679999425,0.023099238665153166,0.0026273923813289086,0.011951225163406933,0.4128788046072443,0.0001125178806237208,0.0001209872321861552,0.2929351300396335,141.03608744670728,0.02277948168540813,0.002386542740284219,0.3499003977537237,143.07826289135215,0.023440028671611157,0.002948017833244073
processed_data_batch_77.npz,150,0.3400197961478686,139.5022420442604,0.023454217842090692,0.0030544149706803,0.014369242828785175,1.4754084645431083,0.00012291423233931972,0.000163457120970331,0.25640571676817964,125.12551694090396,0.0227342436336415,0.0029078983980160454,0.3572687766562342,141.20648501717545,0.023902417314430387,0.004533307837904767,150,0.3400202820321821,139.50195480364806,0.02345430537541621,0.0006519145533882838,0.014370945136234204,1.475681254126622,0.00012284916288390045,0.00029321176607623845,0.2563943672744384,125.12149063717342,0.02273518041434801,0.0005262606917633421,0.3572603161016024,141.24810852923397,0.02390392765774031,0.0032100135082494155,150,0.327441214530002,146.39450597068844,0.02231801255636852,0.0036280051056683943,0.013864782423562877,1.5528356915513284,0.00012355503229505649,0.00020072353183926553,0.2463443903126033,131.40245604850446,0.021667932339790134,0.0034428110884845518,0.3436506646142594,147.9837790002485,0.02290076452379974,0.005260062539274491,150,0.3306752797224526,144.64977411641482,0.022608727951992567,0.003274580705304686,0.013900404859107738,1.5350136072071259,0.00012213367056677262,0.00021684054110031613,0.24980379375464448,129.74254387188495,0.021952832586059057,0.002736968759510871,0.34711725410949534,146.05875272896222,0.02317829913672032,0.0048986965655591925,150,0.3362640376281778,141.76675787210036,0.02306307868195281,0.0026681782621356914,0.014706682204851957,1.521605867154854,0.00013407030344900152,0.0002170130112462612,0.25066967144975644,127.59850174789005,0.022339341378374147,0.002344398951568931,0.3535664670251264,144.5228317579495,0.02352563259408865,0.004356019424471606
processed_data_batch_78.npz,150,0.34126847846333175,139.62908125635198,0.023480924222495186,0.0030431024431482306,0.011328075239240839,0.3289455364656948,8.345286387783052e-05,5.728049382893155e-05,0.2929567044738357,138.60851317926043,0.023233564470731483,0.0029331919676871088,0.3614038786793801,140.4106244726248,0.023663619374642366,0.003177994582952601,150,0.3412691686053545,139.6289710574954,0.023480818281983482,0.0006091421702945586,0.011327700600871883,0.32937252824852575,8.346306098953175e-05,3.951431728605465e-05,0.29292977904444173,138.6108195057612,0.023234933725200982,0.000521418990089509,0.3613945647700299,140.4148068882282,0.023663259490328197,0.0008574534775319027,150,0.3286503059283227,146.52546513083794,0.02233971061719394,0.00359723596595159,0.010935126549665095,0.33085351000850943,8.616288434269512e-05,6.648499294850998e-05,0.28194767889315114,145.4776084891774,0.022125313585693526,0.0034406835369735294,0.3480319999055129,147.3062721329259,0.022562180345119094,0.0037595646073233964,150,0.33188174606102583,144.79165624242188,0.02262970060315673,0.003249996093707349,0.010981968731760628,0.33506294038446816,8.602506955140826e-05,9.793328108284495e-05,0.2851244104672278,143.7555059961474,0.02240396828244202,0.002894014208359327,0.3515403556309529,145.5578419718468,0.022854848996842994,0.0034600288764357794,150,0.3375423281644507,141.8587698768686,0.023094607957763653,0.002623398250430536,0.011608488617424712,0.3825728507443277,9.104938928646201e-05,0.00011184580105629998,0.2880899580359681,140.9053886125074,0.02279799836207858,0.0023703456688983493,0.35806147161400204,142.89179772911152,0.023296979843224524,0.003029537560746704
processed_data_batch_79.npz,150,0.3401996886843889,139.624340269531,0.023465685272228504,0.003076510349169082,0.012614837759223332,1.5852772283709753,0.00019538716649891458,0.0002796447694750581,0.2821486289146648,125.6965400298772,0.02171152490020037,0.002932397880348557,0.35588588201868954,152.33745782049897,0.024381406009491857,0.00622047795456346,150,0.340201173608746,139.62338514267273,0.023465907068354993,0.0006571140824570367,0.012613904775575594,1.5866656155881496,0.00019561422882264783,0.00043534838003750364,0.28215434236934106,125.70715901714769,0.021707839165019664,0.0005263671580458517,0.35588448978668885,152.3680347951208,0.0243805314208351,0.005446727139732915,150,0.3276323673216159,146.51278606323197,0.022328943974844855,0.003630245615059009,0.01219021066168354,1.5500929681617877,0.00019116554553407888,0.000370460486958826,0.271439713024438,132.0353187980126,0.02074099717142606,0.003447066827291673,0.34277181795251516,157.88406626165198,0.02334813319218394,0.007836025408981545,150,0.3308591686509047,144.77481843788541,0.022618761601612376,0.003280251903941626,0.012226446563813293,1.5577672919451755,0.00019187501224058733,0.0003776879663117499,0.27472638466143506,130.4154260915936,0.020990821709660577,0.002832737965887683,0.34615654747089536,156.44955826707576,0.02361891260397723,0.007468610253559111,150,0.33644141372343433,141.88762285401123,0.02307287523464282,0.00267157277717953,0.012926527510509916,1.6097063517684285,0.00020011259041975685,0.0003850771696342303,0.2769954930926265,127.96166794974592,0.02129180440052909,0.002389368586692998,0.35261989101924535,154.71388524925266,0.02398990126471714,0.006926125992390321
processed_data_batch_80.npz,150,0.3416013923314339,139.67395281505355,0.02344808455367947,0.003050249932924249,0.010337150921101103,0.3561820607486032,9.119258484119201e-05,6.19366400226704e-05,0.30375820842192625,138.92705631600953,0.023185110663064664,0.0029135844588056453,0.3588627823438124,140.48315726741032,0.02368557547998809,0.0031864818200356576,150,0.3416028520828471,139.6730324331642,0.023448313457645795,0.0006031318290734134,0.010337557953567637,0.354769963900192,9.130846035833803e-05,3.562445032554343e-05,0.3037454160369762,138.93511699655343,0.02318487473436805,0.0005102984225232478,0.358868743693716,140.4898217965381,0.02368259832951347,0.0006945581777742307,150,0.32897308426254274,146.57205351213304,0.022305385649902153,0.0035879501346941585,0.00996040225533714,0.3624860313020634,9.000717647069715e-05,7.07365232925495e-05,0.2925022834206541,145.7669372123446,0.022067030264693425,0.003391616460046257,0.3456093138196398,147.38597271671742,0.02252647304479668,0.0037694273982405006,150,0.33220415723798347,144.84009220416505,0.022595855856423264,0.0032441280461070385,0.010026208384094001,0.35702440792073725,8.888869782139513e-05,9.082507021761647e-05,0.2956146360163608,144.04577105731366,0.02235742924490068,0.002959125868132542,0.3490188825384906,145.61522506980324,0.022812954566042598,0.003444857668135264,150,0.33788987402181003,141.8979841474094,0.02305926613070192,0.0026128235867667934,0.010592487511304621,0.4294233184041041,9.694442425603521e-05,0.00011842505490002569,0.29922698206990533,141.08166684645852,0.02274847155003986,0.0023411691455181216,0.3556244638622088,143.0054509111596,0.023321082696595736,0.002988771623952102
processed_data_batch_81.npz,150,0.3412119926694664,139.81254412715765,0.023467070521616507,0.0030754065688869507,0.013906268029650134,1.5581877554239703,0.00018350124434122282,0.00016259622360833138,0.23927898901826078,138.79301356165695,0.021626785478029393,0.0029464948940419924,0.35435782355095685,158.3180590101757,0.02407365742125893,0.00488143301728021,150,0.34121375860214054,139.81127839168758,0.023467447568494424,0.0006346178285483094,0.013907290809624178,1.5574952725975786,0.00018354788850108965,0.00027649632524682783,0.2392792003161317,138.7978000961674,0.021627143024719773,0.0005286024253922521,0.3543733042115114,158.31075142630715,0.024075044456551776,0.0038141903261983906,150,0.32860208937662594,146.72034817724014,0.022324290834142613,0.003598890231934915,0.013446153995698634,1.601855314078643,0.00019082525048017002,0.00011033830268819585,0.22956391265995943,145.68206358147333,0.02037006824197167,0.0032719432670386328,0.3412699706714459,165.71023829431826,0.02288147935025094,0.0046336474784643,150,0.33183901028021023,144.9804569780879,0.022614877132241126,0.0032547421631349584,0.013481143625010706,1.6004269823382506,0.0001903079693743031,0.00015380183948154888,0.2329518994468972,143.95231180145873,0.0206624322257339,0.002493515306937687,0.34461251678030835,163.97244496754743,0.02317766869446775,0.0045265124453855105,150,0.33749281195739067,142.0553510637686,0.023075816377083263,0.0026277377359330946,0.014244440789732405,1.6052178065713834,0.0001895602071217265,0.00017820210307559778,0.23309879883082815,140.9559942770203,0.02119568671276641,0.0023992994735302555,0.35089468259392304,160.70509086114646,0.023658960566441987,0.004280059955702254
processed_data_batch_82.npz,150,0.3396972835780672,139.5603757479805,0.023453818031404974,0.0030675647275711935,0.012265067207419697,1.4947769448564376,9.589272203442586e-05,0.0001905518272451465,0.28171087302605397,121.78722336359907,0.023190596197188766,0.002937969245290585,0.35735851642754085,140.66839131879544,0.023733444613561624,0.005271189641164683,150,0.3396982084106358,139.56007707673706,0.0234537640343417,0.0006341330675863703,0.012265383787150298,1.4947127909512898,9.590345699133402e-05,0.0002987410884471844,0.28176491483482785,121.78811441177172,0.023187829792616563,0.0005000551515302812,0.35735056972386414,140.6578559131108,0.023734620322365535,0.004236111731251953,150,0.32713472953505524,146.45464783121326,0.02231748433375947,0.0036107064967523085,0.011825154925567197,1.575876090782329,9.996073840728169e-05,0.0002268378963019756,0.270914390379676,127.68903646039759,0.02204675638179765,0.003402794450256504,0.343024521435135,147.5646174985587,0.02276748025619918,0.006234836354945625,150,0.33035364230830366,144.71864174886466,0.022607154659607845,0.003258589790288415,0.01188059422815264,1.557812088179907,9.828803739030879e-05,0.0002404450772608411,0.27426318712991404,126.16677025343137,0.02233316873427914,0.0027568285470633536,0.3466410643073743,145.81333208639958,0.023022289521746248,0.005880441960058795,150,0.33592834669323696,141.82945221608995,0.023061908556754544,0.0026570293997087296,0.012561948913709847,1.5086370712784196,0.00010324536214436015,0.00023457718212888706,0.27650425333503004,124.2099188031185,0.022817599148884878,0.002405637655179449,0.3530737579725128,143.36825545602872,0.023328993954811708,0.005127268312984552
processed_data_batch_83.npz,150,0.3427767987764423,139.65105673144993,0.023469741206793855,0.0030528053460260117,0.011879069569948823,0.3628434025924132,9.653327978334578e-05,6.272569406551973e-05,0.2871338258927483,138.5399512136832,0.023066667413520103,0.0029347064839829132,0.39537831759027997,140.51345164510798,0.023816753001964053,0.0031966902856667713,150,0.3427775290280305,139.650800263927,0.023469758623481888,0.0006082192286719516,0.011883286056189877,0.3635860356363923,9.641868994262927e-05,4.834320754427239e-05,0.2871277284413123,138.5346903344979,0.023069530480110626,0.0005282996922310662,0.3954370398347047,140.52813177950927,0.023816382805035327,0.0009169225024323718,150,0.3301094097798659,146.5404075899425,0.022326254727596535,0.003598190482752386,0.011459005296126971,0.36045724130055584,9.977962534976902e-05,6.256892072095361e-05,0.27622412973561294,145.43371623247177,0.02191942451437857,0.0033706953821756704,0.380777495275968,147.38697286172777,0.022671239720843724,0.0037254511342697093,150,0.3333538101042237,144.809768874636,0.02261654116210375,0.0032592792247221505,0.011532978984369514,0.3690384896610228,9.84874908965972e-05,9.092983552913128e-05,0.27949109401786315,143.71787155661048,0.02220940078396914,0.0028198525490849965,0.3848435648964995,145.71131007555417,0.022953840181515604,0.003415914332830158,150,0.3390942937792684,141.84747591962733,0.023086545760025536,0.0026088012475232445,0.012184869489324962,0.4212631960425393,0.00010127178615284783,0.00012891045972348694,0.282104709289027,140.69242290484038,0.022693766007335754,0.0018380471094504246,0.3934031853341484,142.96471893690799,0.023472365740608965,0.0029511706113708263
processed_data_batch_84.npz,150,0.34016172879291207,139.65030011848503,0.02345792676141631,0.003053070645411339,0.016064891962632277,0.43907999238651174,0.0001212661196152676,6.249021545762894e-05,0.23118855613850972,138.70752992493206,0.02286714789444666,0.00289823360595511,0.3562745364242009,142.88204409434206,0.023897888923814902,0.003367704041168254,150,0.3401615069582241,139.65035913584893,0.023457981152681922,0.0006186737363196446,0.0160677063024391,0.43948288180448014,0.00012132258880457655,9.201586973147691e-05,0.2311525011394946,138.72051807594636,0.022865291254305406,0.0004978496199172204,0.35626246174547654,142.8925998849564,0.02389863034575223,0.0014063727681472781,150,0.3275881301532194,146.55183827958874,0.022318994284560537,0.003608182810422004,0.01554870957092213,0.4760581631172859,0.0001226194024338577,8.77269066582128e-05,0.22180586344936232,145.3154170040397,0.021757502670552865,0.003292990326288506,0.3429960465265317,150.00542473103616,0.022797786590432096,0.004124706101586179,150,0.33081804504901063,144.80832016886848,0.022609341135327737,0.003257526385622826,0.015576683531399094,0.4608955092600466,0.0001228370463848857,0.0001351710278983741,0.22505456547768474,143.64994321399212,0.022039074865088323,0.0025447928314294103,0.34639341096435944,148.3216189340938,0.023084608523603944,0.0038058094330471076,150,0.33641947764156205,141.91023521342908,0.02306827030799583,0.0026382554991964085,0.01646183558395191,0.6120335479208552,0.00012690887824919961,0.00012346391954072504,0.22490554394368406,140.67766757328891,0.02251981840850134,0.0023155475440357377,0.35292787461322217,145.05713689144727,0.023477626954925706,0.0030309521112731066
processed_data_batch_85.npz,150,0.3388283450100152,139.62937385699294,0.02366193643583879,0.0030545238783193074,0.01467131352898223,0.3516881098834946,0.00013466817498429082,7.042750644231152e-05,0.27727650248229424,138.14831931531646,0.022847052856051757,0.002938224695139033,0.3904804396678127,140.80808505228174,0.023950716428788703,0.0034796323369477326,150,0.3388280026110883,139.62941240465648,0.023661952659673455,0.0006056223871349918,0.014668274764540124,0.3501483732154456,0.00013473832925229833,9.506347915769613e-05,0.27728773681041213,138.16007298775372,0.02284317699741312,0.0005186149031660972,0.39045434088901065,140.8085304888289,0.023950705283934143,0.001681279467584549,150,0.326298789131666,146.5313423038374,0.022526512897879727,0.0036000002751459138,0.014154977267989697,0.3759256450088398,0.00013641682614197768,8.218604305583161e-05,0.26672277286714796,144.79690578565678,0.021733601049948703,0.00341799143968193,0.37616990542269885,147.77441998033518,0.022809003721229584,0.004184716400509148,150,0.3295266728104967,144.78918262244085,0.02281384095522895,0.003243088572446261,0.01421673257087459,0.36564106015638353,0.00013548931566450222,0.0001217707492705153,0.27004916274025786,143.10142557400994,0.022012270370418908,0.002806042611353645,0.38005105603135314,146.039121049633,0.02308843376849224,0.003852872386818672,150,0.33505802277275704,141.9062289701156,0.023272132478901864,0.002647219707706547,0.015047697048715494,0.5156250964145275,0.00014106787384008187,0.00015114026906247038,0.27204403657018283,140.14045317570984,0.022500028672263535,0.002072654768647814,0.3886120364124206,143.6871817331717,0.023642156782053624,0.0030911892939271468
processed_data_batch_86.npz,150,0.3411949990798462,139.55425838872358,0.023943224036308487,0.003048380425611862,0.011596323831350851,0.3526472496070768,0.0001027920318419249,6.232312322874443e-05,0.27162911143912244,138.35457672325148,0.023641416102233435,0.0029267103592254015,0.35641782239692266,140.65284248043355,0.02424746566796969,0.0031902282135780422,150,0.34119307238083657,139.55522576577985,0.023943059801477685,0.000606654425694616,0.011595501819109443,0.3521802193797352,0.00010284098082359873,4.260436737254306e-05,0.2716401888171248,138.34798626212034,0.023639627102062556,0.0005028126281228169,0.35643592890062,140.65954394321307,0.024246452484285436,0.0007287679331396562,150,0.32856471182460134,146.45084288958034,0.022802613521421104,0.0035962132532662695,0.011187878767138356,0.3662516521768216,0.00010444242021135353,7.091941423102455e-05,0.26112269958087053,145.2250966153153,0.022481014097011733,0.003411409446183413,0.3432209727232286,147.59061036483817,0.02308635606587,0.00378576142169682,150,0.3318018918300934,144.73120426742415,0.023084712994793904,0.0032549736464313763,0.01123266605740964,0.35549529914537953,0.00010286917030813864,9.646471079050019e-05,0.2645247409256762,143.50306242810774,0.022766367485223597,0.0027299082522898787,0.3466390779141131,145.78871776403187,0.023361229528452206,0.003497329508957197,150,0.3374922927465977,141.76730186645744,0.02356241796655936,0.0026179525825626607,0.011884047545329889,0.45442409576146725,0.00011143055407474471,0.00012271018036817024,0.2662109661985937,140.6240034105412,0.023264658931907323,0.0023359794771286154,0.3530599118359167,143.454021989983,0.023919989757692068,0.003019221507293711
processed_data_batch_87.npz,150,0.3410823007628918,139.43035993779714,0.023956023823947924,0.003061628224134068,0.011990562425879783,1.458801085979908,9.81896861688606e-05,0.00022207163885894668,0.28848498851263404,122.21810835565297,0.023639078797718153,0.0029242035852901317,0.35480623702360414,140.497367777021,0.024216879224840414,0.005672548936645672,150,0.3410853391165467,139.4284109116631,0.023956491055095577,0.0006389415024268701,0.011987172353762217,1.4601735819839285,9.806191769840499e-05,0.0003518614293568046,0.28850996467125667,122.19839034824193,0.02364257050179604,0.0005151593148279661,0.3547941739016144,140.47548112911406,0.024217447249855573,0.00486502271697419,150,0.3284409827023423,146.32497704276594,0.022817370939372295,0.0036163122789616077,0.01157664199801911,1.5395004651378317,9.724002021809049e-05,0.00026441803429703146,0.27753849036650463,128.11867060161165,0.022517303110064384,0.0034228720590818262,0.3417665386908681,147.51768937473588,0.023077403076865052,0.006707949201223836,150,0.3316870572429769,144.60056737939595,0.023099651855424598,0.0032691747702950796,0.011629614487292191,1.5324407937248687,9.62161265538385e-05,0.0002735136797078554,0.28078806725645555,126.47364708813758,0.022796081183226055,0.0028363060169688138,0.3450598909524147,145.74754864901,0.023353608390337077,0.006315801714805791,150,0.33734758232571266,141.66303245163095,0.02357310647240818,0.0026450882865104055,0.01230478141787302,1.4229011086561525,0.00010557798361038612,0.00027968869792806804,0.28346169517264425,125.1971856548133,0.02319439741523154,0.0023939791309955548,0.35149666369647176,143.01516571934903,0.02383318437699055,0.0057054200204629795
processed_data_batch_88.npz,150,0.340702019491809,139.61542514410996,0.023981737104451332,0.0030553233303797305,0.013413893605256525,0.3727105227765143,0.00010446519516418147,6.465351885643814e-05,0.27366099852840625,138.22380849312427,0.023207068029910172,0.0029252767496580506,0.3768752994394479,140.92047237494265,0.02419282138281799,0.0032501977090905296,150,0.3407000985822067,139.61628819016065,0.02398163821571331,0.0006157442609454808,0.013413407022485696,0.37399681069493934,0.00010465474990490817,7.1875953830264e-05,0.273638449708871,138.21785384384162,0.0232038916139379,0.0005181367801465607,0.37689403966892454,140.92008552063845,0.024195135032748907,0.0013359157447937454,150,0.32809452354042357,146.51435074009507,0.02284281547190739,0.003598810666676438,0.01294327005487617,0.39636008228554503,0.00010213519773368241,7.740137914342835e-05,0.26305629343512155,144.96451270029056,0.022081027641676923,0.0033337827495677247,0.36281099984847,147.8093934802311,0.023060053337489134,0.0038980973219280564,150,0.3313309195173027,144.79154454160516,0.023124443949337832,0.0032527388872807647,0.013001789901890456,0.38413472911616897,0.00010148880996783276,0.00011744495153619463,0.2664020636290551,143.22613315563703,0.022358508435479804,0.002655229883034852,0.36657772961940854,146.1038065072868,0.023336859650179582,0.003566415439717887,150,0.3369869580828887,141.84308459641238,0.02360068543992459,0.002618236720277903,0.013759415532617048,0.538441859556407,0.00011468829523845393,0.0001300061790318878,0.26828484667271585,139.60752830769994,0.022855386006434594,0.0022941603728386254,0.3743556604772503,143.4496975425234,0.023805143678465326,0.0030314248006791944
processed_data_batch_89.npz,150,0.3416335839592413,139.70057976522244,0.023958705341348453,0.003051566996856788,0.012670846526894488,0.43494870878412273,9.523170679931424e-05,6.651661560192214e-05,0.29061022353118626,138.89012636519348,0.023484810415750894,0.0029432766835315815,0.3555573503412712,142.84025732260253,0.024146453011778073,0.003329136441754465,150,0.34163075679717547,139.70213339468188,0.02395839199565454,0.0006110957334384383,0.012670478500441212,0.4329334533493232,9.525003811809783e-05,5.1941348354626804e-05,0.290624837309162,138.89068191110414,0.023488342108399243,0.0004932418046683204,0.3555585039298953,142.82809300253146,0.02414660708271462,0.0010175373056004217,150,0.32900101203491655,146.5970986596071,0.022817622147926795,0.0036042672840683964,0.012222775182473044,0.4530151052683182,9.544336487817367e-05,6.617185122152447e-05,0.2797496243201341,145.76689682363426,0.02241540014749131,0.0033884486761428067,0.34242226959294153,149.93240793901512,0.023000381570766663,0.0037506497077516698,150,0.3322463372117647,144.8743646566939,0.02310009791501388,0.00326251584268364,0.012273228332750857,0.432419171098108,9.36485277402256e-05,0.00010428196563903258,0.28299323329776593,144.09897485885392,0.022715276949281275,0.0028042755246131213,0.3457812709474593,147.91497795150337,0.023276598427807202,0.0034455538146492297,150,0.3379461977614884,141.90696125727933,0.023579698291333467,0.0026187641814310325,0.012989038717361888,0.5598714024968192,0.00010612353761338198,0.0001238263903877183,0.28572366480788436,141.02879258728817,0.022989852811608945,0.0023891029580556298,0.35224152721947233,146.0378976872636,0.023786431800631117,0.003051995244597218
processed_data_batch_90.npz,150,0.3435811791522006,139.5400401788443,0.024005302431448484,0.0030528647490614415,0.014888585445480669,1.1519143260182185,0.00010947416966244273,0.00013109891665335488,0.22594587933066493,126.17144383955879,0.02365890251214602,0.002905548723785317,0.39846169788042085,140.54033062655867,0.024681124487408952,0.004486090410049803,150,0.34357951080856497,139.54082220046524,0.024005178908810928,0.0006263364277361658,0.014887027741288512,1.151442813247622,0.00010944654209505809,0.00021858542199291097,0.22593221039498215,126.17746230363545,0.023659248112348513,0.0005260345879607085,0.3984149692398791,140.5477446862392,0.024681088051202768,0.003207518561296954,150,0.3308555838444401,146.43147612622315,0.022861553442009908,0.003606631596835941,0.0143875464404472,1.207236174745889,0.00011328456085039422,0.0001563208016993551,0.21679825097359798,132.48101069600366,0.022514188145437073,0.0032708724468528353,0.3838698244633757,147.77823316485794,0.023637974996176217,0.00529272492028295,150,0.33412243290288396,144.7118838405724,0.02314370860956081,0.0032742988413681767,0.014451892619579418,1.1949873252518042,0.00011164842796490149,0.000179652408978021,0.21999671960886838,130.81691798995223,0.022800423312235082,0.0025596621831462337,0.38788072368717585,145.63571207521528,0.023915329771972298,0.004989189143347141,150,0.3399389131258843,141.71298746402002,0.023630543550459127,0.0025926989955690777,0.01526869314044667,1.2316830336603164,0.00011735121810908945,0.00019191896490325874,0.2195289483062339,128.28501824351656,0.023256281146161083,0.0016571361211012124,0.39675014329902714,145.20870960778785,0.024294569993608572,0.0042386969164128
processed_data_batch_91.npz,150,0.3400092640079727,139.5535100085147,0.024030909189809484,0.0030705696770174217,0.014999808877589414,0.8943390806184546,0.00014199533570128113,0.0001504176118111518,0.2449999492268584,130.6496091934623,0.023294244367103072,0.0029560278499855077,0.35786393925752724,140.47613292975439,0.025039531076346436,0.004657961470079655,150,0.3400113344919467,139.55250363466033,0.024031054030673234,0.0006395375670932398,0.014999102291055258,0.9027288516620466,0.00014277784954042373,0.0002632976733782732,0.24498918128357366,130.53771944563542,0.023292332712556735,0.0005179329669802305,0.35791661915709905,140.48655961398185,0.025054173108991124,0.0034588624719016107,150,0.32740866860127077,146.4611815666152,0.02289312369093368,0.003600261779793074,0.014500844456156776,0.8791555717636769,0.0001390535125836479,0.00010563119385038817,0.23512554774483452,138.19279215851384,0.022161232044082765,0.003305783382394375,0.34459893833070027,148.00700392204595,0.023868907663577434,0.00449088277097578,150,0.33065460555055287,144.7296526068295,0.023174663412523135,0.0032548401399158148,0.014547441042060415,0.8866205474031523,0.00014001825396468438,0.00013887404829787556,0.2385738626478797,136.18493788574747,0.022440734366962978,0.0025214247794232356,0.34810094007713155,145.63437257690913,0.024178084543051644,0.004097060501510741,150,0.3362705749458197,141.79914839292348,0.02364900509061654,0.0026373296740192244,0.015367291818582212,0.9647088755153991,0.00014733699659933306,0.0001804773819896467,0.23900335345240709,133.16134649589628,0.022932654524285667,0.00227829424626961,0.3545682080199565,145.0412494213248,0.024630489582970507,0.00392075437123378
processed_data_batch_92.npz,150,0.3427672735080996,139.68837935229732,0.023969805210899076,0.0030645532372338647,0.01146698373336232,0.35498795657749377,0.00010136882269218504,6.576367834137279e-05,0.25624122044041825,138.03326171239894,0.0234225238683497,0.0029231630989456315,0.3556331009105098,140.57109785499222,0.0242930357197762,0.003355209870329667,150,0.3427670816246974,139.68862550098495,0.02396969205527538,0.0006061402349381345,0.01146848761651697,0.35649740464180113,0.00010137039306609176,6.61268512445598e-05,0.25624119570007503,138.0225111986868,0.023423339915645873,0.0004859810351690725,0.35558741040768166,140.5721917348208,0.02429391904663832,0.0012482462646912797,150,0.3300904465204459,146.58016799359325,0.022827691397702427,0.0036012746333469316,0.011074142119133235,0.3772825811088758,0.0001027352773095186,7.35623499860168e-05,0.24614610782408158,144.72720905345795,0.02229766188510385,0.003416260475790789,0.34252828986184275,147.98164746855457,0.023140032325560066,0.004027810146962026,150,0.33333631277510606,144.86549549249395,0.023109216684449815,0.003263803126334948,0.011111352110025525,0.3606074708911026,0.00010270547241811923,0.00010004535259315322,0.24963418135217805,143.022129278567,0.022576703538914968,0.0026731335837531047,0.3458181377720237,145.72534499806432,0.023423161427194146,0.0036835677586885772,150,0.3390963120842735,141.87464797088575,0.02359343155411554,0.0025973415357341627,0.011751350357495232,0.49654973083214415,0.00010466628094391565,0.00011778909411114332,0.2505415360940004,140.05890753008998,0.023084502953125585,0.002360926936319216,0.35225889914388775,144.75246613211226,0.023889147314794818,0.003042803211866513
processed_data_batch_93.npz,150,0.34224628199540535,139.75228613475346,0.02393706452643205,0.003066611701043748,0.011295700374649838,1.0492200010393284,0.00014658686360489865,0.0001003897822788725,0.2941724179677286,138.64181503211503,0.022751598493243264,0.002952747320972901,0.35722015712079275,151.74949255952245,0.024702719513238505,0.0040345940658107985,150,0.3422453836215976,139.75270492644626,0.023937015835641492,0.0006238875019500654,0.011296534295377223,1.048284368486373,0.00014667926903773868,0.000177037618538935,0.2941702716321087,138.68687597982216,0.02275263623192848,0.0005069248763535905,0.3572183380742665,151.74328033855878,0.02470563843906285,0.002492548022873735,150,0.32958801070061045,146.65246771622458,0.022793580905646735,0.0035940551443227565,0.01088826749190338,1.0710372620224555,0.00014905864861099546,7.545164013837324e-05,0.28317530445783384,145.60073763570006,0.0215515675931423,0.003327714255519282,0.3439603967648231,158.88765035852106,0.0234864705590647,0.0039190329417002154,150,0.33283413805624,144.93337560918496,0.023076187510437326,0.0032558725164800067,0.010945616775761575,1.0726023503873685,0.00014918517055750554,0.00010353989820799477,0.28639026989779887,143.9649121100771,0.02182492551181628,0.0029539061989628294,0.34742046839545726,157.205053891513,0.02377956407007182,0.0037137348862486368,150,0.33856311715415094,141.94795766931347,0.023559587423935432,0.0026065502367709644,0.011573272733372574,1.0845050114439236,0.0001516889379815453,0.00013580345144216673,0.28938883053839004,141.09909283649347,0.022359937661116325,0.0023431624740424,0.35385224797492815,154.05461338846038,0.024333515367539457,0.0032769870803442368
processed_data_batch_94.npz,150,0.34264231327709144,139.60661929008842,0.02389466348311448,0.0030821964318755064,0.010200444898051508,1.22308100287568,0.00016041537263858366,0.00015386415804801492,0.2941563449112005,126.81766308219913,0.02349719790349692,0.0029504325820640716,0.3561910507631671,145.16841392359325,0.025363020729915545,0.004678416484651032,150,0.34264364572520684,139.60590483657666,0.02389479883105421,0.0006410894327453998,0.010200656189987275,1.2248530125915178,0.00016078746493059857,0.000271052125479039,0.2941508794276975,126.80739667462325,0.023494932842126413,0.0005075044961689133,0.35617267410043735,145.18262889394364,0.025364748652246173,0.003544952317197106,150,0.32996068462317896,146.50098432995864,0.022751349739760632,0.003607469442036496,0.009838725772268263,1.2178141197014658,0.00016124358706408895,8.121442171630441e-05,0.2830893774398521,134.00485771165552,0.022374474451511136,0.0034442240560462424,0.3429372109227513,152.3928927400311,0.02419901500305919,0.004107716383208327,150,0.33320637302548345,144.7839182196034,0.023034638938164518,0.0032720922864846757,0.009897949941076796,1.2178208974780957,0.00016065538969515567,0.00012626801049736458,0.28626323199098924,132.25738136245303,0.02265714476285114,0.0028796162626993967,0.34636175463221425,150.62082886702242,0.02448888533562593,0.004272645869274502,150,0.33896677684990456,141.79422587779985,0.023516353096353696,0.002618953175387119,0.01046001061730702,1.2584957626483262,0.00016449646839474476,0.00017606278342255618,0.28934109227443744,128.81400548235632,0.02311530161504362,0.0023280231122652954,0.35288120808524365,147.4124613767997,0.025023326820013972,0.00419967930264229
processed_data_batch_95.npz,150,0.3420815416284729,139.66096948353584,0.02376832202404812,0.003060505035070768,0.014471869985502825,0.5616022996535516,0.00010702421389291894,8.197707329444127e-05,0.23461643748459246,134.1551593296126,0.0231777804380472,0.0029518921455421697,0.3547821884286278,140.4467874603868,0.024036902942634053,0.0037788651864621215,150,0.34208410885508916,139.65962751401884,0.023768521197499226,0.0006230505960003484,0.014470912680269048,0.5619986288248069,0.00010714102521680518,0.00014661095595680344,0.23461622378739633,134.15983171913547,0.023177067974806433,0.0005270166261207636,0.3547829160411475,140.46241198234844,0.02404040397995126,0.0023408447633800357,150,0.32942998109810895,146.5582232974391,0.022625454884596517,0.003602297409606751,0.013987943911790332,0.6060033469972628,0.0001044768272625504,0.00011156487728735145,0.22514822217333652,140.6324463038957,0.022147317898288416,0.003327703025622588,0.341688712712669,148.03884096691704,0.02287258230030862,0.00466390988974482,150,0.33267957256022224,144.82830119533062,0.02291116081667904,0.003260508811538279,0.014019411285239883,0.5894675155670522,0.00010411684442115898,0.00013329293732009914,0.22846835046471992,138.89670445886279,0.022417472518222754,0.0025563743733489856,0.34507412000024973,145.62866169894883,0.0231587544172611,0.004278105479722647,150,0.3383909251408151,141.87111032099412,0.023387895926838227,0.0026050067307587803,0.014824043063590699,0.6865943368589514,0.00011736589195837284,0.00016508009715509022,0.2284565334362807,136.60676055684326,0.022789079297889554,0.002303903355874979,0.35144960094352434,145.4324111887438,0.023672238685453244,0.003579153457369366
processed_data_batch_96.npz,150,0.34176469666950415,139.72412721257206,0.023838048189387968,0.003061476761508229,0.01576845342214514,0.48181965786353526,0.00017496962993418562,7.294986466840711e-05,0.24133542749172848,138.40776942012576,0.02346704864076087,0.002923229489156742,0.3581297337365736,142.93365112311287,0.024548647818826923,0.003561333036766404,150,0.3417636165096763,139.72452493329,0.023838025363469628,0.000614231497749166,0.015768091448777277,0.48112836854901764,0.0001750828364863714,0.00012296013455947785,0.24133842921891271,138.40838024537314,0.023463181834150457,0.0005032873288651389,0.3581550607518034,142.9304320633402,0.024549750296568675,0.0018140381674785172,150,0.32911928455664513,146.6300654937384,0.02269564155808304,0.0035977650911873113,0.01527563685146675,0.4951568790626252,0.00017384302029279492,7.874580719461416e-05,0.2315001720080746,145.86299787611566,0.022323725741592446,0.0032731877461491072,0.3450066305211195,150.1974412697636,0.02335128800609769,0.0038171827235694896,150,0.3323695919665669,144.89892833926172,0.02298053889316233,0.003257000113739545,0.015290829311459548,0.4987350596158882,0.00017219348287528558,0.00013088080652696863,0.23494866707009532,143.4751347977192,0.022607442309499914,0.0024908342965657415,0.34845000558944383,148.3018303770014,0.023648856504288968,0.003574893649814789,150,0.33807096658143865,141.9418603759279,0.023457189118684607,0.0026100779783224293,0.016161855457701997,0.5877764389521463,0.00018244534124015768,0.00012792476276780963,0.23509942260828837,140.97994603978393,0.02308071635095338,0.0023170763138170526,0.35488046552172003,145.9378371456039,0.024172251864524343,0.0030554858598808273
processed_data_batch_97.npz,150,0.3401291888395685,139.61623605858574,0.024051909651323124,0.0030669853494491132,0.014893579849787978,0.6182579315630206,0.00011067050638502707,7.838001619857063e-05,0.2810972492021236,134.42575486705294,0.023553240674699855,0.0029297532761143916,0.36434036090898325,140.43774677867128,0.02442809691024991,0.0034970231199043514,150,0.34013223512942475,139.61458999252972,0.024052216195612278,0.0006275285075961217,0.014893953013640365,0.6191004589306403,0.00011056893239281351,0.0001487166855362554,0.28111086647278927,134.4063834020226,0.023553568889486808,0.0004801908629191471,0.36435398416819287,140.43296722916864,0.02442649180805763,0.0018994797263483481,150,0.32753742864501334,146.517299455344,0.02291501099168557,0.003606381689155814,0.014378548540846105,0.6603738108432856,0.00010673853462255908,0.00011512577737754297,0.27043845743972894,140.99870373629435,0.022462144060190786,0.003403016864968635,0.3509190937296082,147.57665162775785,0.023279033680166376,0.004380317680377733,150,0.3307885129357914,144.78479836116466,0.023196483337602856,0.00325548436711918,0.014429982007660585,0.6478838852912553,0.00010607319885833125,0.0001481280905659091,0.27376296835020125,139.30556718806406,0.022735453616994375,0.002811194212612694,0.354415299079085,145.620880050596,0.02355423775349968,0.004015208552044036,150,0.336394289401579,141.8651786521677,0.023667537995319947,0.002633702696834449,0.015265792093196924,0.7175981792753251,0.00012147009170717011,0.00015502543728919066,0.27594017717418606,136.71113115349442,0.023201967792072654,0.002320993259508833,0.36126671268880617,143.9894723800808,0.024090098871157043,0.003237461777726565
processed_data_batch_98.npz,150,0.34370533280659044,139.7291363966772,0.023966367224276305,0.003054870313417509,0.010993803461424296,0.3496242025706108,8.933233314047836e-05,5.891284813299594e-05,0.2702711088165422,138.91114493980314,0.023747457905497593,0.0029492593237511276,0.3576726409483556,141.21435787828858,0.024206491942385597,0.0032062584149196317,150,0.3437037152906093,139.72990022193176,0.023966281328003592,0.0006080902711658181,0.010995323561893082,0.34988246432606335,8.93194662109874e-05,4.254008011066675e-05,0.2702511715405482,138.916690520521,0.02374582545167074,0.000521852033895374,0.35767554545359975,141.23295719584266,0.024205722561817394,0.0008905028590912002,150,0.3309991808924158,146.61839682590752,0.02282143359076959,0.00360062138022437,0.0106018160757682,0.37377864620959184,8.888491839783899e-05,6.838339149519553e-05,0.25991303541092375,145.80745978842882,0.022603337151770278,0.0033791665866606336,0.3444555484904773,148.72808544562963,0.02303604001193424,0.003879678703874568,150,0.3342538288608008,144.9060215417655,0.02310357408379657,0.003266671813160474,0.01066545346226087,0.3470898279520683,8.777924299894599e-05,9.122441600302008e-05,0.26323310689400375,144.07689620773874,0.022889612069480352,0.0027168558091769652,0.34789005045282184,146.33545606061233,0.023318690200540757,0.0035602867543383927,150,0.34006261820151285,141.89447912829667,0.023591499652035202,0.002586034056148934,0.011272891978632828,0.485644768828186,0.00010005346448078986,0.00012260080418963638,0.2649353181023385,140.93932966964417,0.023318387655801905,0.002313816911109048,0.35444171303464805,145.185601538011,0.02383575751430248,0.0029371918551769813
processed_data_batch_99.npz,150,0.3420740934378244,139.7164163406779,0.023848251628443135,0.003055381732480954,0.012237012390339575,0.37168244847702614,0.00010647581693883047,5.76979057545057e-05,0.2943756828811936,138.7773046345764,0.0235607333823945,0.0029440346068543024,0.3576553060234125,141.66135069131693,0.024258261501761996,0.0031854623557820345,150,0.3420771961515698,139.71511119301272,0.023848337068896584,0.0006060068900067011,0.012238178614358686,0.37309737348700195,0.00010655848154500666,3.6801196068089975e-05,0.2943503148101727,138.7690260730018,0.023558501261893267,0.0005291803427707372,0.3576420657454101,141.66583929142686,0.024258769818512434,0.0007164438933519699,150,0.3294242427890572,146.6155005146622,0.02270517369830387,0.0035984885561412424,0.01179560130276806,0.388731611889186,0.00011079278394260683,6.554018139250922e-05,0.2834141859864142,145.71625553803935,0.022419371682330873,0.0034478825520240512,0.3443668950597153,148.77195364488853,0.0231651721784545,0.0037750897468203084,150,0.3326710803793307,144.89055613693372,0.022989809652378814,0.003253469464656477,0.011865067693707291,0.3768923033124155,0.00010901614131585222,9.904212527529305e-05,0.2865724533939955,143.9314712239269,0.022702731544894383,0.0029155881314471967,0.34772878781450234,146.81353215793925,0.023441557758566666,0.0034380706041522856,150,0.33837306516786053,141.92623494390398,0.02346778136310048,0.0026140420653089236,0.012540791485704543,0.4825900720596454,0.00011063246430261547,0.00012919463337977868,0.2896215936461926,140.94210761725586,0.023192916866561226,0.0023667045948004882,0.35435397968292454,144.74417592436257,0.023845098039094667,0.0029719507180303298
processed_data_batch_100.npz,150,0.3408063471780208,139.6762794698392,0.023747550318552232,0.003083765846860047,0.014555929072849227,1.9034622180714782,0.00020549726468008713,0.00020503961559573008,0.26842939380007863,125.35207987681798,0.02256448088372964,0.0029654764435593246,0.36299473503864493,157.4296633329352,0.025367536877552836,0.004882060669673066,150,0.340808526860979,139.6748091257236,0.023747944499534407,0.0006562178913744278,0.014556528307772702,1.901911069348655,0.00020528035497716966,0.0003559454340341535,0.26841616757298004,125.35765771968974,0.02256890513861703,0.0005181709225761308,0.3630170944564532,157.40714633171487,0.02536658859616222,0.003816369500043996,150,0.3281877163183528,146.58564166826747,0.02260657724792799,0.0036086752781189966,0.014029805273278621,1.9544777919118093,0.00021060469367407226,9.218106000804101e-05,0.25799357336198664,132.54957537692923,0.02126923730492527,0.0034072279039797184,0.34944366594085635,165.3028554924604,0.024196828724438037,0.004248307478819683,150,0.33144038627268724,144.84461906801783,0.022893810950041855,0.003264218298291349,0.014093428471440737,1.9416271056642456,0.00020922813360056314,0.00015708931955975205,0.26139917536104146,130.76454148608636,0.021587808668177864,0.0026984586978808832,0.3529840828402399,163.34325962309168,0.024493618850650222,0.004469745770246241,150,0.337079630100069,141.92000690285147,0.02335938180465727,0.0026493780975601487,0.014915858745870992,1.9710871554165,0.00021088879066077622,0.0002359126079780427,0.2629387803775928,127.40827350749841,0.022121921043942352,0.0023457000875947913,0.35979473005419743,160.09899835646152,0.02499789468269852,0.004475194707920976
processed_data_batch_101.npz,150,0.34329637515749484,139.67067462742264,0.02380654007423369,0.0030638909874285826,0.010930376744626805,0.3273990271197758,0.0001045608482004934,5.968258243992447e-05,0.2866611650172974,138.83689247885727,0.02334532248081706,0.0029464808854452354,0.35668653447614257,140.39764204074615,0.02405046611946234,0.0031757117612495225,150,0.3432955177134751,139.67107216083275,0.0238064976807381,0.000608919338313466,0.010932662486860964,0.32785258177397936,0.000104465880955045,3.879535230427265e-05,0.2866831924285171,138.8331472479891,0.023343333349317028,0.0005196542124972085,0.35668947331621265,140.41531614397505,0.024050200985664728,0.0007169109977913888,150,0.33060895403881035,146.5584565263648,0.022661719762134793,0.003608028923824511,0.01053041334535302,0.3312178627084542,0.00010825136527157013,6.209066580154692e-05,0.2758408665060505,145.76035421723668,0.02220825584824646,0.0034687813282260585,0.3435466434465539,147.34750541268468,0.022924404954523258,0.0037749728544690473,150,0.3338593048377976,144.83991317448223,0.022946587950652325,0.00327328403345412,0.010594595905029477,0.3277743693510855,0.00010646065948650834,8.353082803331552e-05,0.2790828992416951,143.93942133412335,0.02248691718786915,0.0028780029667525206,0.3469175285816353,145.53844192422937,0.023196939223501124,0.0034684827264839725,150,0.33963950568895657,141.84424678254928,0.023429881529201984,0.002610819000271143,0.01120142010194274,0.41711542503344956,0.00010945898401884871,0.00012577913462678904,0.2816719703213284,141.0409382352247,0.022936665042089553,0.00239526082000377,0.35349296695155363,143.15988709349142,0.02369177581817325,0.0030320084081101105
