filename,Raw_successful_fits,Raw_I0_mean,Raw_Tau_mean,Raw_B_mean,Raw_Residuals_Std_mean,Raw_I0_std,Raw_Tau_std,Raw_B_std,Raw_Residuals_Std_std,Raw_I0_min,Raw_Tau_min,Raw_B_min,Raw_Residuals_Std_min,Raw_I0_max,Raw_Tau_max,Raw_B_max,Raw_Residuals_Std_max,Savitzky-Golay_successful_fits,Savitzky-Golay_I0_mean,Savitzky-Golay_Tau_mean,Savitzky-Golay_B_mean,Savitzky-Golay_Residuals_Std_mean,Savitzky-Golay_I0_std,Savitzky-Golay_Tau_std,Savitzky-Golay_B_std,Savitzky-Golay_Residuals_Std_std,Savitzky-Golay_I0_min,Savitzky-Golay_Tau_min,Savitzky-Golay_B_min,Savitzky-Golay_Residuals_Std_min,Savitzky-Golay_I0_max,Savitzky-Golay_Tau_max,Savitzky-Golay_B_max,Savitzky-Golay_Residuals_Std_max,SimpleRNN_successful_fits,SimpleRNN_I0_mean,SimpleRNN_Tau_mean,SimpleRNN_B_mean,SimpleRNN_Residuals_Std_mean,SimpleRNN_I0_std,SimpleRNN_Tau_std,SimpleRNN_B_std,SimpleRNN_Residuals_Std_std,SimpleRNN_I0_min,SimpleRNN_Tau_min,SimpleRNN_B_min,SimpleRNN_Residuals_Std_min,SimpleRNN_I0_max,SimpleRNN_Tau_max,SimpleRNN_B_max,SimpleRNN_Residuals_Std_max,improvedrnn_successful_fits,improvedrnn_I0_mean,improvedrnn_Tau_mean,improvedrnn_B_mean,improvedrnn_Residuals_Std_mean,improvedrnn_I0_std,improvedrnn_Tau_std,improvedrnn_B_std,improvedrnn_Residuals_Std_std,improvedrnn_I0_min,improvedrnn_Tau_min,improvedrnn_B_min,improvedrnn_Residuals_Std_min,improvedrnn_I0_max,improvedrnn_Tau_max,improvedrnn_B_max,improvedrnn_Residuals_Std_max,CONV_successful_fits,CONV_I0_mean,CONV_Tau_mean,CONV_B_mean,CONV_Residuals_Std_mean,CONV_I0_std,CONV_Tau_std,CONV_B_std,CONV_Residuals_Std_std,CONV_I0_min,CONV_Tau_min,CONV_B_min,CONV_Residuals_Std_min,CONV_I0_max,CONV_Tau_max,CONV_B_max,CONV_Residuals_Std_max
processed_data_batch_1.npz,150,1.4052737922978615,142.36316706551082,0.02419155614212141,0.003544633367288504,0.0747555431542212,0.3030425515308944,0.00016818076255282308,7.216262095275e-05,1.1713014351521478,141.5364812980874,0.02374540554078091,0.0033226035435471785,1.5148894940096445,142.99017680379788,0.02464437270072408,0.0037156406472950185,150,1.4052747060724868,142.36307943192932,0.024191520055853843,0.0007990765399276457,0.07475295714634753,0.3032145154200416,0.0001683170190051887,8.015958277334448e-05,1.1712963603558533,141.53961416413716,0.023743799214303196,0.0006597058445238612,1.5148632927247354,142.9923362914496,0.024647230251365882,0.0011470410242648476,150,1.4056127698059584,142.34800920769354,0.024194474815204103,0.00047650604956347525,0.07477264182765271,0.30208931184277027,0.000167563888347125,7.820298482663164e-05,1.1716876187318241,141.52475817014462,0.023788541758232164,0.0003453747828309533,1.5151438825674772,142.97665184003623,0.024658362731647548,0.0008108242369942568,150,1.405250494226933,142.36605767039737,0.024217916458916477,0.0005637879101832453,0.07476286737847158,0.3031117783131058,0.00016741679643560782,9.123936252222769e-05,1.1712513527931026,141.54167120170933,0.02376555075257943,0.00038904838066322796,1.5148649443462594,143.0012686140758,0.024668724777014848,0.0009780985874729188,150,1.4063199669174802,142.24758166236452,0.024262859243453908,0.0004468039465969001,0.0749498208723912,0.3122456407436659,0.00017506805505378609,9.689226517077165e-05,1.1718485617684413,141.4034855555638,0.02381593414561602,0.0002840155873823945,1.5158936064727846,142.92258764304987,0.02473114244927818,0.0008672493819298833
processed_data_batch_2.npz,150,1.3594140123933396,142.52423963617144,0.02422457003969164,0.003518189282551686,0.1167331383816721,0.2356989219171173,0.0001417263222056428,7.599004986676966e-05,0.917666266156077,141.89066113833954,0.02384786662638283,0.0033385212911822876,1.4873085688356,143.06529449030967,0.02464335888919081,0.0037346021736700034,150,1.3594173228392614,142.52380609922824,0.02422478149158798,0.0007835707239102352,0.11673182986721742,0.23613784494840084,0.0001419072993705387,6.518068903473748e-05,0.9176582887049368,141.88616149169866,0.02384602374401305,0.0006479407891133746,1.4873050579291562,143.06874511096544,0.02464775468002379,0.0009689299210761365,150,1.359774040969631,142.50559491912864,0.024227255870238794,0.0004588231687761472,0.11678184993827302,0.2304836501737762,0.00013935844531022708,7.483711978143697e-05,0.9177708209490196,141.86778728250732,0.023865440619154066,0.0003274418778308134,1.4871685643811634,143.02081430621365,0.024642031543546737,0.0007241913761156306,150,1.35938630086504,142.5284128340245,0.024249182542012443,0.0005428396818223043,0.11673911503512774,0.23469871255306105,0.00014091288605151139,7.94700798498363e-05,0.9176674401497243,141.8895728772321,0.02387471558249426,0.0003607257858604982,1.487257180094053,143.06337826370506,0.02467035379962791,0.0007835882115417323,150,1.3603180615203943,142.42059132116955,0.02428963712256135,0.00043536202227030546,0.11702078859033206,0.22975351268413852,0.00014271566713223175,7.308646967393928e-05,0.9174378985658432,141.78513522833785,0.023873123616186966,0.00030507243653634525,1.4882774433255777,142.96322763444678,0.02467588646933093,0.0006810816057759828
processed_data_batch_3.npz,150,1.3925137926173887,142.45814100943346,0.024262871196414373,0.0035287644411877823,0.08366416816928202,0.2621940441880396,0.00015163981614141177,7.359258328103112e-05,1.0162219626998,141.7994196248739,0.02375275200269579,0.0033537390133380504,1.4945386903392504,143.29200447745393,0.024664393546013377,0.003714902082853915,150,1.392515832200952,142.45777332721008,0.024263308864489557,0.0007988464408727247,0.08366616005447433,0.26204093469631207,0.00015162502816246779,6.09705962515604e-05,1.0162256797797304,141.79703156667364,0.023753491865168768,0.0006623673219333244,1.4945659115665946,143.29181788111018,0.024666602628879004,0.001024145959297877,150,1.392874207219675,142.44011238552523,0.024267025394972483,0.0004874313273753559,0.0837180417369412,0.2566366784038632,0.00014969315894137046,7.179287529908327e-05,1.0166337082391794,141.81029940272808,0.023788987609729476,0.00033353641650297794,1.4950416547363272,143.2434940684808,0.024649343578623435,0.0007288927696281177,150,1.3924885153206639,142.46130886882855,0.024289031961346345,0.0005667250149702421,0.0836752563963573,0.26120186709690985,0.00015160926164726798,7.267371279842219e-05,1.0162202598606767,141.8091654108238,0.023791048130496727,0.00042962799327054966,1.4945227052508643,143.28511228924486,0.024689261770079067,0.00079433530562054,150,1.393497937149297,142.34813688996482,0.02433127742055542,0.0004634068641178766,0.08388036511403428,0.2624406414950099,0.00015548380658588425,8.521745376532007e-05,1.0163791966412443,141.64984932499152,0.023839548738866907,0.0003033076588216119,1.4959259388847799,143.16827199178707,0.024786370076567688,0.0007517860382285283
processed_data_batch_4.npz,150,1.4092489422131114,142.3242517331518,0.024278065028988275,0.0035285334525178244,0.07719088311543729,0.29572195675097857,0.00014644707135338822,7.157027665453547e-05,1.0350145167037161,141.56270020013633,0.023972470562524394,0.0033083915696344814,1.4854035429444081,142.9636689217391,0.024720287232869346,0.003698235849007862,150,1.4092557364033538,142.3234632852253,0.02427846317205365,0.0008020926773545554,0.07719205416533831,0.29640779498255815,0.0001469175597564695,6.947589083984271e-05,1.0349842680707633,141.5584916148537,0.023970192633900413,0.0006548155566446492,1.4854712310211518,142.96213592077186,0.024721908076968238,0.0009954927120665788,150,1.4096016219758223,142.30723249471765,0.02428280625594821,0.0004819718029504557,0.07723401187681542,0.28963206064209607,0.000141946017863014,6.96096725421257e-05,1.035268100573898,141.55823089106897,0.02395449943109752,0.0003555135396105933,1.4856572467591762,142.94189871784923,0.024726293056514782,0.0006853078010643866,150,1.4092246944946074,142.3271621349654,0.024304924291684623,0.0005662802433118847,0.07719915466389503,0.2946653600846617,0.00014573643431256038,7.965267069705072e-05,1.0349836759157887,141.56740337119098,0.023998524875632064,0.00040540056223656827,1.48533030087103,142.9688091337128,0.02473292787477194,0.0007930655244263098,150,1.4102910835935019,142.20910509023884,0.02435104593718956,0.0004595831501544116,0.07738125921154851,0.30614480509664854,0.000153546050691841,8.867709053387208e-05,1.035301113948955,141.42297209474202,0.024009987771099014,0.00029226269009450265,1.4865448728030974,142.8969219038251,0.02482785677171902,0.0007856590722717078
processed_data_batch_5.npz,150,1.3724671551357168,142.37252379381874,0.024382986796831433,0.0035307122201112392,0.11578966644925444,0.23080089477060148,0.00015475747525416707,8.281116678715224e-05,0.941947853780701,141.81658368139645,0.023991634821075893,0.003320835375194702,1.4964454066012005,142.95767043519325,0.024754424649131603,0.003731228245395946,150,1.3724684996817458,142.3724106920655,0.024383054195215116,0.0007923386297731979,0.11579290194001693,0.23083436701537663,0.0001545866452860027,6.787862657627241e-05,0.9419442724693017,141.81606182414012,0.024000264956298322,0.0006262243768922237,1.4964729473151646,142.95742983040472,0.024753004836986166,0.0010159613433145358,150,1.3728098370161141,142.35843417045496,0.024383237893004863,0.0004742074415937042,0.11582618198094413,0.22863243339440548,0.0001546128101063815,7.683137221888084e-05,0.9420026086431413,141.79234763159786,0.024033258464616153,0.0003156703500363877,1.4969336975084568,142.96419965848685,0.02478295852509814,0.0007473495037930649,150,1.3724421369479474,142.37666736459795,0.024407505218891585,0.0005548704666396505,0.11579865542524957,0.23016291290498078,0.00015454536118884646,8.301598756084249e-05,0.9419264994294755,141.82142716988304,0.024023984749501324,0.0003390549305209296,1.496460940973315,142.96633576275664,0.024790368481306613,0.0008450851762503123,150,1.3734057601041059,142.2670450306461,0.024448533216895735,0.0004461985740140763,0.11609804051276602,0.2230164709351049,0.00015456208398279683,8.965151054421885e-05,0.9418767033051402,141.75334154861707,0.024058812901764315,0.000274645739350948,1.497596128953406,142.83588544229826,0.02480599200608902,0.000783444017562797
processed_data_batch_6.npz,150,1.4011971639025023,142.31264943409894,0.024370771006896372,0.00353507235824059,0.08632918806034881,0.2903926263852952,0.00016162233223854588,7.402912420858454e-05,1.0386803066585883,141.41565565576389,0.023878121959637774,0.0033202915295264855,1.4968309547129273,142.97964022462506,0.024719655315845187,0.0037267210588607163,150,1.4012012833125014,142.3121647662082,0.024371074026377747,0.0007959027085425613,0.08633182437194424,0.2904724836384833,0.00016188538484881285,6.9967685979729e-05,1.0386166983482639,141.4188475396401,0.023873917837456564,0.0006089059838615414,1.496834893502814,142.97995177201872,0.02471946473628956,0.0010039702726833434,150,1.4015577239366268,142.29670278277854,0.024373105695630493,0.00048062071954720585,0.08635616873127634,0.2855145905898183,0.00015752720266739708,7.466121999781616e-05,1.0392669581527623,141.41700465890096,0.02389375935562612,0.000324217800223762,1.4973304366300864,142.95376835705545,0.024713783547522385,0.0006785021143398831,150,1.4011727968068994,142.3162565590645,0.024395891163811665,0.0005640132009904527,0.08634057646923918,0.28945992628017814,0.00016095158405743672,8.262618431909919e-05,1.0386934537396626,141.4175453087527,0.02390627122419658,0.00038446459313189304,1.496819358376033,142.98801013944725,0.024745221676324532,0.000769588070265707,150,1.4022132144944153,142.19884387253774,0.024442294317332684,0.0004592203433904539,0.08655849020193014,0.2959815399116758,0.00016679343171046416,8.755303154502754e-05,1.0389582519825176,141.25182751932005,0.023977764858794808,0.00030561472783515006,1.4979353387813223,142.89632652897808,0.02483514483246998,0.0007391448257039843
processed_data_batch_7.npz,150,1.4135792751114484,142.45861957845403,0.024299284306643985,0.0035483969992552225,0.07099013506833196,0.2387565404514008,0.00014030031732136132,7.137636667091333e-05,1.0864154342887178,141.8309082909474,0.023968449223699756,0.003404742953186547,1.490059369397032,143.20497081658925,0.024631479911468405,0.0037371733866645635,150,1.413580732115279,142.45839188448818,0.0242994934217872,0.0007930342025265431,0.07099002292830212,0.23896622149511837,0.00014052580485030518,6.843750446330648e-05,1.086346161745866,141.82777681540477,0.02396952439803871,0.0006540077144972923,1.4900797995621795,143.20935320673445,0.024630353081329746,0.0009760887210684224,150,1.4139229835541203,142.4435178084912,0.024301897045040974,0.00047748912120310386,0.07101891080177695,0.23640278096144363,0.00013889921698662948,7.7901294207493e-05,1.0867637866487374,141.8474142274087,0.023979050005375428,0.00033797404697696746,1.4903375136819323,143.19209044873688,0.02465076974276929,0.0007180691432736838,150,1.4135561609483902,142.46156817456247,0.024325074248593724,0.000558132375931142,0.0709999806648976,0.2386150854318489,0.00013943030341432677,8.347309740751618e-05,1.0864076243130134,141.8377593863696,0.023993582105032607,0.0003901801130648985,1.4900589362714654,143.2126827759184,0.024649812580145637,0.0008164138940152683,150,1.4146325445661827,142.3408908772488,0.02437447285634338,0.000450538764773378,0.07117416142320568,0.2433118520981475,0.00014518044864444117,9.03176552577096e-05,1.0865792546365884,141.69984302990224,0.024036324651628752,0.00028187259886698634,1.4914269203011756,143.11574165206403,0.02474890050292218,0.0007882277109461153
processed_data_batch_8.npz,150,1.4154447324722097,142.30568216695596,0.024256493698201403,0.00355518073281089,0.06663639916582985,0.3170573377549558,0.0001577349836378711,6.828070010687773e-05,1.1065723866713988,141.53550599480556,0.023778255265466577,0.0033745604406259155,1.5021363541594717,143.19441158337676,0.0246931402882982,0.003703969827029584,150,1.4154479318239823,142.3052470628269,0.024256798925005665,0.0008083230725940036,0.06663435360777023,0.3171109756536859,0.00015793293326172328,7.707503291674317e-05,1.10656616452733,141.53950640582548,0.023773414795237806,0.0006522903787366935,1.5021237942252632,143.19893656534626,0.024697319661786152,0.0010675649344299666,150,1.4157765600882952,142.2914160432946,0.024258874482864838,0.0004939904784394291,0.06665882365704308,0.3185760367973303,0.00015834331470807473,8.6988924520264e-05,1.1068858169750815,141.50663097329192,0.023794644047467287,0.00033223309629976545,1.502709169022056,143.16648210902258,0.024694492388382963,0.0007652913506130299,150,1.4154203795966909,142.30882993480216,0.02428225423880797,0.0005777320659321511,0.06664399131740796,0.316420239389207,0.00015741265642001907,9.225542902653663e-05,1.1065247881574904,141.533934161776,0.02380735396696552,0.0004099688524004837,1.502152178693662,143.19279882324773,0.024713800536857615,0.0008520757668631444,150,1.4165017488498135,142.18963082299354,0.02432912005721911,0.0004676649762781737,0.06678978754686278,0.32301395304052755,0.00016237803913898307,8.881506289677971e-05,1.1071179709469234,141.38378580052927,0.023871012321486952,0.00029654121931738537,1.5031740885835752,143.07354868248072,0.024809910213270454,0.000768359646812446
processed_data_batch_9.npz,150,1.4197458976157913,142.434827758835,0.024202864309866064,0.0038265658246651596,0.06618659676390196,1.7905568693339768,0.0012074625460570792,0.0021551500629591867,1.1735876340482727,141.38219175950732,0.01085613329975933,0.0033509991815137774,1.6321629763157806,163.09973639080076,0.027482245021355805,0.027724062885665077,150,1.4197499127337752,142.43430046601998,0.02420330615527675,0.0011506238463708815,0.06619742319314087,1.7876709079369912,0.0012056334242225377,0.00241835575176912,1.1736010062485114,141.38052252234806,0.010881038224040542,0.0006849666187652969,1.6324621153715688,163.06270559704922,0.027487587562209443,0.027329058500111504,150,1.4201119216715985,142.4177864404462,0.02420637025305181,0.0008229207674785598,0.06625515105147163,1.765129968766892,0.0011875585322935053,0.002327787138605253,1.1739176612058948,141.35786379546695,0.01109255286551178,0.000320012305173171,1.6344494756095642,162.78457287886732,0.02747698074583008,0.02612233977702553,150,1.4197372595175746,142.43708228395727,0.024229231811360996,0.000924926034316222,0.06623880210096254,1.779895910220321,0.0012014050469121012,0.0024341534756088033,1.1734816371949097,141.39011675322837,0.010946949580741935,0.0003891934583021666,1.6334160040300034,162.98496191044964,0.027514722473890346,0.027255120906898692,150,1.4210141682202293,142.29475400165498,0.02429047290551678,0.0007611791656665557,0.06697310754232809,1.6434884664006713,0.0011183736099348832,0.002063137930878585,1.1738582403795643,141.2491655841991,0.011871353736563828,0.0003113876699953619,1.648770029427028,161.3992752752962,0.027540712202159593,0.024116720610377566
processed_data_batch_10.npz,150,1.4020795972960545,142.06635467872943,0.024408816362866237,0.003814429570019658,0.09868390083890954,2.1684624284141836,0.0010339818711888086,0.0018568560259718747,0.9819716424663799,121.73412066383302,0.021858223790094826,0.0033198620685991075,1.4938941223471067,145.7257699245781,0.03240283369896617,0.022899800976935912,150,1.4020823663829112,142.06599788888659,0.024409083714314075,0.001161200684358315,0.09868749985283096,2.167827345230458,0.0010341679600500678,0.0021503805146194676,0.981936541017841,121.75532385467355,0.02185948608160113,0.0006636575720209164,1.4939134321719085,145.71131196955628,0.03241196116636981,0.022584850153125557,150,1.402415752110213,142.05554770874485,0.024407987126137703,0.0008296662175149077,0.09873009172230768,2.146167363354513,0.0010230412077576027,0.0019899802529384446,0.9821476490967255,122.12996931419389,0.021895362902368314,0.0003282156953135936,1.4945131306654893,145.8722687177375,0.032400326269034566,0.021110385966901388,150,1.4020459187778642,142.0706969565045,0.02443455374352499,0.0009341551143735365,0.09869971227238125,2.1671583636107568,0.0010333065646067818,0.0021619314348268106,0.9819492255812369,121.68166665795377,0.02188247836697191,0.00038800848305682665,1.4939441490112337,145.7928209550741,0.03237376342059355,0.022390433766173865,150,1.4030197070065957,141.9631980302029,0.024472970031975495,0.0008178892616908615,0.09899395018938664,2.1176254029180583,0.0009961003105040857,0.0019541956266871836,0.9822437750722331,120.93249545635315,0.02194718147895343,0.00030723313332116744,1.4951684366105091,145.59422150231498,0.031509901274516444,0.019345497176419767
processed_data_batch_11.npz,150,1.365871943925651,142.39918425127814,0.02429943471452045,0.0035265519665048555,0.11397599424109299,0.24532484849448385,0.00014312156955479662,8.33463598993415e-05,0.9711266092248576,141.82871535139424,0.023930474909949814,0.0033207550389437886,1.497655437868089,143.0224969074771,0.02466052205993587,0.0037249783136334568,150,1.3658755822839732,142.39876663659996,0.024299720472764883,0.0008027470823971305,0.1139801391899256,0.24521231882977498,0.00014337267719990887,7.433476484311111e-05,0.9711326097991199,141.8277943537478,0.023930561968813654,0.0006536225475352442,1.4976450752402772,143.02270179998965,0.024661599128618344,0.0010249937934114755,150,1.3662435209198283,142.38145278886705,0.024302476380788522,0.00048423779293091255,0.11401462531305728,0.2433334373217852,0.0001422621293792953,8.123869448734237e-05,0.9714650501852015,141.81404493943845,0.02395381357718636,0.0003097475835591727,1.4980011581532886,142.98899036242938,0.02467601061790626,0.0008033785138993413,150,1.3658458083385048,142.40250271664684,0.024325855812903384,0.0005621696348069006,0.11398376475680531,0.24454236815677416,0.0001426757843938324,8.84697385658238e-05,0.9711191305574274,141.8294988475657,0.02395461532823317,0.00037948347761678766,1.4976573041065782,143.0219603451783,0.024693712089509323,0.000838217314235793,150,1.3668071158728408,142.29153818384313,0.02436732279739393,0.0004556587305363428,0.11424749878966617,0.2380333042714933,0.0001465183502369041,8.828169133152012e-05,0.9711038897523983,141.72555682353402,0.02401819737088068,0.00030537070132685674,1.4987627993676516,142.85429135434072,0.02472910024789904,0.0008554462737309172
processed_data_batch_12.npz,150,1.3854055660529987,142.51177926133926,0.024271024786126538,0.0035181971956627727,0.10623386438950923,0.24027466079347243,0.00014377436008988315,7.921792190560733e-05,0.9253946615095675,141.87974006224593,0.024003409440231285,0.0032955451202925238,1.5003084658808108,142.9849255855279,0.02466637391834753,0.0037637557862525424,150,1.3854113737486988,142.51102871025242,0.024271446797753202,0.0007943913103064756,0.10623325202997165,0.2402414167371058,0.00014388506119345675,7.449527125308932e-05,0.9253868570431252,141.88062728580113,0.024003099319984147,0.000648022493175686,1.5003709898662443,142.9780910516577,0.024669081458859408,0.0011575872327238912,150,1.3857269185751868,142.49929625330608,0.024271194485268405,0.0004760373412189972,0.10628807099908173,0.24179837481420413,0.00014383035963122146,8.064029225398101e-05,0.925473935258911,141.83273811399692,0.02398492821587711,0.00033963838523636073,1.501019544259049,142.96363518193374,0.024683215928334713,0.0008423034188818107,150,1.385379544831566,142.5152143898522,0.024296452060173283,0.0005536724397760283,0.10624321711636163,0.239644898465444,0.00014365866215509978,9.17009689015452e-05,0.925404986854656,141.87945049552573,0.024027554938654324,0.0003702010467761939,1.500295643100442,142.98102731377287,0.024694011332726407,0.000981596214462159,150,1.3863745361370061,142.40385475212236,0.024338856287541222,0.000436476777511442,0.10650196658631074,0.2405660453467553,0.0001478303769298913,9.082297336209148e-05,0.9253032680551149,141.7734972175811,0.024053996851725407,0.00027903230859529387,1.501456105663009,142.89041695212092,0.02475207285008403,0.00102600953164463
processed_data_batch_13.npz,150,1.411412669405671,142.3537387660272,0.024238708672004235,0.003542859354812619,0.08033259739640372,0.2813620394298131,0.00015476610092645402,7.506119876616429e-05,1.0857279610706276,141.6830990189206,0.023784343019641586,0.0033633800946244797,1.5010244063441063,142.9864730012787,0.024627008403206925,0.0037254276221730756,150,1.4114172525652229,142.35316284646672,0.024239088681406794,0.0008099851235795874,0.08033313210217001,0.28130262135283846,0.0001548923788066763,7.557112260824863e-05,1.0857173177959099,141.67741630658136,0.02378143430902192,0.0006114405718561645,1.500985496917869,142.98023515977238,0.024629198012935435,0.0010771815731955405,150,1.4117828833440877,142.33510015847074,0.024243629205561012,0.0004946828161122,0.08039347062811347,0.2801517311617843,0.00015382688267743424,8.307961312832674e-05,1.085832276326577,141.71574242736708,0.02384113155667492,0.00032347939785461844,1.501441802390714,142.97324309070706,0.024659231484351896,0.0008379017811150493,150,1.4113912356594498,142.35638214597574,0.024265348334678895,0.0005788517328956814,0.08034539402844963,0.2813438919510709,0.00015408216449054864,8.662895916157468e-05,1.0856578743596272,141.67925142149215,0.02382173124775651,0.00038150446286107424,1.5010165144814536,142.98897574494868,0.024652849256158692,0.0008734012768976988,150,1.4124368461395442,142.24181272452117,0.024309538129257718,0.0004703056390433119,0.08055753603397578,0.28401747084576057,0.00015950971558276032,9.268006302257075e-05,1.0856664519718309,141.54867267706433,0.023836723341093154,0.0002808485936939776,1.502397992858889,142.92796684098434,0.02472841269974224,0.0007759286122541876
processed_data_batch_14.npz,150,1.415875508635162,142.34057061365235,0.024305274350916766,0.0035525186683519525,0.0676084888505143,0.31689686162008646,0.000146066647600388,7.852810325108957e-05,1.187728595383587,141.49850332336496,0.023940096629662115,0.0033416780651350712,1.5024018992186847,143.14679269025223,0.024666940481296303,0.0037162113529700417,150,1.4158765926444044,142.34048360130788,0.024305218480582494,0.0007988010224584236,0.06760825419526054,0.31703464943103704,0.0001460607467176638,6.69852782888698e-05,1.187766870830334,141.49821596559087,0.023938164290882996,0.0006491200445244305,1.5023776486981661,143.14622539231038,0.024669744157559476,0.000968310936355897,150,1.4162654698237231,142.31884682100062,0.02431226105737427,0.0004787685624048068,0.06765656999181684,0.31488072584966165,0.0001445151678485161,6.882374034134446e-05,1.1880760338588596,141.5005065759116,0.023977678062152768,0.00033009255852564493,1.5033787212054894,143.12244403517272,0.02467632810667384,0.0006743409637340596,150,1.4158562066246279,142.34302248471354,0.024331718659158046,0.0005647586735280706,0.06761653395176875,0.31652922298975744,0.00014569364787437314,7.4791508520247e-05,1.1876712023138296,141.50599358475253,0.023977485284090216,0.0003894974481600312,1.5024594039701042,143.14694059568077,0.024692060568661998,0.0007586864300793137,150,1.4169248282221356,142.225168446697,0.02437847016084113,0.0004575495781920134,0.06780292073838688,0.324345179290578,0.0001519669012569884,8.4318771163672e-05,1.1881446118000722,141.38545867001898,0.02398841639145521,0.0002899443744428828,1.5035410595798393,143.02152855733036,0.024759832810012494,0.0007905426191119843
processed_data_batch_15.npz,150,1.4174942952623213,142.45269000458964,0.02428425766754063,0.0035541645690499194,0.07009303025760849,0.2816808227442226,0.00015905351504500766,7.631827772628148e-05,1.1416117462925512,141.9184754819876,0.023853339683814846,0.003345644954157636,1.4941519470805809,143.21947829782604,0.024640657736475,0.0037564055920862476,150,1.4174996187576043,142.45202941080802,0.024284645783830973,0.0008125637587264409,0.0700929901929488,0.2813207524933292,0.0001593060700862273,7.477389497051154e-05,1.1415785208436284,141.91407257164715,0.023852824639475592,0.0006251475424202256,1.4941281060617648,143.21843938522287,0.02464298693913191,0.0010924034729989883,150,1.4178864720497961,142.43010411708028,0.024292590985842556,0.0004933634604731731,0.07013781372548056,0.28019133414180614,0.00015540115542587752,7.84624499193053e-05,1.142140490242247,141.91688383595545,0.023886981203246078,0.0003210001106994485,1.4950017486563303,143.246547417426,0.024637503420626688,0.0008746313749825579,150,1.417473945828739,142.4550587078311,0.024311042586078548,0.0005812224463942509,0.07010177372000852,0.28142232873752404,0.00015814706100350135,8.594022538993552e-05,1.1416078546730497,141.92576343359283,0.02388989450580824,0.0004112647201924273,1.4941544392387192,143.2280278919562,0.02466253639995295,0.0009695637343118538,150,1.4185441929418885,142.33753555578434,0.024357945516604085,0.0004555107162150594,0.07028236656265398,0.2931186735260759,0.0001664958321678211,8.654922237978882e-05,1.1420741843673115,141.75274911178036,0.023922312053839528,0.0002880245835420369,1.4956976375630822,143.14793158264726,0.02474696707646482,0.0007855929175315002
processed_data_batch_16.npz,150,1.421261429352415,142.24236666341793,0.024371567282725035,0.0035448050312299148,0.06615819156127761,0.2914678695950986,0.0001508138225475384,6.973377341135708e-05,1.1581202540978972,141.58775103149492,0.02405668582682811,0.00335447169619637,1.5041606472458415,142.86904007260907,0.024810897692390005,0.0037079894478724723,150,1.421260737617553,142.2424543585053,0.024371600940450915,0.0008078219728185547,0.06616434658387575,0.29122770162121187,0.0001507913670422974,6.735120978032824e-05,1.1581485242814995,141.58397842565464,0.024057146455251165,0.0006533038389946694,1.5041553711768498,142.872299807934,0.024810643451591858,0.0010304980346511625,150,1.4216178715591312,142.22580450147268,0.02437507816141454,0.0004919023146243379,0.066183208359578,0.28823256645968315,0.000149064912465494,7.759169350465509e-05,1.1583897000320689,141.5921270079223,0.024075308603412948,0.00032958382031912414,1.5045187449600104,142.85280194223088,0.02481817352120635,0.0008021986885477436,150,1.4212399295300304,142.245566564589,0.024396856437521302,0.0005781508263150244,0.066166179456751,0.29108913760535376,0.00015051033881563364,8.250439384207657e-05,1.1580356998531476,141.59493536260408,0.024084105451541476,0.0004004759200880367,1.504133462750159,142.87169778645946,0.024831046032601427,0.0008586735015453272,150,1.4223290126124613,142.12539343157263,0.02444615399476616,0.00047030704165280045,0.06630126237782169,0.2989126712875275,0.0001578381144288661,9.236572232758891e-05,1.15842920077255,141.49720977793453,0.024117441773681768,0.00032103883145993676,1.5055011325150354,142.78814729916957,0.024917687080390303,0.0008585028742266197
processed_data_batch_17.npz,150,1.4033756629223388,142.33643160646247,0.024320840890223027,0.003537936782338466,0.08325138074547064,0.2998821843762664,0.00015909121919984926,7.588336729825657e-05,1.0512776064617975,141.62076295076625,0.023980954464189394,0.0033634297669782208,1.5044130980764607,143.16127782152972,0.024732378147621102,0.0037872586617088543,150,1.4033748517333366,142.33653872006496,0.0243208067947792,0.000803916067490533,0.08325428930663892,0.2993377025553196,0.0001587266261394614,7.257513674098182e-05,1.0512889393856444,141.6222433278906,0.02398027975895073,0.0006345141566246942,1.5044062373126428,143.1536441501601,0.024732156497842772,0.0010221070176857844,150,1.4037393739583426,142.32034687362292,0.02432336556062276,0.0004838972214236059,0.08327420204432277,0.29676205915298637,0.00015659722572354057,7.582762800931457e-05,1.051710425916663,141.62507600831506,0.023978354758493334,0.00034366142951531696,1.5046129523195182,143.12261519016047,0.024689901058538858,0.0007341952517794859,150,1.4033543081855213,142.33923673593992,0.024346744912088485,0.0005707173479447361,0.08325777992198596,0.29959678102557696,0.00015872521276362323,8.310723659111483e-05,1.051273577392292,141.62527545032145,0.023999129482954254,0.00038883958616067656,1.5043811477479667,143.1613218584055,0.024754058368709392,0.0008178108336698513,150,1.404392752813442,142.22213511880045,0.024393885604611813,0.00045939065221354733,0.08347129502640548,0.3072671122303696,0.00016512021723270304,8.598716625987638e-05,1.0514615437366464,141.48940697192432,0.02402749552754813,0.0002921759974352067,1.5055826233600056,143.0915743044226,0.024785711152245354,0.0007040765732363098
processed_data_batch_18.npz,150,1.413838514471984,142.39754689887388,0.02428402639944657,0.0035435144559034094,0.08940647832017697,0.31710044196281845,0.00015768978738484802,7.73383885614966e-05,1.0171257057113285,141.41381953224257,0.0238455023070825,0.0033278183766572147,1.5126858455128438,143.1254110992934,0.024757625396292362,0.0037471335815687256,150,1.4138441116466478,142.39691038925918,0.02428436892906692,0.0008034960717572471,0.08940871937594928,0.317089592568387,0.00015779733495762486,7.351024025329967e-05,1.0170819651892538,141.4202593158651,0.02384527188456576,0.0006277092994503408,1.512639678660257,143.1271444778715,0.02475458727657819,0.0009896424542569328,150,1.4142137185119903,142.3793681402021,0.024288122551037194,0.0004900873665493683,0.0894434114088613,0.32160348912330944,0.00016029665752032414,8.465937128253169e-05,1.0175749722623197,141.33242556189205,0.023821384113352582,0.00033367094719783546,1.5134769289130436,143.11607825043356,0.024797277356939092,0.000795616484160921,150,1.4138185137847938,142.39989998299203,0.0243106183294321,0.0005713894529298017,0.08941596561728064,0.31637256759130467,0.00015688565725441533,8.683815195752047e-05,1.0171494927671403,141.41202463914524,0.023870267502487778,0.0004074027877461058,1.5127266458053499,143.12792925586095,0.024788252915680813,0.0008049357658339078,150,1.4148973473429622,142.28147668242153,0.02435718653628306,0.0004612417924341285,0.08964737481741589,0.3183199623134333,0.00016358570574578327,8.737738885163102e-05,1.0173878069932059,141.2823878863821,0.023941974008485738,0.0002773814445014424,1.5138979369293273,143.03978020337397,0.024845569180270973,0.0007688697371618882
processed_data_batch_19.npz,150,1.3820914344691846,142.39101214840747,0.024233414919670838,0.0035299624327745855,0.10693613175402768,0.28531137843307186,0.00015452413177196957,8.002403357026833e-05,0.9977378917821053,141.49756361152143,0.023836399109581772,0.003299070930005272,1.4932221346601167,143.00570635343055,0.02463062362223304,0.0037852129578494578,150,1.3820903428585165,142.39113085395934,0.02423338468647534,0.0007956738018989007,0.1069361022559175,0.28517162136188484,0.00015449328544847908,7.560276144837596e-05,0.9977183551997202,141.49245050479325,0.023837200655051568,0.0006311686264588888,1.4932360682347534,143.00600009837115,0.024632942882071216,0.0010301236440991204,150,1.3824584506484476,142.3715454996288,0.024238302202447996,0.00048051493001021204,0.1069655021592797,0.2804856806093888,0.00015273841160003834,8.435475626918418e-05,0.998114269362459,141.49425633881006,0.023828851814046977,0.0003149257186334557,1.4939022080333852,142.95103499938259,0.02461321762704593,0.0007250531263305924,150,1.3820664582765918,142.39411685791575,0.02426009654465274,0.0005598996119167928,0.10694380877811958,0.284754244143771,0.00015487348378036387,8.891157056238159e-05,0.9977339086218554,141.50673419384526,0.02385427232773435,0.00039608836767002616,1.4932470986585087,143.004084385219,0.024646530761340435,0.0008142199915702735,150,1.383076644376966,142.2818296976608,0.02430062147487461,0.0004526126901237937,0.10721856393280124,0.28333174195371763,0.00015503314253892194,8.706603396458347e-05,0.9978238235575305,141.3705979384094,0.023863722014535595,0.0002962442498381358,1.4941474001395498,142.8795792643893,0.02471092383286282,0.0007394316861967184
processed_data_batch_20.npz,150,1.3840777508856679,142.4097518312364,0.02421724144200337,0.003534953634182926,0.09724563244275142,0.262962476123833,0.00014775511023350953,7.318541640076516e-05,1.075392346536278,141.76460476898254,0.02381749421821709,0.003386286768298184,1.49423870486658,142.99251209542896,0.024619429272237165,0.003719621478664691,150,1.384077644887474,142.40983039897395,0.024217148150754018,0.0007985835272530012,0.09724892654013291,0.2634141191266423,0.0001479909412929347,6.770236490275445e-05,1.0753822062265297,141.75959028313653,0.02381501774279219,0.0006564399108055815,1.4942376237673451,142.9910775929072,0.02462020768648475,0.0010242492053327593,150,1.3844194832072745,142.39394488402124,0.024219745860303957,0.00047214689594662684,0.09728466600975544,0.2624772525307319,0.00014660968418568645,7.148064693538908e-05,1.075708956199698,141.77810638026776,0.0238209804695168,0.0003146394090620149,1.4947313176040031,142.9856280842554,0.02463219973831474,0.0006948166814476992,150,1.384052485180105,142.41322308103864,0.024243275012022163,0.00056139419775168,0.09725420310084197,0.2627530046026934,0.00014741482058703212,7.786726674802686e-05,1.0753801035753328,141.7774805266549,0.02384002945626401,0.00038326982435973064,1.4942570093332677,142.98959619703467,0.02464793672057204,0.0007779044522489286,150,1.3850540663344704,142.29925217514946,0.02428547505320522,0.0004551942750522074,0.0974966381250223,0.2609763522319581,0.00015409439993472948,8.424981885442056e-05,1.075772569225577,141.63633571465436,0.023842480384001146,0.0003073786236652607,1.4954742735734916,142.86623091514946,0.024724264745689156,0.0007268754572639554
processed_data_batch_21.npz,150,1.3917549606940451,142.4833746827976,0.02421093050979598,0.0035260136096960317,0.10847569172157293,0.2765954065285694,0.00014898966010815413,8.043988760379741e-05,0.8887239877985383,141.85809938571407,0.023878171187177482,0.003270632881964761,1.4980662022599684,143.1370362579798,0.024596457756044826,0.0037095294035981085,150,1.3917551358963716,142.48339193373346,0.024210937009093523,0.0007978022533184486,0.108479687353999,0.2766732687909442,0.0001488950445139108,6.851032227609303e-05,0.8886985248882849,141.85061113826325,0.023877911072371135,0.0006301412993578439,1.4980768993458768,143.14508117698716,0.024596381266974405,0.0009688402691663545,150,1.3921485380596068,142.46181075459572,0.024217117768005954,0.0004815053458218202,0.10853814888657802,0.27279026272543716,0.00014825585011496556,8.078074426968681e-05,0.8886361097066248,141.86680434342648,0.023855610192858968,0.0003129202421406635,1.4981689545194519,143.08774583746387,0.02459583712968955,0.0007662151205354047,150,1.3917369933778594,142.48562046591056,0.02423756840478386,0.0005604431434957748,0.10848660320149225,0.27531293105365245,0.00014808622830653513,8.175946612999143e-05,0.888711720425258,141.86491110721934,0.02390456516325377,0.00035206694823511906,1.4980314144576334,143.13585165003906,0.024621208318885805,0.0007603287421238579,150,1.3927711031158674,142.37056304126642,0.024281250963271425,0.0004488908758393399,0.10875880165681283,0.27471470972876627,0.0001542260586800687,7.397175640972258e-05,0.8883530457500914,141.81187790569663,0.023964760237610138,0.00027058229482400154,1.4995862453524202,143.07706001125692,0.02468373831261849,0.0007052532379939011
processed_data_batch_22.npz,150,1.4100779850856402,142.37419909815134,0.024201972025492496,0.00363973411153246,0.08607424302670416,1.1004357532044728,0.0003440973280717984,0.0009601024077692244,0.9760799442915475,129.69965782408946,0.020946641841708417,0.003357483337428081,1.5040531636969063,143.30952883557694,0.025662842534048404,0.014624154197280711,150,1.4100820189914955,142.3737298008511,0.024202243629082888,0.0009366966493258959,0.08607643859641244,1.1013489303379016,0.0003440845784418587,0.0011692342745847724,0.9761120895265851,129.68762213572222,0.02094729270064661,0.0006815534164844605,1.5041863538655662,143.31549872355012,0.025664787344540075,0.014018495123862575,150,1.4104320119076477,142.35616976125218,0.024206263364638596,0.0006177877064210415,0.08611145692760118,1.1170233311950621,0.00034120274340492424,0.0011090955837605165,0.9763456245131726,129.48944643667716,0.021001955764524835,0.0003360739769364076,1.5038306529840968,143.24562404263682,0.02565352399764127,0.012893581940226558,150,1.410055631556615,142.376569452015,0.024228048726390384,0.0007046870743175656,0.08608540230930094,1.108731447229927,0.00034314563902432873,0.0011773985797555139,0.9760742125336996,129.5981927583377,0.020982491227578313,0.00040399549958883887,1.5042624517659489,143.3024075134645,0.025697983964961195,0.01386680013699241,150,1.4111008493401547,142.26185361353367,0.02427189239569164,0.0006019031719177117,0.08632546826349663,1.112911582228567,0.000347707898347087,0.001214983033069539,0.9762585972907746,129.42659944468738,0.02097359324925233,0.00031657373652881857,1.5061527433942457,143.19981514419104,0.025735122672077615,0.014202578197748377
processed_data_batch_23.npz,150,1.3968096711111164,142.34928526855046,0.024197576431790005,0.00364127116688527,0.09522871371899559,1.1691414433630274,0.0005608540003184627,0.0007756589226824783,1.0595859437224466,137.92634655045953,0.018673923722229903,0.003333849994268909,1.602866167668317,155.10253589959598,0.024849510519403727,0.011326916453274945,150,1.3968135255505543,142.34886996842042,0.024197818509406322,0.0009592119894896219,0.0952349628804972,1.169556570371963,0.0005607663519383127,0.0010125680478779012,1.059561690207156,137.92384609648366,0.01867387619256849,0.0006595533873520992,1.6030681457650426,155.103384045947,0.02484797141959706,0.010431062394558254,150,1.397155567433218,142.3301036914964,0.024202983840329477,0.0006242540773928166,0.09524788469668762,1.1368028377871284,0.0005341267830946961,0.0008987123212535473,1.0598404920082853,137.88301448882487,0.019074324501955103,0.00033605715081782216,1.603839938188414,154.64357929329785,0.02485126832839885,0.008246738603085663,150,1.396791646088982,142.35160356347836,0.024224441592590414,0.0007266293680358186,0.09524121022349506,1.1704152251261626,0.0005623176178837012,0.0010219216796852996,1.0595750863319557,137.89544276045288,0.018676034571395897,0.0003822641958107854,1.6030391050439512,155.1081164800884,0.024880487144061277,0.010287026496336331,150,1.3977677129134085,142.2441673533714,0.024262300547523694,0.0006230884232384397,0.095438780192729,1.2182865718959084,0.0005899645570878549,0.001014406693635019,1.06033843370195,137.79827283478502,0.018313622380634696,0.000271235656650379,1.6038043181836217,155.63484969050566,0.02490811874848345,0.009840079298058746
processed_data_batch_24.npz,150,1.4108886886307732,142.31766334084807,0.02421743889862912,0.0035421815682302234,0.07492804018717943,0.32505051642793015,0.00018465864486859405,7.62904315659449e-05,1.097337080578533,141.5349261583807,0.023412231943606296,0.003316569003115445,1.5149361808395707,143.2477582892629,0.024657297804584925,0.0037300059642832346,150,1.410891615497142,142.31728147818905,0.02421770747827102,0.0008095659204612702,0.07492841639760504,0.3251468507698889,0.0001845237532555633,8.235203794411397e-05,1.097321305691148,141.5333093251674,0.023412916075959384,0.0006517748549363654,1.514963056481732,143.24613187027055,0.02465668130608424,0.0011581836562844987,150,1.4112735483659324,142.2962810971093,0.024223645797244325,0.0004952806818002192,0.07497838649448858,0.31928441459939705,0.00018300977856736066,8.87769942163904e-05,1.097769511285859,141.51529962684222,0.023419068048591757,0.00035175760906594906,1.515400673373001,143.2043042905954,0.024659301092650743,0.0008912452653572605,150,1.4108689692473804,142.32038457542302,0.02424334917069285,0.0005778166731847782,0.07493825490224713,0.3245472902655545,0.00018428521467406776,9.340321612728728e-05,1.0973320561369813,141.53941310057158,0.0234369185274974,0.00038562574506488686,1.5149567195755196,143.2429471886351,0.024675629696360366,0.0009495154842198558,150,1.4119360155651013,142.20384845019785,0.02428764330890153,0.0004680466993402384,0.07510608553604395,0.33739242908281075,0.00019070865697595984,9.706053057544341e-05,1.097827157148373,141.3730945628407,0.023451959776586494,0.0003020031550763255,1.5168423300644018,143.16544365424986,0.024747320592878513,0.0009371498221564097
processed_data_batch_25.npz,150,1.4139044552271576,142.37038378126735,0.02426731869652079,0.0035399272782723657,0.06627389185261327,0.27511053727311974,0.00013734262248098878,7.376602117372953e-05,1.1659649929299212,141.67884447206703,0.023899513321993644,0.0033652199257022796,1.502543198422233,143.09182129713042,0.024665572178830596,0.0037417845967210976,150,1.4139119151249524,142.36949782289435,0.02426782225313361,0.0008061686494201962,0.06627686638307292,0.27544406264207555,0.00013756406914578468,7.61546999893609e-05,1.1660102865661124,141.67536280213636,0.02389930033132479,0.0006661588143605195,1.5025468466724354,143.09455776031083,0.024668573449393074,0.0010480907254163826,150,1.4142527398877234,142.35523413404178,0.024270003962915555,0.0004854765471212963,0.06632824336310625,0.2740450373973815,0.00013668404119976258,8.207889593795045e-05,1.1659178352377597,141.70223814682896,0.02393216909466341,0.0003502994832003996,1.5031249190744098,143.1103085711983,0.024681845210505867,0.0007829004443014697,150,1.4138828197301925,142.37341141819348,0.024293001493072255,0.0005789036868693483,0.0662839931197067,0.27522743834162655,0.0001381525569425933,8.756830080087984e-05,1.1659031878539434,141.6844649174376,0.02393368256673614,0.00037828890525480526,1.5025414939712198,143.09636888094892,0.024680295258185166,0.0008522227863773311,150,1.4149676082674207,142.25195934776934,0.024342563446618587,0.0004616185882590185,0.06645478255586196,0.28341557280018603,0.00014312705603277274,0.0001016754158738174,1.1663490381437662,141.55450778114613,0.023964917393533545,0.0002992579190541029,1.50382369679838,142.98912915610455,0.024730651942752886,0.0008623464900544276
processed_data_batch_26.npz,150,1.4024550287690822,142.42386876702503,0.024266146245975638,0.003537163436501528,0.07978554873205586,0.29140822001804983,0.00014501745007509378,7.310984753352015e-05,1.1200952042160868,141.84457754092927,0.023898348120362716,0.0033254148100789562,1.504795657710852,143.10120420173217,0.024592849883357127,0.0037110666798307545,150,1.4024566402636178,142.42365617502978,0.024266312497281686,0.0007994002308542263,0.0797867712092241,0.2921735405107006,0.00014557837078790225,6.931625562872013e-05,1.120133962071984,141.84425133971044,0.023894031622127904,0.0006222593079788213,1.5047821027953172,143.10228946296542,0.024592906055025756,0.0009845860103732196,150,1.4028239587505558,142.4049068353399,0.024271338827182718,0.000479997680371805,0.07982987369774223,0.2889692348776739,0.00014218509362939143,7.028599211627615e-05,1.1205182665697269,141.8124708770105,0.023911388758463152,0.00035009159703460624,1.505218732896513,143.08539308587865,0.024608131559551515,0.0007207684655544462,150,1.4024312568208908,142.42691474888247,0.02429217083231384,0.0005656039090654303,0.07979531915121908,0.29109815033629677,0.0001452447517271462,7.697319015863383e-05,1.1200553225628145,141.84569158206176,0.023923873031770702,0.0004104164266641025,1.5047812645981926,143.10857534055725,0.02462901034667853,0.0007951982722480046,150,1.40348635584243,142.30895948887164,0.024337509848767126,0.00045320820172346267,0.07999055616382206,0.29376235520769,0.00015199012033754875,7.753162645600842e-05,1.1205135003654556,141.68744639093543,0.023980689898014617,0.0003010799867044749,1.5060683668304986,143.01030006818203,0.024681773751916745,0.0007638724688039387
processed_data_batch_27.npz,150,1.4037544079637978,142.40153157540718,0.02420893019231184,0.003544896537246503,0.08491888704434014,0.3147841656790155,0.00015278602147832546,7.845005981205217e-05,1.0276004067355704,141.66902963412127,0.023733860425279547,0.00333111104784242,1.5075429951598969,143.35184994683098,0.02460938928074023,0.003711534452842535,150,1.4037567198765233,142.40126170205713,0.024209043480697794,0.0008054867561882768,0.08491982060403758,0.31512808079582755,0.0001529356595044488,6.294101442903027e-05,1.0276348979930512,141.6717864129631,0.02373751722618014,0.0006391879037397509,1.5075813850132325,143.35581556246277,0.02461266281153311,0.0009822883678137567,150,1.4041008455269088,142.38614283278804,0.02421207559225441,0.000491825706287072,0.0849310375473806,0.3138607407720133,0.00015271746725808153,7.304409449851147e-05,1.028119826281336,141.66509551052798,0.02376046813828643,0.0003367066297016296,1.5078022014637904,143.33093061295355,0.024625331408090124,0.0006803745651216564,150,1.4037333946089812,142.40415937723554,0.024235681682366693,0.0005724658338925043,0.08492733845844584,0.31380131584728094,0.00015299819237004456,7.891535044184912e-05,1.0275673329209605,141.67574464180348,0.023765905208573013,0.0004051676626770874,1.5075584561126514,143.3521303327194,0.024635739142977685,0.0007530440864478659,150,1.4047757398732217,142.2896370081585,0.024278774872751298,0.0004607257747971887,0.08516179691434797,0.3173096248593143,0.00015588462765075864,7.994666610856872e-05,1.0275646198101813,141.58649424820922,0.02380836379007978,0.00031051062637623615,1.508967963058654,143.23877400947381,0.024741708648904345,0.0007011494657355363
processed_data_batch_28.npz,150,1.3996369519700076,142.35622228172363,0.02420281877361036,0.0035332435104977,0.10062190765653709,0.23504651223279113,0.00013379821368230224,8.03190519793339e-05,0.87729981462222,141.70207604486876,0.02387930607470884,0.0033317843813736436,1.4950537824080952,142.90437893137283,0.024478714544239676,0.0037644564538678936,150,1.3996395538823343,142.35594026544504,0.024202915007292974,0.0007845087152613947,0.10062248529138512,0.23510400617426597,0.00013375300991896367,6.175972539216387e-05,0.8772762928056926,141.69431478319623,0.023880299864577847,0.0006454364142620281,1.4950147707973525,142.9045736400284,0.024476346861164445,0.000991317657266286,150,1.3999864277132306,142.34044469803024,0.024205446160264057,0.00047009320065078823,0.100677055466368,0.2352255274331026,0.00013338242211455938,6.617971795758194e-05,0.8771997335716518,141.67008706905398,0.023886514838960878,0.0003271719741860408,1.4955383738785972,142.89002184520683,0.02449971581297901,0.0006765568744572179,150,1.3996147516715827,142.35895703850886,0.024229094001978445,0.0005494783389155194,0.10063156702480024,0.23545173877034523,0.00013350726610902408,6.963300714168053e-05,0.8773090035931396,141.70334494103486,0.023908065551949714,0.00040613408545960163,1.4950087524823685,142.90784537879335,0.024510520088009902,0.0007771187979967218,150,1.4006387796349653,142.246579390452,0.024271177480462754,0.0004379310307393906,0.10086892790603491,0.24078050508909424,0.00014062476908895385,7.224470374790711e-05,0.8771517354847385,141.53760167373036,0.023881193291084703,0.0003036136630871288,1.4964620639778798,142.85897255973188,0.024582338019429995,0.0007890630424422502
processed_data_batch_29.npz,150,1.4081330323017414,142.34968607968986,0.0242238081050964,0.0035937057488602177,0.07946085171522756,0.3491611625125348,0.00032613717429307867,0.00030276630502758484,1.0676901300210089,141.51853664262177,0.021614833160089972,0.0033647553554939274,1.494346059238301,144.73773449886644,0.025747555762985718,0.006980964221662559,150,1.4081345500836029,142.3494401873949,0.024224084378534048,0.0008656573321975852,0.07946210434501727,0.34962490279891234,0.00032603252594362505,0.00046657195094577627,1.0676729700843648,141.51882975380335,0.021616666343557703,0.0006037621370115588,1.494293772641224,144.74278512483207,0.02574504518315573,0.005868945893024891,150,1.4084767011370096,142.33474223376885,0.02422624454727026,0.000553539432530953,0.07949506963796507,0.3512527097538718,0.00032478902978193335,0.00046546025730764514,1.0680405959237744,141.4860360266473,0.021624443403089427,0.0003529041104788571,1.4950251207812575,144.79431238079573,0.02570162872122552,0.005384626378046748,150,1.4081074696965148,142.35320279202116,0.024250061061820045,0.0006343843319594255,0.07946861584515273,0.35208370010691364,0.0003254538297091098,0.00047601857520016737,1.0676639717665577,141.52063873669272,0.021640123445508086,0.0003562397474407155,1.4943534827872196,144.7998550660649,0.025739579518386277,0.005668217913948326,150,1.4091595258593042,142.23694131427982,0.0242926729587962,0.0005322801976975813,0.07967863367395223,0.35806377865864736,0.0003280647506256649,0.0005053158042779333,1.067927509092999,141.3704146691965,0.021681545254341367,0.000316376820103204,1.4959327704385463,144.62701267780193,0.025819939805467734,0.00596866345193118
processed_data_batch_30.npz,150,1.412005917923812,142.35366184208308,0.0241850581399588,0.0035624787230558214,0.0731727417885876,0.49204989312056113,0.00017429358268848368,0.0002325078743782165,0.9919819340517947,141.64914694376066,0.023291900381721763,0.0033487542602267384,1.5046855510708315,146.72549273940479,0.024599744154907618,0.006251811337485033,150,1.412010512651844,142.3530501156268,0.024185536095106295,0.0008334583704915695,0.07317274776872724,0.49201805907477103,0.0001744204090259659,0.0003329947081225692,0.9919641406172877,141.6518948070961,0.023292623177189057,0.0006532370162814116,1.5046529736905496,146.72306227579972,0.024601801414660042,0.004787764349250001,150,1.4123818879310428,142.33577091415475,0.024189304109436018,0.000515119663972829,0.07323226253511986,0.500047950715283,0.00017825268275142555,0.00028454886146221073,0.9921819751298364,141.6371163844151,0.023180511215208685,0.00033207654212644345,1.505061103663389,146.8456400352583,0.024638731118223303,0.0038389521074174175,150,1.4119832354349804,142.35632681634777,0.02421173266284007,0.000602587372982862,0.07317923512149474,0.4933550538502241,0.00017412694755606606,0.00034169736385825425,0.9919562581439153,141.65458708283106,0.02330141624967276,0.0003583816804819284,1.5047379085435877,146.75446447932774,0.02462950913408304,0.004629541438110586,150,1.413039927609804,142.23922674015674,0.024255483572219756,0.0005000074755079681,0.07333476054505694,0.5078620559912548,0.00018046737917438473,0.00034677173501057525,0.9920045148346891,141.49217530229606,0.02334883236748935,0.0003078824458472326,1.505857308103863,146.75174734196838,0.024679934410167456,0.004564213325288274
processed_data_batch_31.npz,150,1.3968962140112515,142.37853653755286,0.02418988157854813,0.003538304324651762,0.09339478178562582,0.2829675957536328,0.00015382656468960587,7.171652319481416e-05,0.9965455383661581,141.6504737161495,0.023825235721585007,0.0033421736711718615,1.5113224032199237,143.2170623764983,0.024578910452074377,0.003681325230450039,150,1.3968992788535004,142.3782073764759,0.024189971541417155,0.0007980329676963618,0.09339574276359874,0.28313566070460694,0.00015388689571516762,7.236408620988854e-05,0.9965488341276431,141.65048728328438,0.02382430423979043,0.0006561485490989111,1.5113166362263923,143.21789783068874,0.024580155194717977,0.0010419865621691142,150,1.3972932019951751,142.35550182910157,0.024197154411195347,0.00048093540197206315,0.09343956869441045,0.2802554062484303,0.00015128669165779073,8.24726958779774e-05,0.9969660491026696,141.61250535020463,0.023804718946369662,0.0003131474852799111,1.5118303715981722,143.19369689445455,0.0245659702108072,0.0007638845123404429,150,1.3968762760874394,142.38104145907022,0.024216505896077357,0.0005631321442854204,0.09340543735521407,0.2817705513499679,0.00015308631399564446,8.621941604820787e-05,0.9964938275545168,141.6553253225271,0.023857004570491655,0.00039299291611279613,1.5113139565007443,143.21844111265816,0.024594775531956357,0.0008501420444185129,150,1.397905894084956,142.26615358723782,0.024259448264703228,0.000457980812382848,0.09362124099700118,0.2857872630209704,0.00015682884416977634,9.552624146980516e-05,0.9965916461945467,141.52462331217254,0.02388688666215786,0.0003201549352198449,1.512196233396882,143.13032897190877,0.024643816092256715,0.0008008881084808168
processed_data_batch_32.npz,150,1.3988497554029318,142.39104898147713,0.02420027176589859,0.003538904812999107,0.08391257108664676,0.32267573711579134,0.00016689821622314877,7.99614658516286e-05,1.034402580728601,141.66328064461226,0.023716731148038593,0.003284121429385438,1.5016008811788633,143.11965908142514,0.024582788774629095,0.0037134970639744027,150,1.3988481373996078,142.3913453503414,0.024199983826956047,0.000801570553425103,0.08391629514402281,0.3225411364186033,0.00016694191373616395,7.843992320260333e-05,1.0343769359516133,141.66382356691685,0.023719382720820838,0.0006578077421815214,1.5016222469603457,143.11475935154178,0.024583678093448937,0.0011181723482527495,150,1.3992086621307058,142.37283220503056,0.024205475947081313,0.0004876737112434362,0.0839599905899538,0.32075487808551895,0.0001662931726193697,8.50599379438906e-05,1.0348129300593616,141.6733162341417,0.023743897932820855,0.0003353732636200198,1.5019380406540537,143.0780956492364,0.024611793319315855,0.0008403222304021554,150,1.3988260955571612,142.39362766230556,0.02422744089239125,0.0005679130070639699,0.08392224616480186,0.3224086563494049,0.00016655806742733262,9.29486529839419e-05,1.034398111897094,141.6675697762697,0.02374743024024499,0.0003952563541198555,1.5015669966161092,143.12089492339658,0.02460076868718456,0.0009349151328274601,150,1.399872202324411,142.2789195709286,0.024269402400242873,0.0004510364942219547,0.08411140142210669,0.32916076393328036,0.00017194705008698107,8.782516496730207e-05,1.0346408977274988,141.53282917667985,0.023758725056356098,0.00029743535931511507,1.5029189232722577,143.05095968645023,0.024654481800349827,0.0008900105566369532
processed_data_batch_33.npz,150,1.3923766240799291,142.45490927629598,0.024217881358240333,0.0035670951178127567,0.09827498554040807,0.29154509856461264,0.0002870493502242278,0.00022904750579726878,1.0793490559150216,140.99710466461627,0.02341504915394151,0.003325058434769194,1.4983846181261566,143.45195127056252,0.026663523839011525,0.00570430552179477,150,1.3923767935033489,142.45491528857215,0.02421781642384014,0.000834824889895476,0.0982749601946771,0.2909075333635818,0.00028765693439674505,0.00034133878305407254,1.0793424751088652,141.03307471861652,0.023394960054612363,0.000629481509576948,1.498409945737236,143.45263122548985,0.0266669854009623,0.003632908764145892,150,1.3927695803909657,142.43341025924067,0.024223365092306437,0.0005253947178825074,0.09830744114077304,0.29519798217244425,0.0002861968955484897,0.00034128549397982106,1.0799008151068503,140.81023898932807,0.023517492449784357,0.0003197503542057488,1.4980947932199289,143.38207843959503,0.026664357625526956,0.0030371288459633172,150,1.392357304738664,142.45766991687844,0.024244231662440795,0.0006038657589307817,0.09828609375779207,0.2929549400469433,0.00028697529042465077,0.0003572601001101008,1.0793339070290218,140.95491066357604,0.023459939842731054,0.0003799464505974391,1.4983451974979745,143.45412869968908,0.026694563615225545,0.0034888556087287383,150,1.3933928779690303,142.34168476604268,0.024288654710260815,0.0004949286632308895,0.09854231741991638,0.30002357499261945,0.0002869431220173856,0.0003452847151011977,1.0795633654423002,140.7385507599457,0.02358289712342427,0.00028144656654639907,1.4994628469073459,143.43865244329226,0.026682337980095276,0.00295521943299494
processed_data_batch_34.npz,150,1.400214850740544,142.34840087026475,0.024193580467287368,0.003592678715390264,0.08707193602920987,0.3988943342185082,0.00036150300758688256,0.0003092071149791336,1.000491918446186,139.74399796301498,0.0236121206180634,0.003278776826803447,1.5163707698031237,143.45135982928815,0.02733712012776416,0.006155088940147043,150,1.4002184702094296,142.34791692472697,0.02419387327311988,0.0008863681232295909,0.08706891524835503,0.3991308663686324,0.0003612299613805658,0.0004834077509301043,1.0005085800640503,139.73876724109243,0.023616499405072208,0.0006367970182783252,1.5164350517043912,143.44514060581682,0.02733841489891257,0.004862559949205535,150,1.4005562295258318,142.333271464088,0.024196156645889477,0.000573134012894722,0.0871314054126803,0.3973209399838317,0.0003630543799753137,0.0004903536848556844,1.0007867144862537,139.72845535587936,0.02361955001701843,0.00032481537559034485,1.516668305612389,143.4100644396592,0.0273574081989215,0.004717440767454693,150,1.4001926689105169,142.35140469106048,0.024220269805208357,0.0006579924192237454,0.08708583042395512,0.3998708517823297,0.00036181397364370494,0.000503807909714692,1.00046670257015,139.73410887447932,0.02364606931043738,0.000388085536611574,1.5163321527357827,143.454498168196,0.027366003507864105,0.004744747474719915,150,1.4012134055874594,142.23890003160983,0.024260992316128337,0.0005410946412520835,0.08728772991590944,0.4082275491963992,0.00036821762343537695,0.0004948406007400767,1.0006166447816676,139.63856985499248,0.02364063659311202,0.00031210474996341836,1.5176568536042527,143.41510216295154,0.02743079984798458,0.004804945677593756
processed_data_batch_35.npz,150,1.402392605289976,142.35840143918676,0.02415853599840877,0.0035401710426037356,0.08265462473073323,0.2841110516751216,0.00014087104770395435,7.496849439876458e-05,1.0941575098420067,141.50771585024978,0.02379793861750337,0.003366534853657545,1.4973201787154837,142.95491743349316,0.02457156933646142,0.003697965254880506,150,1.4023978627497002,142.35778610382036,0.02415893464207965,0.0007965033041168007,0.08265928773823168,0.28374482629035774,0.000140779335359631,7.05772546421886e-05,1.09416732289205,141.50895880745864,0.023796577039049208,0.000658304895183119,1.4973472773965701,142.95673605496413,0.02457356360094002,0.0010527079783639113,150,1.4027550983335857,142.34080238877888,0.02416213260999149,0.00048188982695386877,0.08267088934888286,0.2831985562588955,0.0001407202127567389,7.461814774931031e-05,1.0945619288905166,141.44651100581382,0.02379787140734797,0.0003242237651961016,1.4977308414484316,142.94707721538933,0.024566978775418975,0.0007514677797283287,150,1.4023678674564406,142.36144770814786,0.02418460492451479,0.0005566768659716585,0.08266056298165665,0.28367149404065767,0.00014004134206686318,7.838554675944478e-05,1.0941251105374485,141.50204462830615,0.023814153258357066,0.00040502911249830695,1.4972847640164042,142.96024460588774,0.024599607554268703,0.0008222705694447089,150,1.4034189130593206,142.24502505342213,0.024227877376580338,0.0004569220514020639,0.08283932268756772,0.288923148440971,0.00014425661149055532,8.067109593399567e-05,1.0944021027020538,141.30445856725103,0.02385252051533915,0.0003079671816584457,1.498439436714035,142.87943790359853,0.024620361590419002,0.0006750520814887257
processed_data_batch_36.npz,150,1.3757054431882352,142.2951763560915,0.02413093939527653,0.0035179667306929354,0.10086965797655532,0.29745587075262336,0.00015878864103276058,8.062631932234924e-05,0.9860719541039515,141.58605160294323,0.02364235666417619,0.003285430063230977,1.492119069414619,143.19214410081335,0.024583355157414295,0.0036814398767215104,150,1.3757054046513646,142.29515703712448,0.024130999401688735,0.0007902562062576582,0.10087060382360856,0.2978595594861675,0.0001592296252366113,7.024377244151586e-05,0.9860685511321448,141.5814310283419,0.023640681780983837,0.0006353664504828094,1.492143494671018,143.18931843816335,0.024585116110098903,0.000987784388124928,150,1.3760313786625435,142.28119464326906,0.024132179597858388,0.0004710579451593311,0.10088027208882075,0.293992667532929,0.00015741526699268607,7.822277801037124e-05,0.9866242571483532,141.56906631653976,0.02365540721484735,0.0003085837015123794,1.4926261619347017,143.16514084555774,0.02457861673207306,0.0007175868589717241,150,1.375676985814513,142.29863004373337,0.024157584173485003,0.0005500012672412388,0.10087554001823254,0.2967025472820201,0.00015824578146203213,8.567377607930941e-05,0.9860960022020425,141.59049819937007,0.02367702061304414,0.0003549612748633598,1.4920647391576831,143.19766310139843,0.02460934908122519,0.0007994710628422816,150,1.376664280877701,142.18821788172494,0.024195079200020876,0.00044894559540516616,0.101133711026852,0.2983207781095181,0.0001630963914124301,9.068572224902445e-05,0.9862153423161664,141.48546706508975,0.023726589084915,0.0002751525205044029,1.4933470159853992,143.06774726227493,0.024661098180844082,0.0007511384554791396
processed_data_batch_37.npz,150,1.405505000929267,142.57360891027128,0.024090477878932787,0.0037524266834654827,0.08346274590849248,1.6917864691401108,0.0008359843695701787,0.001238525994574786,1.0912695815851807,136.56415206523945,0.01684402002663604,0.0033421733598261636,1.626582720004828,154.30811735868326,0.026717077483077563,0.013934429104686502,150,1.4055033610366163,142.57382717327934,0.02409036719147599,0.0010960179255782264,0.08345998169200378,1.6947735960491308,0.0008383182346484859,0.0015383241121765874,1.0912687792999194,136.55691753774974,0.01681093085799162,0.0006271409183284592,1.6261402645158403,154.359206278384,0.02671831162754976,0.01289503494860337,150,1.4058977570892128,142.54713691944107,0.024101378897134415,0.0007627418336116867,0.08351182259426079,1.6804643090418692,0.0008167820625922987,0.0013776883208413502,1.091569863640603,136.34747403681803,0.016991870273398827,0.000311387578394368,1.627302381085321,154.13368419039202,0.026741648134021304,0.011002672706823218,150,1.4054929435593657,142.57606164145943,0.0241175377684716,0.0008699616252930038,0.0834878949846269,1.6931726978198813,0.0008338234826417289,0.001551955656716148,1.0912183135065354,136.53762056331982,0.01691763253854765,0.00037342146402228834,1.6274734252231715,154.22946734757247,0.026753176622929774,0.01271120252556176,150,1.4065672603043424,142.4596037433295,0.024159409662519917,0.0007511691643291783,0.08376732154874152,1.705732893571792,0.0008366814222743136,0.0014524136970345007,1.0915924273227802,136.3092321289547,0.017142536146985157,0.0002808345842496165,1.631885600218307,154.0469246495741,0.026760594006842334,0.010591306765740676
processed_data_batch_38.npz,150,1.4110022871854753,142.3620522359646,0.024180418355342535,0.0035864973690585035,0.0740746541251631,0.42198868180037646,0.0004078754595490621,0.0005510834176078428,1.0551456529682053,141.52225673568324,0.023298181225299926,0.0033484060508175866,1.498220243837222,145.79583207034608,0.028661607419545376,0.010232921021034303,150,1.411002168893698,142.36202603598824,0.024180462578196813,0.0008602152644943145,0.07407225185670878,0.4214974706572459,0.0004082057125787867,0.0007196496582580053,1.0551945333632968,141.52076554256234,0.023292121049106,0.0006373082865594792,1.4982085616533944,145.79004474875651,0.02866553138804466,0.009568104082916355,150,1.4113583383551365,142.34514180847574,0.02418481940590323,0.0005520832527243745,0.07408712667582745,0.42345078456727686,0.0004040864375921499,0.0007233516869021122,1.0555392026242136,141.50197797281567,0.023310893069527907,0.0003154941298243245,1.4985338744698615,145.83978021038334,0.028624446954943712,0.009293702889215239,150,1.4109784846263935,142.36465871286129,0.024207821380636194,0.0006303125502161452,0.07408106795829059,0.4247825220763269,0.0004055273373619093,0.0007321099754142951,1.0550915830586982,141.53475323614103,0.02332731705522546,0.00035629779987685414,1.498193503598023,145.86084284504915,0.02865905852313647,0.009475552516080113,150,1.4120479785382436,142.24680864679428,0.02425141544876924,0.0005324838455782387,0.07426481605334363,0.431349619275628,0.0004137880599996192,0.0007565829734094773,1.0554725016565574,141.39349116197783,0.02338782924764552,0.00028348066903595816,1.49923022782377,145.65730688690945,0.028769759808750565,0.009663502708320223
processed_data_batch_39.npz,150,1.3935425725225703,142.35504302546227,0.02416083582038919,0.0035438546742984508,0.08155798990708456,0.3096718543887235,0.00016144310789367,8.226881705496572e-05,1.105764585109804,141.3386202021034,0.023775354050138243,0.0033594197746120383,1.4960334116840366,142.94125386003597,0.024640886044154247,0.0037763729039593614,150,1.393546433896916,142.35446145298096,0.02416125467911444,0.0007959610170616765,0.08155257497170675,0.30982918792536535,0.00016166236744331343,7.357619081271738e-05,1.105782359025579,141.33576986173088,0.023776990924534735,0.0006560630750504417,1.4960578847295054,142.93831617523912,0.024645486951523674,0.0009813419313027952,150,1.3938805852466056,142.34127145769517,0.024162366052722716,0.00048613557772419585,0.0816038458261638,0.3104327164715238,0.00016288870533153076,8.278361128332213e-05,1.1059142663924866,141.3524402042507,0.023791754600910483,0.00036312136157710517,1.4962303741856013,142.9410490086531,0.024664757013480372,0.0007393813845019228,150,1.3935175723988744,142.35804036876726,0.024187632424789496,0.0005602221288581742,0.08157109550131847,0.30947231357327903,0.00016147641095378134,8.751708297834414e-05,1.1057036887167715,141.3469496152307,0.02380076986535956,0.0003978827335286021,1.495994846135763,142.94346053613242,0.024668831923276357,0.0007876166552994454,150,1.3945300726996364,142.24576578520015,0.024226961070202366,0.000458495415312965,0.08178532382823925,0.32199595842937717,0.00016809021528222973,9.7402665966401e-05,1.105940539169122,141.2342477218163,0.023814745107501152,0.0003031644648703588,1.4973447089016996,142.83739946737555,0.024728102088443026,0.0008147597752791893
processed_data_batch_40.npz,150,1.4029443041219634,142.33961517924948,0.024148234263848222,0.0036001862894475592,0.08912942650693614,0.7531232390835401,0.0002821496645664143,0.0007068779886492943,0.9858410963838057,133.8515434232612,0.022858154166736408,0.003243348120953758,1.4926183613995818,143.17188524970666,0.026323762375210752,0.01212619644438572,150,1.4029430556900415,142.33971105570944,0.024148208298563723,0.0008977385621757465,0.08912710120895555,0.7534790402191445,0.0002822377081163414,0.000877318258415491,0.9858890622223805,133.8482965761823,0.022855979307633098,0.0006326322012711344,1.492574941994865,143.17376725078728,0.026323367126218963,0.011436412954041233,150,1.4033140623849756,142.3198099588746,0.024154533714627748,0.0005801656170829908,0.08915814757463605,0.7668678987242303,0.0002771839176407203,0.0008347466858801202,0.9861543977003814,133.62028263625078,0.022837911372621353,0.0003257650727170727,1.4929835729095968,143.0717776802822,0.026310518881907857,0.010565231197585921,150,1.4029271672793684,142.34091869308918,0.02417676249444425,0.0006643502159779949,0.08913732287238037,0.7592754548131422,0.0002806055042849622,0.0008842962412408854,0.985819006279213,133.76631980372196,0.02289375725602167,0.0003409675562252183,1.492638581624476,143.15844111608115,0.026350424500197586,0.011273552776207767,150,1.4039753294878452,142.22559280567233,0.02421888490479245,0.0005557839233126738,0.08937121581027585,0.759342557673774,0.0002833292013232349,0.0009074604614070329,0.9859406824773004,133.64760553523885,0.022948380704996958,0.0002831885057169853,1.4935760276843704,143.0711333725303,0.026419009219467188,0.011440693535230044
processed_data_batch_41.npz,150,1.405070059716241,142.38376680961622,0.02407243935727023,0.003560883186632656,0.08762508796939539,0.37439393822999806,0.00033089241208939635,0.00030856601899392094,0.9393532915181688,141.0590951684182,0.020640538454217178,0.003263686583197591,1.515280645700045,144.53720657484774,0.025137609433521363,0.006497855027707128,150,1.4050766700323447,142.3829578118278,0.02407283134914837,0.0008580012131267824,0.08762419087357934,0.3745149310935398,0.00033122399600432075,0.00046705771917025633,0.9394377250182188,141.06709306370664,0.020636889257169045,0.0006700222218277224,1.5152034942848167,144.5398009071955,0.02513680119763997,0.005350150655435633,150,1.4054233549697899,142.366349106576,0.02407704881993192,0.0005419296424105658,0.08767268843892395,0.3750655589193576,0.0003327956463402209,0.000474550550500777,0.9393826540312455,141.0531534731128,0.020625102426446194,0.0003559781706273783,1.5156658558799898,144.51332956353275,0.02515382932962613,0.00519490880072589,150,1.405045121813986,142.38618118742727,0.024100145049819464,0.0006272546701056198,0.08762736150906426,0.3762474198969668,0.00032978549370552685,0.00047362269120396964,0.9393595639476048,141.02637902194977,0.020678450670419096,0.0004168318991473037,1.5154443616183737,144.58041970960443,0.025149694337260643,0.0051697611374012745,150,1.4060841133490178,142.2725731933359,0.024140843943286572,0.0005278183561713245,0.08781694542140593,0.38196471922583614,0.0003344405837231458,0.0004914830403953739,0.9394125122557812,140.98163704954894,0.020731325375380635,0.0003010446498142749,1.5162849222598376,144.38128045618416,0.025265567382068563,0.005090335755933443
processed_data_batch_42.npz,150,1.3962029436961598,142.40763948898146,0.024127701693149792,0.003543121748797707,0.08425186683529491,0.28623055961935523,0.0001526464135397902,7.446542884637243e-05,1.0711520000181056,141.59988502920993,0.023739069369647484,0.0033133229175060486,1.5112885577231756,143.0901195542843,0.02445482724633397,0.00370083085896474,150,1.3962066070407886,142.4072315782868,0.02412786707173845,0.000804889668033493,0.08425384674148298,0.28658070898703597,0.00015274567950531256,7.007482859825706e-05,1.0711230920322252,141.59848079680418,0.023742339163556923,0.0006361648737965538,1.5112978334056066,143.09109572000878,0.024457482147027976,0.0010977296382123564,150,1.3965496294590407,142.39062623862634,0.024132007824919838,0.00048697254619306946,0.08428882716607722,0.2837513573279959,0.0001499577292481085,8.050442463173159e-05,1.0716903647126779,141.59116964811057,0.02374553583059269,0.0003474864951008787,1.5116903392762893,143.05979740816005,0.02445633887213232,0.0008643702346690941,150,1.3961806069132745,142.41023848012784,0.02415495558716838,0.0005708693432825541,0.08426060705681487,0.28528412014916427,0.00015141108064595192,8.174561701595081e-05,1.071134528325301,141.60351307168986,0.023775820881807352,0.0003952450685030641,1.511284656824227,143.0875390549624,0.024484303187649395,0.0009318030297467479,150,1.3971942651940386,142.29793075199547,0.024195625991179272,0.00046039717977729654,0.08448491703523055,0.2893801883477413,0.00015600400196764535,8.90402193676138e-05,1.0714133106843573,141.47655773651795,0.023797962255974314,0.0002924695483815297,1.5123133597784153,142.97271958806976,0.024553278184236717,0.000823980499168099
processed_data_batch_43.npz,150,1.386908802146987,142.48287313714582,0.024080647928712937,0.0035498942355599414,0.0929611096366836,0.7116676662558784,0.00040557216076918007,0.00045967813026207634,0.9594178540507835,141.67393702465705,0.01983929236639181,0.0033280089383328675,1.540873823251357,150.4406823827904,0.024648864230423086,0.009044475661617915,150,1.3869123751454446,142.482409378226,0.024080919254506363,0.0008472768282418214,0.09296097422505033,0.7105218025583684,0.00040487166893508317,0.0005617472548193131,0.9594067060992146,141.67380871158124,0.0198490857917766,0.0006337989077526325,1.5410061207293069,150.424989815915,0.02465120699498712,0.007519352670506595,150,1.3872466064325393,142.4673574641706,0.024083370321895354,0.0005244780895267494,0.09298449162855613,0.7057289775916225,0.00039916111772951975,0.0004671251894934148,0.9600149806815647,141.6648854416112,0.019933731541615998,0.0002834069185013733,1.5408102284414549,150.34434775476092,0.024667119120278733,0.005976148848731037,150,1.3868872947555326,142.48560766118186,0.02410752736364998,0.0006113055108840221,0.09297384216479102,0.7080905564947522,0.00040411978064999266,0.0005743479982003185,0.9594524404024092,141.67743016286957,0.019888166056334936,0.00038495924239651344,1.5414739322717412,150.39800054836778,0.024676858100025487,0.007409815405789399,150,1.3878643328414462,142.37718182719047,0.024145841016901728,0.0005022940983387202,0.09318703550667956,0.7305754608309141,0.0004196382470601198,0.00046176637192959656,0.9594138860649025,141.58964446278515,0.019718220506195903,0.00028277181593018,1.540752438034719,150.57828406451014,0.024703935772443553,0.005872131811375373
processed_data_batch_44.npz,150,1.4142273306389699,142.34038394129692,0.02413679567258555,0.0036306496760265777,0.07429542278566732,1.2111755703205318,0.00027151114587437844,0.0010345464559308147,1.0381560558361693,128.13201194039294,0.02238806550383914,0.0033533795133933184,1.5442638809204847,143.13242617585246,0.02552018307345084,0.016151611092555022,150,1.4142272596805705,142.34028752558442,0.02413700168567067,0.0009359290313057734,0.0742953088929451,1.2102025503735057,0.00027122991465454443,0.0012212773470524378,1.038163481586939,128.14217990313773,0.02238621596182094,0.0006874720185916684,1.5441525203647537,143.12369707847654,0.025520386408212335,0.015604487434843172,150,1.4145944041674525,142.3196428407297,0.024143094872421875,0.0006081063000412388,0.074330436849241,1.2428967006930811,0.00027594874752328674,0.0011233988428774374,1.038562707002154,127.70393006635071,0.02239067656473574,0.0003587451111038685,1.54503978571235,143.11628942226355,0.025492299408423756,0.014026699172189334,150,1.4142075512498058,142.34231397242374,0.02416393423511206,0.0007053102491092157,0.07430692315362716,1.219905118927922,0.0002715713724380625,0.0012290822028657984,1.0381310206457741,128.02303280619586,0.022418162626437255,0.00042044086523740587,1.544559517547544,143.1348643258818,0.02553615411815192,0.01544398553943527,150,1.415286333168303,142.2267301078943,0.024207633097090835,0.0005992117154157907,0.07453761028233294,1.2381558374593873,0.0002773810479712738,0.001279953319062311,1.03818739050176,127.70706328427414,0.022457041165434427,0.0003238144312938657,1.5503585711328502,143.0434592193979,0.02562112166195149,0.01593245406144979
processed_data_batch_45.npz,150,1.4030388891901713,142.39436056221524,0.024086358200208314,0.0035378524500953704,0.07190005123624996,0.30327334752460183,0.00014925254132053863,7.660996488353621e-05,1.1258245083950003,141.50932152339348,0.023608417724975204,0.0033017138816555003,1.4959694644899186,143.22596953269846,0.024478411192884336,0.0037167284864322693,150,1.4030394615695039,142.3943250820663,0.02408638919693404,0.0007977616411861269,0.07190563408703976,0.3032533601073543,0.00014922174724101912,6.422231686437642e-05,1.1257582017691736,141.51033649534514,0.023609489817834152,0.000617285936529394,1.4959998795601013,143.21932189074855,0.024476164481372534,0.0009722121905378878,150,1.4034410613596155,142.37204994795923,0.02409321364456639,0.00047956927160502596,0.07195770960906274,0.3005229913130953,0.00014907712461987275,7.131894739742361e-05,1.1261657039961184,141.44051288238228,0.023667807292626398,0.00033318949862949957,1.4957056581120387,143.2085928954989,0.0245260140246178,0.0006836505264968038,150,1.4030184990488401,142.3966698914184,0.02411345893081296,0.0005614879141437286,0.07190740532033628,0.30289310819165594,0.0001489912564901466,7.652601937870284e-05,1.1258039273425269,141.50326621615295,0.023636405973549438,0.00039005817911482994,1.4959162888507023,143.23349328841016,0.024520087628147277,0.0007835777129505675,150,1.4040694384538248,142.28053084559215,0.024155955981028234,0.0004529323441822212,0.07209298959344206,0.31201840189800206,0.00015638726239518104,8.190885886015687e-05,1.1262797462584817,141.3710196341131,0.023689083577363382,0.000268648706434262,1.4969466799606823,143.1803416622962,0.024586041679426504,0.0006675796262351728
processed_data_batch_46.npz,150,1.3818575775950415,142.2682729215522,0.024141399025195086,0.0035923529049529416,0.10087035580657902,0.9557958512555621,0.00035513590079115995,0.0006811944318578703,0.8998967692776632,131.12910116610627,0.021944455722703753,0.003365216566232239,1.494569146053727,143.0242786963259,0.0264115036550036,0.01175537999899158,150,1.3818519311514328,142.26889174088996,0.024141206466686292,0.0008830765065118005,0.10087260678109998,0.9538289203877686,0.0003547483751296584,0.000837719399264544,0.8998888093982027,131.15574028826364,0.021945521993639975,0.0006271682277955113,1.494573112499566,143.02493340053257,0.026398350747427357,0.010695010297025125,150,1.382233900784032,142.24797403538443,0.024146530427914936,0.0005592798411589272,0.10094487232403539,0.9717364357004357,0.0003616970891484925,0.0006806254529619384,0.899679347366921,130.90477748976792,0.021928525631322495,0.0003566135933956895,1.4951709528138564,142.97770979003354,0.026566928161344747,0.008300112417245698,150,1.381836342747602,142.27085331041934,0.02416781916403044,0.0006491048722323644,0.10087968612504065,0.9621779817676556,0.0003569554120510381,0.0008350143863393387,0.8998979177123048,131.04873913787918,0.021963561459823318,0.000392504068859275,1.4946126509811732,143.0162278122811,0.026489333606721795,0.010390906666988447,150,1.3828283835343051,142.16085072931858,0.024207082034699436,0.0005429377692541182,0.10112465518186389,0.9754090267613519,0.0003595872301183718,0.0007548051974200227,0.8998658397231246,130.78657060012952,0.022031034233160263,0.00030109428489518694,1.4962554310926814,142.90146845584852,0.026560170737711285,0.009279061413760298
processed_data_batch_47.npz,150,1.3977742222348566,142.1546302412653,0.024042632180312343,0.003554532101863151,0.07550254672964929,0.3456227689373885,0.00018092635782045071,0.00019004291694836277,1.0274315051919158,141.4086233182182,0.02296225447417451,0.003353807330592104,1.4980260504022167,144.6284061026773,0.024607704056767005,0.005670551303371835,150,1.3977764430139887,142.15435218840625,0.02404282363449854,0.0008318606941293347,0.07550397113289004,0.34555009809171516,0.0001809904671956885,0.00027425238375672383,1.0274603943402127,141.40189035821263,0.02296446559443848,0.0006673288916487861,1.4980357988333972,144.62550627841367,0.024610509632475002,0.003967764987124834,150,1.3981366670512052,142.13524114662562,0.024048200244610622,0.0005097353518642598,0.0755334339958404,0.3473936041622643,0.0001767105572056654,0.000266645694045754,1.0276734215805938,141.414054487269,0.02299073769676798,0.0003247799650934705,1.4983448213373762,144.6684248671679,0.024569034593140852,0.00349193189567769,150,1.3977510554361383,142.15735315223108,0.024070173537161656,0.0005964977246071177,0.07550930224773529,0.34730186378504546,0.00017917464799840858,0.0002813227686958612,1.0274160067885088,141.4162182983073,0.022999150620482064,0.0004129282580241305,1.4979970742856201,144.67690295953543,0.024603687456310436,0.0037535832888678116,150,1.3988086155933939,142.0412094965456,0.024111104253083278,0.00048190907375776767,0.07570008055364995,0.3496102809688842,0.00018240328375178675,0.00030903597215805895,1.0278969537366176,141.25817749607154,0.02305914573190693,0.0003171716274493738,1.4990987688999822,144.50385866545048,0.024693974891139423,0.004017825739110518
processed_data_batch_48.npz,150,1.3900444121076634,140.31046365000918,0.024104879180450706,0.003521317598829981,0.08256030632115605,0.3549988259774974,0.00015114730060902597,7.62694651894444e-05,0.9979796616939804,139.23955185325323,0.023780285362851664,0.0033281002471530073,1.4829056823653772,141.27881976678216,0.024571960024332838,0.0037079261692784284,150,1.3900471484332007,140.31001731700954,0.024105218843151508,0.0007930862012792767,0.08255417384066169,0.35506949955451633,0.00015138936286003164,7.276517937210503e-05,0.9979522140605915,139.24434014871923,0.02378290879534769,0.0006599673657037461,1.4828233270053213,141.27647676673342,0.024572832311885996,0.001017365328825838,150,1.3903141332504425,140.30556111421043,0.024099775727770608,0.00047302890845320135,0.08259642019741424,0.3522589546215035,0.00015046746290288778,8.06578448091203e-05,0.9982783799254646,139.23856886047636,0.023777940181961478,0.00031062427535640246,1.483746520557117,141.30189223074828,0.024566716061291977,0.0007625498344747086,150,1.390008155020397,140.31667229969,0.02413116451687704,0.0005505308527347896,0.08256942278220145,0.3549215972649544,0.0001513344815296008,8.72816715732588e-05,0.997981250392943,139.24408047610078,0.023803716978122464,0.0004047208737044572,1.482922085223235,141.28944794417077,0.024597977801126346,0.0008105909919583973,150,1.3910560670610972,140.2034116513676,0.02416506834680517,0.00045580748375242757,0.08277590457501913,0.3595900544321768,0.0001550892478141662,9.024429163583717e-05,0.9981703650025758,139.13982091827526,0.02381439432833663,0.0002623257151189759,1.4843748806039407,141.1896196254321,0.02465396750222864,0.0007577374212283653
processed_data_batch_49.npz,150,1.3562633048145556,134.87937854261486,0.024010192493302097,0.003580277072103802,0.10628252709665933,0.8451889740295873,0.0003681486237484885,0.0007998022773557347,0.8994935104154785,128.00819703945697,0.021358442408712132,0.0032404534558640495,1.4876299734691765,138.99208197859036,0.026339063791648472,0.011425360982196783,150,1.3562666198143307,134.87901480015026,0.02401034884505537,0.0009297933480278589,0.10628137156258283,0.8453314465867132,0.00036796583454433397,0.001025798691126097,0.8995054597467249,128.00783249498892,0.021358093657253458,0.0006279259903539015,1.4876361519702395,138.99678352666317,0.02633560347433875,0.010537366812643615,150,1.356431419954237,134.89118488486298,0.023989310146709717,0.0006101669974505604,0.10631885833495915,0.8516775538191277,0.0003620355584420836,0.001009749024613932,0.8993196263342706,127.91479164526133,0.02139668173654293,0.0003058569757925121,1.4881727845322428,139.08903101234233,0.026264284455093913,0.010073914447103238,150,1.3561923363741464,134.89632958711596,0.024034439377343054,0.0006861798785322554,0.10629041323473436,0.8525651469547608,0.0003650858722489807,0.001036602146493001,0.8994372190313952,127.92358473231695,0.021429195195544985,0.000346406568619266,1.4879219948883513,139.0730809661137,0.026333631546975104,0.010388837690149344,150,1.3572076395870774,134.78372121001692,0.024055623087759537,0.0006037630423556283,0.10657641119600282,0.8540043817982985,0.00037072117421848585,0.0010596313765605565,0.8991307618537855,127.84548909127875,0.02143367615929835,0.00028832907319654126,1.4887997354060944,138.91079385618488,0.026393971429913867,0.010389573605066963
processed_data_batch_50.npz,150,1.3442010166300642,128.60179402586633,0.02405671696218045,0.0035022510914402153,0.07833899589868994,0.7086131151506047,0.00013869074748441428,0.0004930837687608975,1.0321867712035282,127.78100641010529,0.023707827098709295,0.0032383525084048724,1.431276952401452,136.16636014040705,0.024460441059112936,0.009429469257348813,150,1.344202827884246,128.6015955636003,0.02405686909031687,0.0008165089352180003,0.07834303815540941,0.7090178766576908,0.00013878633790922952,0.0006419690983407903,1.0322091174333017,127.77617282044633,0.023710685252700297,0.0006163535589886044,1.4313090984350232,136.17173668067224,0.024462024227737942,0.008585204587141026,150,1.3442279185936479,128.6400890008428,0.024012497512433808,0.000505283886294667,0.07835335348143609,0.7177685711951388,0.00014045473098589715,0.000580109661619337,1.0322222395168923,127.8356824047897,0.023623028147975268,0.00032783596278790084,1.4309883890509816,136.3390192586825,0.024390305271185228,0.007512476137320662,150,1.344069532991725,128.63206521182929,0.024078164080475754,0.0005760649287771045,0.07835299614239938,0.7120489612305801,0.0001387606576303555,0.0006432980584699979,1.0320310129663581,127.8111225788113,0.023714664034604684,0.0003506323916805757,1.431140637464211,136.24902816855044,0.024458381013953995,0.008344717199859002,150,1.3451339790358237,128.51003767735256,0.024089873495040763,0.0004991179171866308,0.07854982007864868,0.7087787565221884,0.00013970328569289214,0.0006855396616342836,1.0324663108969558,127.6616777044653,0.02373866627929533,0.0003063680547457886,1.4320772211252042,136.0489315793896,0.024474784854734765,0.00878476352282749
processed_data_batch_51.npz,150,1.319457931887936,129.04567249110943,0.02402567198666481,0.0034349851347205244,0.11946157371393497,0.39958319957085625,0.0001328450494443936,7.947015320326019e-05,0.8508983407702494,127.93588200541615,0.02369369497708991,0.003174078030164191,1.4317456079671103,129.8926283729807,0.024381458468457688,0.003618894487958221,150,1.3194607016129043,129.04543882934954,0.02402560080814288,0.0007631908222004893,0.11946297453466984,0.39940308572636557,0.00013288638273960536,7.786542764948771e-05,0.8509519416856982,127.94145476725348,0.023693541471017085,0.0006126907060343394,1.4317431676673282,129.8904022342476,0.024381072144944872,0.0010401869012469935,150,1.3194787285524505,129.0832191607098,0.023983414670259648,0.0004579723499055439,0.11953880926820244,0.4009882816370596,0.00013265729976350113,8.222439398984534e-05,0.8502791651092354,127.98711275497827,0.02363978607839346,0.0003027443889120195,1.432012375216441,129.93345481155438,0.024358354791003223,0.0007892909967995091,150,1.3193326861538675,129.07569093622908,0.02404748615519289,0.0005222912798150754,0.119468757080835,0.4000450471392323,0.00013289971142089397,9.10847250813018e-05,0.8507923389003915,127.97797353360383,0.02371957943798853,0.00032148379140200996,1.431645980225258,129.91255076393338,0.024399087059479494,0.0008461707901625686,150,1.3203263834797718,128.95930342661333,0.02405762965754522,0.0004355563291322175,0.11978382928181787,0.4054695948575197,0.00013857802845804377,8.015303011971877e-05,0.8503023349179212,127.85553139677081,0.023705407041102466,0.0002847286549002443,1.4328676978387802,129.81248801173555,0.02441844703492912,0.000705466540114753
processed_data_batch_52.npz,150,1.3849012871851487,135.6392310278635,0.0240447759160136,0.003567388631966441,0.07057274796455135,0.5004379382806426,0.00029282508659393117,0.000509587497104757,1.0649312319623887,133.1904980875285,0.02154577036864614,0.003336028700921651,1.531111809824801,136.46979124156277,0.024420310567259317,0.009181052614461952,150,1.3849014542019968,135.639153717114,0.024044803777337555,0.0008706633028785769,0.07056725612231778,0.49957352651916803,0.0002934411280278109,0.0006800368824408993,1.064925027283687,133.21832023417363,0.021544731453071415,0.0006417123874654733,1.5308230559727962,136.46921003753428,0.02442187713512893,0.007988560975363695,150,1.385126404079199,135.6446479694292,0.02402883533206964,0.0005506809126208583,0.07061303528314596,0.4988809871237224,0.000287835774985531,0.0006309073883983895,1.0651857586500124,132.9890234424158,0.021526910513178683,0.0003336966591441812,1.5325997026495835,136.47553866465304,0.024388409941555094,0.006861588722484048,150,1.3848449726043441,135.65258548539364,0.024069825440095585,0.0006340214891512416,0.07059116501444351,0.5014028388797224,0.00029078929378271534,0.0006885844117967523,1.0648521947858216,133.11804743870812,0.02156923337598938,0.00036794770182054594,1.5315422753270493,136.4807033507531,0.024440600511400856,0.007788465392869977,150,1.3859489686018056,135.5313682745773,0.02409969534830702,0.000539771877995507,0.07081452775885103,0.5162546723340964,0.00028667419607469397,0.0006353583199240407,1.0651758215107296,132.6330079366354,0.02159341808119014,0.00030299804487219636,1.5351978853480106,136.36834526895538,0.024494439661943024,0.006859791903531152
processed_data_batch_53.npz,150,1.3825048990919377,140.7251776993734,0.024074328204745924,0.0035148759150646176,0.08817005635058824,0.33236012321708575,0.00015342129837204522,7.481405704223004e-05,0.9182202927221669,139.888246412987,0.02356395236465851,0.0032377803922326617,1.4818554712010175,141.47742314624813,0.024516139484296873,0.003677526227492241,150,1.382507571814812,140.72488014702836,0.024074376894838954,0.0007998821823785716,0.08816822832066804,0.33252452688002154,0.00015330856726047398,7.5135022847967e-05,0.9182149778475026,139.8922239447009,0.02356680507021835,0.0006346427091761231,1.4818639237279814,141.4743764772631,0.02451540066450981,0.0010392551336649537,150,1.3828411252788462,140.7117161623971,0.02407407705996739,0.00047956727071046183,0.08819774983706023,0.32826789800801787,0.00015355928237100407,7.917356095402917e-05,0.918332806830061,139.86450057901445,0.023578399073905344,0.00034323238460559657,1.4820430910900568,141.4110051238329,0.024536537889310806,0.0007635093283768181,150,1.382473799993878,140.7300965535275,0.024101509604450854,0.000556564818528879,0.08817486114107731,0.33184524071698035,0.00015285613832942342,8.727938594728519e-05,0.9182326578706838,139.88995459914736,0.02360084820649557,0.0003847950554779933,1.481800896842277,141.47375383369572,0.02453954642346026,0.0008482549668607893,150,1.3835068867334728,140.61599742437446,0.024137317818415913,0.00045903456205711904,0.08841393258083277,0.33797837964017996,0.00015830532586706144,8.431373900326619e-05,0.9180992284230864,139.78645067752066,0.023635772568958845,0.0002964097309729217,1.4831352033513239,141.3404012957634,0.024594234010299545,0.0007725621294245067
processed_data_batch_54.npz,150,1.385354345300813,142.0048435378117,0.02414728605969356,0.0036761206526220004,0.09883989054867906,2.253160276747316,0.0006720358853717501,0.001391836465851784,0.9549425449165315,114.97588529369237,0.021479306585602976,0.0032770590142147185,1.5472276696001268,142.9891761690813,0.030837897817913573,0.020190976487047787,150,1.385356802003935,142.00474228669054,0.024147276978168142,0.0010008386330173221,0.09884927215702637,2.254902752462743,0.000673016842085784,0.0016006835056059183,0.9549169249428409,114.95360704616199,0.021476827579312126,0.0006552112400707745,1.5475104921739382,142.98589825759225,0.030849360693659695,0.01956693922364819,150,1.3856539900052893,141.9918557143453,0.024149350331522275,0.0006754143824078919,0.09881871224812998,2.2533924559840433,0.0006791440762491919,0.0014595290974311545,0.9553646038387139,114.95221983870394,0.02145639833165874,0.0003359164038060839,1.545111855093689,142.9669145927389,0.03094126057721539,0.017432109843422455,150,1.3853259763083714,142.00703748190034,0.02417582749059478,0.0007669532501810024,0.09884689704340571,2.2628757104553268,0.0006772642467219864,0.0016146046919682014,0.9549362879943305,114.85863360947737,0.021521694028563042,0.00039365888780175574,1.547263078239308,142.98643436436055,0.03095958715037681,0.01948427897172161,150,1.3864162218404807,141.8898835485675,0.024216499158561937,0.0006664790543277584,0.09923809764979584,2.3456060338791676,0.0007134729241242205,0.0015865262098912808,0.954616929345915,113.72593461201504,0.02153709375528406,0.00030931591672785525,1.562483302172681,142.86230653072056,0.031513829662338365,0.01895836769000325
processed_data_batch_55.npz,150,1.3905766324873674,142.419885066374,0.02393984440102599,0.0035430310430403706,0.09880094331761666,0.3097434912519635,0.000146391492584511,9.520926105636606e-05,1.0177041400333582,141.5314709839826,0.02347901617519867,0.003315700226073547,1.4902677265962658,143.41068098162773,0.024289185549420094,0.0037697152433422312,150,1.390578945041543,142.41959797314465,0.023939975807425184,0.0007960261301133324,0.09880020025371088,0.3102611982759313,0.00014645531989640874,6.86914683375577e-05,1.017699747085593,141.53064520671995,0.023477557870027796,0.0006555367533565375,1.490244307373612,143.41210687496584,0.02428944852898655,0.0011327685573569537,150,1.3909453353858854,142.40114052804603,0.023944954424055212,0.0004769083931312203,0.09883369374649731,0.30946342724472803,0.00014490458753125125,7.650410962651449e-05,1.0181597978931556,141.4949020205521,0.023491586356630623,0.00031938161909982255,1.4906386050263503,143.3875417076649,0.02431851280676851,0.000904256272337316,150,1.3905529055713426,142.4222066232577,0.02396805940361048,0.0005567392911218342,0.09880960504208244,0.3091627066446312,0.00014569723751678025,7.819365512367708e-05,1.01771261805994,141.5405916544409,0.023505335210110244,0.00039100258253720846,1.4902869872843107,143.40711676805614,0.0243185729618119,0.0009284133326175774,150,1.3915708981544177,142.31197926824234,0.024003338545127526,0.00044380869707341084,0.09905929323997664,0.31851785727720816,0.0001539516221687363,7.461065272444427e-05,1.0178733979751915,141.36108938681372,0.023536163069104932,0.00030343402063783036,1.4912326127551105,143.3019914975363,0.024375931715884067,0.0008237190669121525
processed_data_batch_56.npz,150,1.3770857407888144,142.50785762464437,0.023946696538396206,0.003560143749324407,0.11096190978923202,0.8011793946205835,0.0003820964572402433,0.0004059477261505761,0.8980130896763541,141.52440237372784,0.020570503412090362,0.0033716943769460327,1.4920005143856612,151.7020712932643,0.02458684073602733,0.00829397754137267,150,1.377088383371409,142.50740813197996,0.023947081635860495,0.0008406302359337318,0.11095857162629919,0.8005156579591977,0.00038177153058086547,0.0005146546825437253,0.8980268645818507,141.53001294804486,0.02057657764394548,0.0006394900128778502,1.491994286727643,151.69430820648827,0.024585059548401043,0.006680866813671996,150,1.3774371899982942,142.49068854403507,0.02394992424165969,0.0005140970861160472,0.11101934472773953,0.7947484731878731,0.0003781319274795682,0.0004264073064731337,0.8978209041783304,141.51967887380974,0.02063345620823427,0.00032257027249086163,1.4924480914088443,151.60018448677656,0.024592602272255664,0.005119845185122656,150,1.3770648510093348,142.51046535576023,0.02397343569963793,0.0006016815631703507,0.11097137005635059,0.8002796751397946,0.0003838258864209844,0.0005202705821194768,0.8980151086928102,141.53146339642618,0.020583102340690364,0.00035708658291393723,1.4921183245102891,151.6953629200408,0.02461093054414339,0.006466879789358478,150,1.3780238912784624,142.40518254499125,0.02400669024724931,0.0004888314807398399,0.11122562912675382,0.8405749789029243,0.00039965462313203343,0.00046087723522311415,0.898006168976015,141.3973921908507,0.020358873205415316,0.00029432848100752147,1.493224323664684,152.09191505337566,0.02466190006700091,0.005576415126553365
processed_data_batch_57.npz,150,1.3868091473754531,142.57343301967921,0.02396927255463766,0.0036632346768992984,0.09303057477837366,1.8798432536805039,0.0010442050342822115,0.0016449956112512877,1.026017469509856,141.6742685203635,0.011403229019089774,0.0033204987205102056,1.4859668203137264,165.14300411789498,0.024418281161541204,0.023651814251071723,150,1.3868159587313975,142.5726193359093,0.023969708830467833,0.0009472964352047093,0.0930322834018318,1.8802530554335188,0.0010443361078290988,0.0018355192539578238,1.026011067094053,141.6698635047358,0.011402366171984509,0.0006511205126459815,1.4859272955840273,165.1460896387458,0.024417511018342303,0.023262810174212594,150,1.3871569735723124,142.5570408626416,0.023972489794635878,0.0006195150098314148,0.09306635658178991,1.849389866454703,0.001025288540001247,0.0017434954895693493,1.026235650601379,141.69943666922978,0.011640678560208858,0.0003488096074179304,1.4864702501034064,164.7522830091953,0.024417222402756043,0.021814783624773612,150,1.386788367513366,142.57577330886895,0.023997165248476438,0.0007098995588534046,0.09304523350233064,1.8721401699586198,0.0010410148487718523,0.0018421517024782713,1.0259957751543782,141.67778495777512,0.011469890924638135,0.00037761921963579614,1.4859456326584548,165.0518073449277,0.02444903631898348,0.023102587409435684,150,1.3878384484070736,142.461757121183,0.024034348847598485,0.0005878756876706986,0.09329420041187991,1.8353587349586045,0.0010371215662781897,0.00171191677780548,1.026332854957443,141.5763959121369,0.01156856359483444,0.0002788077278718918,1.4873312203259155,164.46534260809483,0.024503825706740482,0.0213914528720232
processed_data_batch_58.npz,150,1.3682074482833357,142.48925383751165,0.024115837848643754,0.0035218356307989782,0.11561532544313922,0.26064656878099723,0.00014324164882300417,7.574338134197216e-05,0.9168911726955354,141.77992765633329,0.023716233898439652,0.0033054534976347787,1.4878322351424775,143.1472061187378,0.02442825528001032,0.00367549726862698,150,1.3682128465271737,142.48858259063073,0.024116159927203798,0.000792507478683329,0.11561456767423316,0.26059915399301864,0.00014285481978581317,6.901978459828587e-05,0.9169123836236899,141.77675201878225,0.023714130249583014,0.0006045011743471833,1.4878616951175438,143.149039065696,0.0244300014736941,0.0009718601064071141,150,1.3685642494725179,142.4710334513902,0.024119318752533873,0.00047292283263550175,0.11566477787340161,0.2622160465178439,0.0001445797659448447,7.124578963341341e-05,0.9170861158990008,141.78714453689605,0.023732104638444766,0.0003067277265915713,1.4883859412793197,143.16122200412664,0.024430531043224374,0.0006677677354932342,150,1.3681840725460839,142.49233405696336,0.024142094967321438,0.0005523301961374546,0.11562441751142673,0.26078362615400846,0.0001431023475426684,8.020420584707968e-05,0.916891945769461,141.78525615077942,0.023743980667081045,0.00035784419461539895,1.4878065167780554,143.1493620691987,0.024456503456602944,0.0007596334409652281,150,1.369159695830373,142.38264301245894,0.02418066107443494,0.00044595540199363765,0.11591555996957763,0.26995714114041075,0.00015387693733924857,7.960381857561153e-05,0.9166518281902131,141.62908016651343,0.023729184391308705,0.0002846901863833789,1.4891238812214034,143.09007237667652,0.024536444578584216,0.0006849253126750407
processed_data_batch_59.npz,150,1.3875455972009583,142.39224881362472,0.02417178538376716,0.0035718390508143894,0.09828770490643843,0.3374084104171417,0.0003621228009456388,0.00026345512570445705,0.9440260808201114,141.47743583430017,0.023662165530386466,0.003263639622187181,1.493601470081229,143.90477405701037,0.02768791943810198,0.006428220735209871,150,1.3875521441187944,142.3914871598001,0.02417218270575953,0.0008546794891545921,0.09829152844037232,0.33715486594115196,0.0003623512734930496,0.00041854404290349426,0.9440665248243663,141.47500309732345,0.02365942407046497,0.000653828909027456,1.493598472766625,143.90288122981343,0.027689581400611788,0.005285110263808137,150,1.3878942921321584,142.37627210461486,0.02417471268645827,0.0005378984301011823,0.0983173159787049,0.3321764301685726,0.0003653088516290345,0.00044296902901372565,0.9441043384302662,141.49464753816756,0.023712912163800497,0.00032343268262580865,1.4938905624927798,143.8141824992375,0.02774171077154267,0.005187601582325885,150,1.3875241604894715,142.39486455726043,0.02419906767772334,0.000622864698045842,0.0982934331970156,0.33740073413246763,0.0003617476347927555,0.0004366410970005246,0.9439938961603799,141.4927665485305,0.02370132226442752,0.00039527027504903696,1.4935654749839251,143.92452134089436,0.02771678630167968,0.0051995350287077175,150,1.3885566691643747,142.27934265301806,0.024241300554289264,0.0005188117675732508,0.09854651077805755,0.341583933065979,0.0003692408879506204,0.0004603340013012321,0.9439240773711486,141.41891964673377,0.023744995675906166,0.0002941063351806899,1.4944922277181556,143.72286990259013,0.027819189675793568,0.005277083164140353
processed_data_batch_60.npz,150,1.3738401114064132,142.4771512703701,0.024107805362179473,0.0035173105628254295,0.10328908900429042,0.27132354554869204,0.00013379732663881407,8.758561944516745e-05,0.9876635293685655,141.81125531105897,0.02378182260289177,0.0033086022352739213,1.4944510556596418,143.0688050423329,0.02439895993866662,0.0037193135617870654,150,1.3738451262178994,142.47653911417504,0.02410809813695145,0.0007756466431511114,0.10328919740134185,0.2711954935392245,0.00013380633246630688,6.39873330638681e-05,0.9876619824186461,141.81227954354677,0.023782763000980454,0.000631362945043202,1.4944272132950103,143.0701431067464,0.024400932696345193,0.0009629542978763408,150,1.3742104014778083,142.45795136424192,0.02411199041316857,0.00045806676225071006,0.10332923570022111,0.2701865463795368,0.00013409214556735758,7.061688526648798e-05,0.9880656975816194,141.78736944509308,0.023777470815712028,0.00033441466287128645,1.494889932057819,143.047615299682,0.02440699810373671,0.0007515914723684124,150,1.3738195203107992,142.479805212692,0.02413432023908103,0.0005355034054111547,0.10329939888967975,0.2711102515611676,0.0001342005319780578,7.39071454763286e-05,0.987661709073211,141.80980496658896,0.023801921904500967,0.00037943355496235606,1.494435799153902,143.07500912889526,0.02441842051852687,0.0007633969009963584,150,1.3748066327727733,142.3676142085111,0.024174310653638387,0.0004375252873386042,0.10355086094340198,0.2714193953247431,0.00013621980493951007,7.881172306525947e-05,0.987858003992988,141.713282708089,0.023846246653832587,0.00027716815154300845,1.495705670928534,142.9688698768014,0.02448114028990318,0.0006416450787068214
processed_data_batch_61.npz,150,1.3904975429654693,142.48147596325987,0.024095206212493364,0.0035733958553937203,0.09189791874722517,0.6974098500296467,0.0003775023034454674,0.0004876970865770866,1.0013376552621327,141.67226417182556,0.0213464521653659,0.0032755239355595433,1.4961171498559938,150.0940198859646,0.027257880347995887,0.00908898229195799,150,1.390500947702087,142.48100981616545,0.02409548315400895,0.0008719069654408647,0.09189607803052136,0.6968254177041235,0.0003773730751646775,0.0006525116024551301,1.0013834560094592,141.68086167562493,0.02135163919118175,0.0006141738667875318,1.4961645225102174,150.08762783711222,0.027261159390125116,0.0079842804268425,150,1.3908547783191167,142.46150204990147,0.02410086789828953,0.0005305683395426131,0.09192219243694959,0.6724030439574539,0.00036761441257464604,0.0004758831489089963,1.0015976065591576,141.6535761721985,0.021592313634261246,0.0003249308023943191,1.4966220743470513,149.75896793459532,0.027287047804360316,0.004992340353622349,150,1.3904764579088635,142.48440357254367,0.02412193182777186,0.0006353796150083205,0.091909502764868,0.6982074000743638,0.0003789971761308381,0.0006571606931894501,1.0013000917563928,141.66678835983265,0.021351636429225267,0.00033793863225765376,1.4962940651931895,150.10951908172729,0.027292524687011006,0.007755404579878528,150,1.391467566869702,142.3729112897268,0.024162304454893337,0.0005247735544452705,0.09210239814575936,0.7386282717045367,0.00039406298151803946,0.0005951944964976523,1.001425507182513,141.50270729365866,0.021133191419757842,0.00030917301574436213,1.497297215263896,150.47030208154268,0.027297745161646132,0.006735389957313964
processed_data_batch_62.npz,150,1.3806123990125707,142.51031204169485,0.024087967512597976,0.003534561271954212,0.0945134985608224,0.31815405231754706,0.00015740979258482656,7.912787298255619e-05,0.8988252659237853,141.63504632051288,0.02364295016908197,0.003341225277269507,1.4743718218754722,143.39456426230092,0.0244535391591044,0.00369454408726582,150,1.3806137661887439,142.51015294266008,0.024087960321925107,0.0007881538676311371,0.09451106348396024,0.3179154283291111,0.00015733681159994336,6.759412227366014e-05,0.8988740898095774,141.6276820789254,0.02364455976598622,0.0006467852401629746,1.474326890277011,143.39225166656738,0.024457955125646948,0.0010007129567614923,150,1.3809465863578672,142.4953718460078,0.02408988745709689,0.0004709836240593438,0.09455317824732577,0.3137618838827432,0.00015406984714209115,7.314092647136369e-05,0.8985594688087071,141.67725682717312,0.023643328187256406,0.0003353792627483874,1.4749193871019994,143.36323025393193,0.024418776183157603,0.0006911352682190003,150,1.3805872576975964,142.51295753778098,0.024114514908827857,0.0005527509762399509,0.09451674385360499,0.31801737767276766,0.00015694838855979398,7.705119890153384e-05,0.8988100726849643,141.63954746525297,0.02366985771514732,0.00038744165779058094,1.474382275327101,143.3950007426402,0.02447654602412082,0.0008270941031205415,150,1.3815841154209436,142.40077360162158,0.024155738325267264,0.000452585673674973,0.09474923417801821,0.32454190231537466,0.00016285284165230425,8.092401142772819e-05,0.8985685922539809,141.51686033451853,0.02372452236929696,0.0002939070178209464,1.4754809393280015,143.28482374480225,0.024521963111310163,0.000684089019576831
processed_data_batch_63.npz,150,1.3777765810064992,142.43132180277175,0.024043896417843026,0.003560079662218977,0.10761343768288235,0.33709745602304114,0.0004155100547680803,0.0004212381052788172,0.9868461343700866,140.025722217089,0.019884006829934332,0.003302808404012225,1.4872109469422046,143.12172422530912,0.025827958270542975,0.00856819905805998,150,1.3777759055613494,142.43135927481305,0.024043968908969968,0.0008492165360580296,0.1076127331679902,0.33734047213325785,0.0004153032123009636,0.0005742090720767282,0.9868274409534061,140.02137148486946,0.019887404852178568,0.0006430597844905476,1.4872466063963579,143.11423458058195,0.025828052855083918,0.007659276879502801,150,1.3781305596450821,142.41377366660768,0.02404760030980237,0.0005245741937298881,0.10761852460161177,0.3354732599091961,0.0004155667123501002,0.0005845441048053509,0.9872645800803624,140.01254624014618,0.01987528006313752,0.00032748590699616245,1.4874613485933892,143.1129485472062,0.025811213031502855,0.007418875239660034,150,1.3777532747420378,142.43345769999559,0.024071898815778935,0.0006067883148051045,0.10761847717435576,0.33860158436839083,0.0004152482733040578,0.0005830107929518236,0.9868622967688742,139.9889457171136,0.019916951126868195,0.0003897747974646242,1.4873541662701946,143.13019835814802,0.025855316007144864,0.007492441847017146,150,1.3787659140751516,142.32119591059563,0.024110535849436995,0.0005015665915659891,0.10789622971895126,0.3402842711294733,0.00041853682756955846,0.0005889224491789383,0.9870513690743928,139.94624034024892,0.01994799586180646,0.0002834415465885261,1.4883493127804501,142.98938634517899,0.025883937384181557,0.007450001797711684
processed_data_batch_64.npz,150,1.3799215339367619,142.51181419071426,0.02402442954844458,0.0035285303900423177,0.09374815363849631,0.2901277191039663,0.00013893393923639514,7.25567636484302e-05,1.019914407480968,141.8082092366233,0.023691759326525442,0.003296885443274719,1.487568610860814,143.1935335422177,0.024357321587869057,0.0036950271703438385,150,1.3799267702475395,142.51119642505597,0.02402470869777338,0.0008073052932726255,0.0937480571758302,0.2901036195240133,0.0001390314813007306,7.31685192062997e-05,1.0198957038264287,141.80945958065323,0.023687617428693932,0.0006058745452828944,1.4875562003144904,143.1912313007306,0.024360106668288455,0.0010600344842261488,150,1.3802600804055831,142.4954570814613,0.02402786598841128,0.0004803161753840803,0.09376025170650472,0.2900315992141518,0.00013844587768971613,7.400967898243559e-05,1.020388406699828,141.73507441769718,0.023709371667299348,0.00033181213993079044,1.488251759098865,143.22404855705287,0.024368881036247965,0.0007876879134771932,150,1.3798941061337269,142.51438899160286,0.024052887173256817,0.0005634023739983054,0.09375650308751833,0.2903534919504096,0.00013884560687949042,8.378780546134559e-05,1.0199194440035768,141.80519441149175,0.02372115894814304,0.00034718218943273114,1.4875748288523643,143.19758150465927,0.024389472344629338,0.0008785253957833015,150,1.3808966042504884,142.40165373559833,0.02409154364680855,0.00046002693032775064,0.0939890882252859,0.2994359691297838,0.0001462122290111467,8.229002100878137e-05,1.0203227504079782,141.64942862168056,0.023782580864173574,0.0003287952447988977,1.489248470276295,143.10402043143677,0.02443743496486814,0.0007539893854595195
processed_data_batch_65.npz,150,1.3891573376206174,142.50233251292798,0.024083387058530165,0.0036133522760316687,0.08096223036460264,1.0506908096978962,0.000382890775273409,0.0006407534468972571,1.1144860375218317,141.66880939149345,0.02071987384013822,0.003374674742299497,1.480529247168285,154.3890342841876,0.02570670745671473,0.010630033739169278,150,1.3891614601824906,142.50182060679478,0.024083637636125827,0.0009112195350944369,0.0809604523190002,1.050151971565445,0.0003826685736392031,0.0008337207610769813,1.114488399532418,141.671449228843,0.020724225483848686,0.0006112099855966346,1.4804850526289566,154.38161662157444,0.025706104039491997,0.009645210944970506,150,1.3895390064871544,142.48449725298914,0.02408658948807189,0.0005889489085347124,0.08100964243270792,1.057620992455033,0.0003923054445657402,0.0007561946216306621,1.1147680795757247,141.62034092633155,0.02057020916758711,0.0003133088911471302,1.481019059381288,154.45639913300923,0.025714604980285508,0.008211569131073215,150,1.3891342583670494,142.5058973512931,0.02410995349591675,0.0006785291165507122,0.08097471065177067,1.0525845023323956,0.0003836761134738376,0.0008479230424318037,1.114423160426232,141.67126636911541,0.020723228290710393,0.0003459339289399621,1.4805114868559175,154.40445449587767,0.025715065332665384,0.009535881349849706,150,1.3901052157149965,142.39404914571162,0.024151228250724046,0.0005786066637656938,0.081136512320355,1.0902065325020847,0.00040043669135631524,0.0008599295626184829,1.1147964170765734,141.52806169501133,0.020533780463241835,0.0002826261257685627,1.4815921872732012,154.78889583137715,0.025788258988847994,0.009386480124684635
processed_data_batch_66.npz,150,1.3834180783257273,142.4882188817546,0.024026728952663716,0.0035342428519318236,0.08360245702783993,0.27929598848204185,0.00012745194217266852,7.737798307943488e-05,0.9888404142265367,141.71871482925982,0.023620606349063714,0.0033787501782759684,1.4983036526820162,143.2811612032533,0.02434571271855344,0.003732545546165899,150,1.3834227735224456,142.48758071457874,0.024027157843969114,0.0008008720518525521,0.08360183585898587,0.27890106449355934,0.0001273088827167399,6.983927212264147e-05,0.9888327474876262,141.71245399270202,0.02362242591862002,0.0006448773100132362,1.4983320285869859,143.27683242508604,0.02434494027332159,0.0010039614441958655,150,1.3837554058861083,142.4729738016379,0.024029055751794245,0.00047985279962263353,0.08362106198630569,0.2773845360179424,0.00012405599942778787,7.303065203087689e-05,0.9891101714692753,141.70532062850097,0.02362681827491556,0.0003004065162438538,1.4986221566297675,143.25030538128314,0.024335335658552535,0.0007108470779790418,150,1.3833937303507098,142.4910649892189,0.024053493389573403,0.0005617052158857813,0.0836131235720864,0.2786418577935936,0.00012678277524391483,7.787261437537805e-05,0.9888368273966482,141.71556253628586,0.02364238081235135,0.00031835247981951885,1.4982653909435995,143.28389379914017,0.024364841621687207,0.0007848413770090086,150,1.3843883297559174,142.37990824712625,0.024092937471236874,0.00045241604999718014,0.08383671336469932,0.283832856718685,0.00013244813094719288,8.015487106686154e-05,0.9890768372728532,141.58452117045755,0.023700941500913827,0.0002562891302876415,1.499386697919913,143.18204496969884,0.02442030031015874,0.0007740583565763792
processed_data_batch_67.npz,150,1.3767760116612306,142.51735490054023,0.023996350085906996,0.0035520394453666814,0.08014572032316979,0.7725487722996452,0.0003302631333427488,0.00031121761689065843,1.107070166106161,141.53519954242316,0.021058040695174193,0.0033410090125498867,1.486729474845561,151.01808163711726,0.02548865571293098,0.0071802375854160255,150,1.3767807625648854,142.5166423250821,0.02399685271074503,0.000847001032109929,0.08014067890190381,0.7718203803819023,0.00033007943139831355,0.00045022795875120395,1.1070658980242714,141.53258668874938,0.021064346883898074,0.0006200790827293085,1.486711824890955,151.00485730504607,0.025492559170998595,0.005994824716892273,150,1.3771203068277005,142.50061524006372,0.023999981225715856,0.0005168740188572011,0.08014751690358181,0.7568057118595095,0.00032554005388220954,0.00035435138293385523,1.1074756705704152,141.52170960614032,0.021115948517856278,0.000322594170293259,1.4873101286111727,150.80562498489314,0.025478868020035846,0.004337656621593917,150,1.3767484117694793,142.52046004823492,0.024024000283802072,0.0006068558751242823,0.08015223120563228,0.7728388159414784,0.0003302429078449967,0.00045803173873568376,1.107052902872836,141.53630470035915,0.021070507039589046,0.0004049698117571241,1.4866810127028098,151.03093549899265,0.0255189986260133,0.005826511055561283,150,1.3777203237602773,142.41274777547292,0.024059300921982833,0.0005009221326291651,0.08042315835829127,0.8201076916836239,0.0003502908589353975,0.00043807234402361566,1.1076872412837155,141.4309841909966,0.02081604756113995,0.0003025576868061373,1.4878939598900227,151.51693667061994,0.025512255590927846,0.00539339738504313
processed_data_batch_68.npz,150,1.3896275266543276,142.48445600826352,0.023972675792140852,0.0035568671089648324,0.0903352157160332,0.6572542383900456,0.00023008271195081527,0.00031874074314730045,0.9560140499081756,135.24382043600014,0.023539240394340587,0.003280513370491126,1.4790320864020758,143.34074955885936,0.026080272667791882,0.007316477839456124,150,1.3896271066264618,142.48460089796,0.023972428164729966,0.0008279047049501376,0.09033676326931818,0.657236531094873,0.00023005427767312754,0.00042935375205815733,0.9560464077845342,135.24800699087362,0.023535740268418294,0.00064612406172056,1.4790843772803464,143.34588056470375,0.0260778961958288,0.005980744990671139,150,1.3899640642048017,142.46647667855422,0.023978252571305005,0.0004959559139253097,0.09039603151335159,0.658909754993683,0.00023234305234355802,0.0003075854957210891,0.9562084655705565,135.17248703401162,0.02358627723559568,0.0003448005790260313,1.4796487669165894,143.2656396143335,0.026166329478234475,0.004134135355929577,150,1.3896025644851853,142.4868554361559,0.02400049656260938,0.0005901382602102039,0.09034384604732398,0.6578253803626013,0.0002295790737035667,0.00042944957816438756,0.955995445125573,135.2294021299829,0.023573895685269564,0.00037910154078153616,1.4789773379971893,143.33230405977326,0.0261185198884123,0.005726008441213185,150,1.3906226860092321,142.37355652315208,0.024040337386184597,0.000477197535845011,0.09055535714828278,0.6738139001924162,0.00023788681373933363,0.0003885140160012744,0.9558223867778,134.9241933986453,0.023612302282792597,0.00027479154082057385,1.4804928681146916,143.23587458204028,0.02621075860413717,0.005103768878919998
processed_data_batch_69.npz,150,1.3822295664132227,142.4438110839939,0.023982532230382287,0.003605302356469021,0.09766709709619323,0.6512083038252776,0.0004110382027228199,0.000655544883613007,1.0139898355510164,135.44529730679966,0.023111581037218172,0.0033231928781642926,1.5020288704441365,144.2834025560592,0.028124330230444944,0.01006809618056031,150,1.3822309734482823,142.44361960626148,0.023982576233785545,0.0009081478093757497,0.09766400962579808,0.6513010359137602,0.00041082650009873005,0.0008833962202483035,1.013990980703371,135.44568231224576,0.023110766495099164,0.0006549595098735534,1.5020292387213223,144.28696394914297,0.028121466692302418,0.00938584512476817,150,1.3825921583908618,142.42486918458937,0.023987326653789817,0.0005834230441824165,0.09769789932960186,0.6571612039311877,0.00040746949979406094,0.0008762191601428506,1.0145007975226814,135.3596591808408,0.023167216590252823,0.000312016730637128,1.5020572519341817,144.32763547316918,0.028102958657006284,0.008868235745817547,150,1.382202848198488,142.44647422703642,0.024010725115683793,0.0006669045035497557,0.09767381395568578,0.6560912911673612,0.0004101321913457556,0.0009002169497822735,1.0139548773907938,135.39126691693215,0.023174242691537183,0.00039000491421108515,1.502101863471883,144.33528047011745,0.028145424834435398,0.00926596317956983,150,1.3832353784066613,142.33023769079614,0.024050484869823283,0.0005614180510626466,0.09791526391207905,0.6589829884533682,0.0004110830047435312,0.0009287818445141071,1.0140863309879435,135.24953649177078,0.023224382631764608,0.0002949619146625454,1.5034723334694629,144.16318764888476,0.028189874211789548,0.009402204745434415
processed_data_batch_70.npz,150,1.3789547116732743,142.4144252934047,0.02398515147561621,0.0035267113214288016,0.10247141166872749,0.31200436791249436,0.00015106948441425829,7.96116860873768e-05,0.9402689588077152,141.66001973629724,0.023508082025952518,0.0032728697499437138,1.4919537734637092,143.1362881578531,0.024343353776377027,0.0037082162811991055,150,1.378948326884796,142.4151519359236,0.023984886222969983,0.0007982464102511201,0.10247223762171773,0.3119017947390883,0.00015102126415179537,8.161168461403228e-05,0.9402660572916243,141.66506912794503,0.02350572607031129,0.0006122169976254644,1.491934995280731,143.13781681314728,0.024343033419997575,0.001114066857724543,150,1.3793360631946021,142.39409219169696,0.02399101987788594,0.0004822791619901701,0.10250633504840949,0.3105681124338187,0.0001507149064078314,8.680254088375864e-05,0.9406152064649677,141.61175117346053,0.02351402764609872,0.00027762891811372906,1.492350885613417,143.1198696280433,0.024355099536597147,0.000822273571469842,150,1.378935938930066,142.41610482633425,0.02401339704370083,0.0005628927114043443,0.10247394749576147,0.31173898356482205,0.00015006352022906076,9.641950556677593e-05,0.9403010599230178,141.6592860923715,0.023529742703745974,0.00032179500533893024,1.4919302561089927,143.14083081223248,0.02438007455699163,0.0009778396693816182,150,1.3799217157171628,142.30679897169742,0.024047887191171284,0.0004643394517321473,0.10271963619276113,0.32120174594954404,0.0001621749534773517,9.890234894416668e-05,0.9402682384395501,141.48477517862653,0.023550625433623032,0.00028150171530847773,1.4929846881416502,143.07406227447504,0.02444317909144579,0.0009212084989209965
processed_data_batch_71.npz,150,1.3906387391910584,142.5067677825444,0.02391421433953512,0.0035555529973625493,0.08659609591466484,0.3749432493907369,0.00018331038674327866,0.00024078697946774342,1.0241029780572346,141.54798861292005,0.02329692341159649,0.0033154201357538434,1.4918809014536938,145.09603043809483,0.02500480775676587,0.0062008514068795755,150,1.3906484110139812,142.50563481001146,0.02391480828039826,0.0008438521228091643,0.08659912975746903,0.375227864964557,0.00018317225457222344,0.0003595048400275016,1.0241074727439752,141.5488351541654,0.02329720172573165,0.0006572537630625696,1.4919071755563609,145.10168360322098,0.024999507616848857,0.004764841525449066,150,1.390960291806263,142.49248502518714,0.023916844402549223,0.0005222661732427949,0.08661693939814745,0.37535554191507586,0.00018325198939511022,0.0003530305194544035,1.024633532835796,141.4803667341185,0.023324900118361705,0.00033135665880741643,1.492280721123061,145.04597342293806,0.025040098739051928,0.004298825010521269,150,1.3906131761284575,142.5096235194392,0.023941876923113958,0.0006071724124600618,0.08660256161208603,0.37788858271780307,0.0001816757394796029,0.0003615637516571431,1.0240987060656295,141.54394342845816,0.023328080326776503,0.00035104105880834184,1.4918462439247993,145.16074996862704,0.025003730964485806,0.004515243107303682,150,1.3916363211959042,142.39562822219514,0.023980452263688008,0.0005004359161102007,0.08682061041027142,0.3712051488883054,0.0001912787942388554,0.0003888254767925902,1.0244096951017845,141.4451535865515,0.02333733100388058,0.00030103135583987514,1.4930678432712556,144.8543602979702,0.02518647024065751,0.004703044379179171
processed_data_batch_72.npz,150,1.3964505782356522,142.53327147758597,0.02395808588754882,0.0035321372878609645,0.08138827378411392,0.2840896244915052,0.00018530735524615571,7.862537267229016e-05,0.9922628424251365,141.65975443341443,0.02351779244120709,0.0032925433140198906,1.4956746293318843,143.22909422635422,0.025291008997765155,0.003817559041493719,150,1.3964530430140725,142.53295868276655,0.023958308580957356,0.0008015884901885813,0.08139053267958073,0.28365782682801705,0.00018510367188059111,9.406009442433625e-05,0.9922623402016029,141.65895225225748,0.023519616971964082,0.0006093277782003145,1.495644968312009,143.2244659880793,0.025290266853566327,0.0015269379853527119,150,1.396821108738761,142.51323063802067,0.023964107357241426,0.0004863182239204071,0.08142711591438609,0.28535630751287305,0.00018669227616772152,0.00010520207675925698,0.9925799174875573,141.57556807169752,0.023510532761445112,0.00033121970719498915,1.4961330132385857,143.1807044254554,0.025334239481415274,0.0013782454016809747,150,1.3964270789099773,142.53536814990963,0.023985913225950686,0.0005637925965271882,0.08139380739852876,0.28416174265486177,0.00018470735271768822,0.00010868102696029101,0.9922520833663376,141.65527771874818,0.02353816396666431,0.0003546260916135166,1.4956717464707634,143.22388611684428,0.025312206673688626,0.0013874096418558053,150,1.3974953652303044,142.41765670524174,0.024027767669530076,0.000456326150380969,0.08158784715380267,0.29017514718245146,0.00018999535320900156,0.00010810412458516648,0.99226208278808,141.49336789324926,0.0235791003248452,0.000281972826886136,1.4968688420639362,143.1020705853811,0.025377283068499252,0.0013364669746834936
processed_data_batch_73.npz,150,1.3894149692723974,142.42209886355033,0.024001237837378103,0.003589341299196094,0.08911142068411437,1.0455637565814606,0.00048476771744601047,0.0006230306182158249,0.9861053146829308,130.21729862800518,0.02205201266478471,0.003257470915575293,1.4906865508991451,143.37028511497206,0.028874392101494402,0.010906529211057248,150,1.3894192744149985,142.42156275804092,0.02400142603982101,0.0008927237976408607,0.08910698649148453,1.045750727025825,0.00048501778128140407,0.0008055396079788324,0.9861173732349453,130.2135730787573,0.02204798916626464,0.0006229938365073427,1.4906364605252476,143.36839091214696,0.028876595067517448,0.01009336790521451,150,1.3897937353618424,142.40486653480949,0.024004509121561823,0.0005766204608632275,0.0891461105154514,1.0163400207562732,0.00046421624525496487,0.0006767863821565482,0.9863045052501674,130.59308823432877,0.022071873705068367,0.00034633178754740475,1.4912031221072983,143.3614374475152,0.028558593696776716,0.007990273422653694,150,1.389389144559859,142.4244544788903,0.024028946279801778,0.0006581925839446246,0.08912024635465114,1.0465288558819175,0.000485283950575156,0.0008199147431445725,0.986088320483927,130.20757857784136,0.02209568615584231,0.00040290341250533856,1.4906990527623183,143.36951981915843,0.028915059046629568,0.009990353178769453,150,1.3904173138821398,142.30924070249506,0.024070228908745436,0.0005519889447871279,0.08931447948388155,1.0758569037802534,0.0005018470390574307,0.0007734410843926832,0.9863598664393991,129.74246912908686,0.022105359968901967,0.0002906209736579576,1.491731815448005,143.27586917761738,0.02917277759839439,0.009234825824411397
processed_data_batch_74.npz,150,1.3901900171241148,142.50225420675045,0.023938397611819522,0.0035320328468262073,0.09406349291059934,0.2881261006070312,0.0001596079581473294,7.897790156399734e-05,0.8381277300376523,141.72078967763235,0.022789294368877187,0.00328824280209165,1.4932258043951336,143.24293362936035,0.02423604223676677,0.0037127128843569817,150,1.3901889375916419,142.50235125431098,0.023938415690666938,0.0007879215352433024,0.0940625452555225,0.28775883889068515,0.00015925364067722708,7.209920175784691e-05,0.8381333631866064,141.72648586342316,0.02279021943134257,0.0006211886412406583,1.4932467368521685,143.23734919302987,0.024238472356562204,0.0011593094590090815,150,1.3905221355997197,142.48681663791731,0.02394249199640743,0.0004666363959555271,0.09410300338027262,0.2880576728693477,0.00015962657178845307,7.676441670795746e-05,0.8382987702881963,141.70005138325686,0.02279924556154862,0.00030925448785189063,1.493430567378498,143.25146242823254,0.024244406764831614,0.0008538012014399733,150,1.3901642327004458,142.50459701440738,0.023966937229789455,0.0005457053958396971,0.09407132887224441,0.2878670105606649,0.0001589098306255232,8.611731791099408e-05,0.8381525495125588,141.71968811268695,0.022822909894934386,0.0003555660080723491,1.4931627797454345,143.24549415698527,0.02425405845632192,0.0009550789651031234,150,1.3911887041797817,142.39289919170375,0.024003339271817824,0.00044239063675545107,0.09430875799446167,0.2972613090361923,0.0001679154647637751,8.241237015544674e-05,0.837813744978473,141.58177944217914,0.02281014846300377,0.00030076017675977523,1.4946065804212778,143.14884036356452,0.02433245951524887,0.0008728101028653071
processed_data_batch_75.npz,150,1.3857965518520496,142.484739716299,0.024040474175517842,0.003600062385662556,0.09985420101591225,0.616988612890733,0.0004329755127595959,0.0007581771918611299,0.9878562396788254,135.8279999146168,0.02135442984039208,0.003290438250707228,1.498377692777317,143.17335799093786,0.027066018253099722,0.012502619721252073,150,1.3858004922290916,142.484260134259,0.024040697593844473,0.0009105696903792635,0.09985360345568386,0.6182541742171296,0.0004329445955122742,0.0009557049721055063,0.9878726280320063,135.81014046401722,0.02135303841148225,0.0006454223444988375,1.4984396608289872,143.16998901963103,0.027068857620654137,0.011760494503370848,150,1.386171021431135,142.4647367425837,0.02404648121204092,0.0005990882484657563,0.0998795870370239,0.6217764470482288,0.0004312801334485598,0.0009380100554918983,0.9883193173521063,135.7474221323949,0.021346114568702643,0.0003649976138108424,1.4986292514361872,143.17161276288462,0.027058468608584938,0.011131414331373178,150,1.385779487813231,142.4857213617475,0.02406938490901704,0.0006798675643646714,0.09986154883802097,0.6220445793091928,0.00043217479599512367,0.0009647287391147855,0.9878393462446926,135.7567355285187,0.02137227026722116,0.0004075432244235937,1.4983478584243373,143.1885027815679,0.027092487860295424,0.011579388036806162,150,1.3867790622490968,142.37570911566863,0.0241062469423494,0.0005788783496355705,0.10011385263252073,0.618444471544893,0.00043496246924474983,0.0009874422626697512,0.98770976936441,135.73397765538581,0.02143296406422046,0.00031352834647626314,1.4994628842854607,143.03069394980605,0.027160615487065023,0.011731239313299321
processed_data_batch_76.npz,150,1.401849308151474,142.4956639797855,0.024079112994463886,0.00354013645819826,0.07616522996374019,0.2972671693761583,0.00014976178416515533,8.152362305212977e-05,0.9815050340441326,141.71582985933608,0.023593985646927433,0.0032950674889686117,1.4972892280434602,143.3204726267209,0.024453956521714282,0.003742694211694182,150,1.4018507560768951,142.49548497209656,0.02407919753568687,0.0008005576839280208,0.07616531003739113,0.29749035673194507,0.00014986737535401632,7.425728371127929e-05,0.9814841087628355,141.71434460667368,0.023591520692273615,0.0005898987427791981,1.4972930806217337,143.32463715016078,0.024455468994024874,0.0010138321931784247,150,1.4021963575336178,142.4792964448992,0.02408278065333363,0.00047887606224105393,0.07620287831057003,0.2957726380005409,0.0001479594899213164,7.478002987738123e-05,0.9820887503117507,141.67190987266488,0.023606332505883686,0.0003227241681518618,1.4980191475657643,143.28849154182905,0.024447967321498176,0.0007167348716187857,150,1.40182495860618,142.49810791454556,0.02410648978050664,0.0005645100019863303,0.07617281849705754,0.29610417990261456,0.00014875362114725454,8.520113222062575e-05,0.9815233400524389,141.71385458078313,0.023627195833320333,0.0003588839401389412,1.4973025387194288,143.3212262151341,0.02447241571972283,0.0007976575100156122,150,1.4028828335373573,142.37975618843956,0.024151096954469136,0.00045707812797058007,0.0763680401219803,0.3007261010033122,0.00015325602048124476,9.342411371001064e-05,0.9815544133795624,141.55067280280306,0.02363150488297858,0.000287658615545208,1.4985133254796066,143.24174198022695,0.02454077554988272,0.0007885835745521581
processed_data_batch_77.npz,150,1.3889803468941022,142.5225044732011,0.024098673931618204,0.0036007201581544387,0.09355221713783594,0.5611998646370887,0.00046218606390165617,0.000548905275140909,1.021483991923484,137.26295007818496,0.0226868274460437,0.003240396195776969,1.4825798162582406,145.19821209260695,0.028816496768957985,0.009610475825732823,150,1.3889841821346813,142.5220476040539,0.024098969908434922,0.000882647356717994,0.0935552843935482,0.5614354148415455,0.0004623198910473964,0.0007416379168211172,1.0214480799528265,137.26154174254015,0.022687513602321744,0.0006209389829990776,1.4826033231515585,145.19653283376908,0.028817094315525243,0.008924037256395753,150,1.3893370565837708,142.50282352102573,0.024104203838113826,0.0005602649547185087,0.0935888647651604,0.5685468352802225,0.0004627675817222799,0.0007237213720005509,1.0219631435572243,137.17773459238785,0.02267996192813916,0.000304951857988568,1.4832527314407848,145.2425224723443,0.028796725768359385,0.008680834482378339,150,1.388956508108115,142.5252555248486,0.02412569071657172,0.0006453780631259973,0.09356052354256536,0.5638666468093783,0.0004619674434715794,0.0007576195887125679,1.0215036358637206,137.24924088075147,0.02270490049057899,0.0003855069069438605,1.4825810152810193,145.25512368398313,0.02883749691357263,0.008841273327613487,150,1.3899787219301558,142.41247630225217,0.024165097998872734,0.0005398804609743485,0.0937886988075874,0.574823238483237,0.00047139765539328725,0.0007728650022872051,1.0218563908830698,136.9484745351997,0.022749422092717197,0.0002823392047272914,1.483795612131936,144.990358830002,0.02895666383740712,0.00901047750003512
processed_data_batch_78.npz,150,1.3920128848053144,142.52495106911675,0.024117804180129595,0.003529365262422653,0.08760208708960296,0.31690260786252383,0.00014886684520663297,7.55618341939731e-05,1.0210978046345196,141.419924699533,0.023744077658979356,0.00334207908461625,1.4861149578898494,143.22885248075647,0.02450319450877845,0.0037187240437874538,150,1.3920151367312754,142.52466318867044,0.024117914646709468,0.0007994298344238776,0.08759951532401193,0.31726050502423786,0.00014916124574490704,7.273161595238051e-05,1.0210919403438232,141.41660559922292,0.023747137297624826,0.0006382554756099323,1.4861422143212057,143.23009635750984,0.024508113004659993,0.0010824543149481054,150,1.39238237495991,142.50658084013983,0.02412197207026349,0.0004777667822338,0.08761310759342933,0.318953533605109,0.00014827527543981377,7.656688637972052e-05,1.0216051134839583,141.44894926621694,0.023759340755551625,0.0003161565573489732,1.4861157104944407,143.21554672934798,0.024514849697545797,0.0007183755669741524,150,1.391989555328875,142.5277176049196,0.024144605362625644,0.0005627764975268649,0.08761062076374426,0.3164045301257993,0.0001478597959620833,8.165751143060234e-05,1.02109309766705,141.41488066009907,0.0237764437674152,0.00035556897308448594,1.4861062050621698,143.23156662427408,0.024513047893211,0.0008122728892696875,150,1.3930437847207466,142.40838968226703,0.02419068321416764,0.0004555242276409581,0.08782942560276683,0.3203651381905756,0.00015358678358466175,8.594410632245472e-05,1.0213149046945016,141.283962050598,0.023790075694957967,0.0002800283389003211,1.4872258740531266,143.11379426599765,0.024602355477164554,0.0007966312924263012
processed_data_batch_79.npz,150,1.38543557276794,142.67991318239865,0.02405255921566848,0.0036502543578216355,0.09290085982102467,1.5940922838205411,0.00048587644577685146,0.0011964019503141105,0.9462777108687664,140.79290759304803,0.019285268146152945,0.003296688164916985,1.4943824187964494,160.96397450569728,0.02443871209447666,0.01779826428188352,150,1.3854337881021126,142.68008576823303,0.02405238328609239,0.0009548012762190879,0.09289319781878694,1.5940971033201838,0.00048569175481544627,0.0014023624870468795,0.9463312110689402,140.7894286996427,0.019287477916237635,0.0006389634183259108,1.4943678283020392,160.96249976204354,0.024440235048721125,0.017156815280134016,150,1.3858197508329317,142.66407831233823,0.024053735306933728,0.0006250464210158855,0.09296892658547279,1.6373864278860015,0.0005231606682771814,0.0012219494935887686,0.9462915145782936,140.74444186262215,0.018758154979551092,0.00030613671027084977,1.4946634610195257,161.48688567842586,0.024458026904600156,0.014598425173673005,150,1.3854139286775102,142.68314071179924,0.02407886366395033,0.000720859209109495,0.09291537099861,1.5995955475945207,0.0004896363974858476,0.0014119556117958732,0.9462514163527406,140.77472511970996,0.019246648797086353,0.0003898409042875158,1.4943492912752618,161.03397751809308,0.02447120559138818,0.01700313261223464,150,1.3863714119445898,142.5738613062932,0.02411911629725284,0.0006136990499677397,0.09314995721332714,1.637259176740117,0.0005046078800855243,0.0013960329942387724,0.9461730807095087,140.72648332402449,0.01914286919593519,0.00028794347155606663,1.4955169770981491,161.31900258875217,0.02452767105564,0.016691136406889972
processed_data_batch_80.npz,150,1.3969641038684646,142.50251360692735,0.024111757897203143,0.003539748658647517,0.07646681010488068,0.31156176068639063,0.00015395741258996117,7.485178567569915e-05,1.0658858835821632,141.90648028894498,0.02374059388942349,0.0033354793553338224,1.4875525211180236,143.42759519163042,0.024508826744320207,0.0037072381853955733,150,1.3969670726253336,142.50214013031518,0.02411198502314566,0.0007940968740423475,0.07646647443583783,0.3118213812437533,0.0001540460852351591,7.600741583947981e-05,1.0659265306043038,141.9059355706829,0.023742664898569375,0.0006499405611443156,1.4875780562829866,143.43003926194538,0.0245108988119044,0.0010442860253551936,150,1.3972897429580053,142.48767829268883,0.02411553893706855,0.000477032876431484,0.0764725198066443,0.31052052055506096,0.000154025657320799,7.934399987880188e-05,1.0662359738421885,141.87642025892444,0.023725800667914448,0.00030290306730266397,1.4878168328908892,143.41470692868418,0.024527186913656934,0.000724328288650321,150,1.3969418976947383,142.50440883118333,0.024139650480236686,0.0005600584467848811,0.0764754269851139,0.31076731029483107,0.0001535235188763261,8.942591635649068e-05,1.0658629508115947,141.9083443073964,0.02376963355257668,0.0003634663154658221,1.4875194155338591,143.42537153458983,0.024533506362957147,0.0008644661181830906,150,1.3979747601958135,142.39108471113576,0.02417876366483974,0.0004500594791827645,0.07666798286193513,0.3174000288410596,0.00015855122098576275,9.154881887879169e-05,1.0661110012888302,141.79946715084162,0.023794105872165017,0.0002802261969244796,1.4885952221484788,143.33076082947073,0.024591828874543482,0.0007499146673514986
processed_data_batch_81.npz,150,1.393849622910626,142.4955457899295,0.02410414797551909,0.0035800336054556147,0.1028402800818593,0.3754384887410613,0.0003566189776755424,0.0003443978924532722,0.8605517775021758,139.4231741739624,0.022458060339220206,0.0032728187106468147,1.5047846935143607,143.25275055683534,0.02704556130568475,0.0070365241614509695,150,1.3938481350189917,142.49578398637874,0.024103834722868863,0.0008606173302729409,0.1028379672170805,0.3754049848534183,0.00035646849982711565,0.0005252473691945711,0.860608023908727,139.42485654251462,0.022457314640536696,0.0006138194994422316,1.504767822232793,143.2556381461705,0.027042075380395922,0.005967129606329034,150,1.394195002755178,142.47844591168396,0.024108819311703448,0.0005395551894029245,0.10288608850909575,0.3770910899546861,0.0003566587262285776,0.000536125255199661,0.8603110125480313,139.35475810814626,0.022492118071686405,0.0003153848748358092,1.505148149746771,143.22838243567534,0.027072238138112294,0.005656456248376433,150,1.3938251823391696,142.4978592798983,0.02413210957790854,0.0006240175692522825,0.10284564173915559,0.3765578447569106,0.0003568437268747225,0.000540404947681394,0.860536174185971,139.40028380302965,0.02250079432794193,0.00033770729251275856,1.5048055296576783,143.2719546192566,0.027085579080819773,0.005843783356644005,150,1.394844365693064,142.38579297368142,0.024171362795363784,0.0005161456572893029,0.10309934122910935,0.3771612523509945,0.00036448723730572323,0.0005600893878463051,0.8602456764397727,139.3374077088932,0.022510371550789113,0.00029827426769492814,1.505573762135303,143.11157244057313,0.027164989741550353,0.005906692833040639
processed_data_batch_82.npz,150,1.3821410556586367,142.5442065042456,0.02407890022071913,0.003521923543130172,0.10584840834693082,0.28696935508746685,0.00014159598599660102,8.176318913775934e-05,0.8986495479854145,141.82738456777474,0.02354623792839059,0.003297354755063467,1.5143059791023046,143.46464698069934,0.024494809307813756,0.0037083180048184047,150,1.3821445758323876,142.54383559468633,0.024079067633584254,0.0007951717054009753,0.1058519622095771,0.28661240741626043,0.0001417192746908895,7.506519023112008e-05,0.898620594501583,141.82779676023122,0.02354638489459231,0.0006524033436078018,1.5143551229633245,143.4637815285771,0.02449496446108151,0.0010607572509735831,150,1.3824981602398811,142.5260359033163,0.02408332932586444,0.00047192445594982995,0.10589077957800716,0.286039818863865,0.00014045249914499414,7.293338061271074e-05,0.8986923000197211,141.81385115075304,0.0235777681145803,0.0003227275160699169,1.5148789300324383,143.41890958100058,0.02449243574122695,0.0007307342911183619,150,1.3821175256367781,142.54622972340138,0.02410697601576052,0.000555645546094985,0.1058502893846208,0.2865576005640158,0.0001409627694807279,8.549400394136297e-05,0.8986783985368054,141.83055365638387,0.023578105756860358,0.00036799346016107206,1.514318453372137,143.4628642565718,0.024524741818245616,0.0008354829829355189,150,1.3831363598388906,142.43145430240284,0.024148989181668887,0.0004457540497850169,0.10610235812929401,0.29429207113715833,0.00014664530763149332,8.823473667250893e-05,0.8986551160545087,141.68999375814337,0.02360998017516238,0.0002883289764693093,1.5153408926469876,143.369062152793,0.024560099746749022,0.0007935643629317388
processed_data_batch_83.npz,150,1.3903420955006387,142.61211462164235,0.024076501549902995,0.0036172336532937135,0.09089012863423751,1.456007403653814,0.0004184751799365381,0.0008325952429807741,0.9800840663050157,141.5128239989782,0.01931548049762125,0.0033229719979621024,1.4902991235132506,159.93170275778118,0.024454035134888023,0.013700948339801674,150,1.3903418688328855,142.6121286714011,0.02407643566730996,0.0008816009705003587,0.09088749467228649,1.455840706624884,0.000418284445245975,0.0010002398666224765,0.9800868792034091,141.5094234092565,0.019317463281049746,0.0006584066638524299,1.4902750297829772,159.92958803779786,0.02445306953265614,0.013021931503389716,150,1.390723789082654,142.59327910924083,0.02408047980462812,0.0005516597238718196,0.09089655074881148,1.4727831191332157,0.00043697619242806404,0.0008680030896785561,0.9805442071361606,141.51225329746438,0.01907329651481515,0.0003240829910729565,1.490957786069237,160.1281248634689,0.024461688113761582,0.011069686849259342,150,1.3903240733169757,142.61434341159915,0.02410403122458477,0.0006455250574966594,0.09089524336114924,1.4621518346054165,0.00042368904429262495,0.0010050094228739247,0.980068299601091,141.5162139837036,0.019277740957498953,0.0003713138187739045,1.4903040755557597,160.01136202741313,0.024480583084255946,0.012831957501082862,150,1.3912997117179118,142.5052675407048,0.024143089375143503,0.000554083646374875,0.09113093843195132,1.4853640256060507,0.000431613060068622,0.000996089185698636,0.9800128091015344,141.33854708986348,0.019221779079430772,0.00027896415905838493,1.4914792123753269,160.17018488275767,0.024537728108801258,0.01262601078595313
processed_data_batch_84.npz,150,1.378504099479772,142.4988609226535,0.024156578620803906,0.0035327083293505562,0.10698841327089938,0.2837126035439694,0.00014916786420207678,7.760824065790049e-05,0.9850235851609594,141.75512861463062,0.023738301173421725,0.003315550372476118,1.506697635137678,143.24914108624552,0.024553839876471074,0.0037033638075303983,150,1.378512811684329,142.49782870918986,0.02415707738010793,0.0008029776349074314,0.1069899021439056,0.2834051979661778,0.00014914582258307942,7.339516201344008e-05,0.9850208917458138,141.758617576158,0.02373736137611059,0.0006346552585793572,1.5067259411027392,143.24644084748047,0.024551991254613412,0.001039046095751257,150,1.378874996661976,142.47769865395412,0.024162348090062735,0.0004827958915676573,0.10700753084442476,0.2854926388881706,0.0001497718752603236,7.942096906905443e-05,0.9853489670986694,141.71936958303533,0.023738937271737797,0.000320546988899046,1.5073839202636246,143.21210265943043,0.024587179481951472,0.0007332591088627197,150,1.3784808961079242,142.50175272206823,0.024183657245251018,0.0005647984808239281,0.1069956966015797,0.28370945983555623,0.000148879755580308,8.313339764554742e-05,0.9849825959228234,141.7566011699354,0.023766176978444135,0.0003762484578620416,1.5066884196596761,143.24852333325677,0.024588741193089778,0.0008460257704312306,150,1.3794667600034793,142.39037454583521,0.02422289461588579,0.0004605938983145066,0.10725195360658382,0.285443310293796,0.0001520654347307574,8.957069658616894e-05,0.9849900969191366,141.58218494738747,0.02376550012080359,0.00027366383516168747,1.508167043291593,143.16741171546695,0.02467060781307867,0.0007760857036349266
processed_data_batch_85.npz,150,1.405504277095827,142.52770624085383,0.02417791081853965,0.003550070510228928,0.07859681121725275,0.32674830299293234,0.0001801788512544306,0.00017181833575953927,1.0190122072970456,140.12120611312642,0.02378794226545981,0.003335131464382424,1.5162907684605134,143.21471900921534,0.025610341784903786,0.005432683633588707,150,1.4055070931934261,142.5273993390509,0.024178045279115434,0.0008193698993177893,0.07859946292420421,0.3267643431854278,0.00018039891336427968,0.0002622618701306573,1.01903054166288,140.12266487260922,0.023787031384446947,0.0006326352367070125,1.5163487810587344,143.21888753969475,0.025613615965511965,0.003839291781485289,150,1.4058721371236582,142.50764120295892,0.024183724430571343,0.0005024717668602788,0.07861219034633601,0.32942247837515687,0.0001811476027257866,0.0002583080626262953,1.019438710863691,140.070337465405,0.023784281964259062,0.0003199724226764441,1.5166156304669272,143.21717518966489,0.025614809564644462,0.003400920482404571,150,1.4054834203143352,142.53009301343917,0.024204591074272315,0.0005853864223685475,0.07860300212721091,0.32694676382685406,0.0001795737574224182,0.00026754527595760117,1.0189890898375544,140.10942526791544,0.023812032208164965,0.00033242493370628433,1.5162730375409434,143.21372423791735,0.025635368562135205,0.0036225651626254963,150,1.4065363561961317,142.41297346412475,0.024250401093802925,0.0004744135669365777,0.07877924721229719,0.32979725215465744,0.00018279439632734002,0.0002768707766580898,1.0192500774225428,140.00193645064064,0.02386239709231292,0.0002893170647529063,1.517353843438951,143.09762258233621,0.025670768887233568,0.0036158081606345715
processed_data_batch_86.npz,150,1.3888385829324874,142.76093336230508,0.02413804798016968,0.0036150015474565845,0.09920722666446677,2.1802145817675846,0.0008272603790749335,0.001085713248910663,0.9846541428846918,141.74048059332765,0.014272935455634172,0.003345350994919896,1.4895653755628668,169.07083377671654,0.024753948908474308,0.01678998529747967,150,1.388839973983869,142.76076314573163,0.02413804522006319,0.000899553950870273,0.09920775536767223,2.1783236660892316,0.0008265426435454812,0.0012685592685240167,0.9847566421611653,141.73543008471358,0.014281871705996993,0.0006283293680916534,1.4896121945081309,169.04821464412308,0.02475606698638832,0.016305404716120343,150,1.3891814923067576,142.7428460131173,0.024141644357549782,0.0005639704135151351,0.09913446863229704,2.13092433157201,0.0008120895508722306,0.0010347729243757285,0.9882448325661222,141.75414703608814,0.014459029440925229,0.0003379767552002506,1.489883841578798,168.44987826133388,0.024749679093727318,0.01311792364590453,150,1.3888201359189976,142.7630408101658,0.02416486243649414,0.0006619287755791196,0.09918929929702089,2.170811318451582,0.0008250446016256046,0.0012626603047640227,0.9855846934383822,141.74063853246466,0.014326997753032224,0.0003703802177028692,1.4895597950044435,168.9578679827626,0.024782113643128583,0.015990312443046533,150,1.3898444308876832,142.6484076175906,0.024209350162741592,0.0005424173199358783,0.09940667818970214,2.1711716351490233,0.0008288745903987063,0.0011543815643291783,0.9864404214681323,141.58004662714808,0.014346122248655226,0.00027608808464502923,1.4906674867779737,168.8349094625978,0.024796455538207564,0.014545627015387601
processed_data_batch_87.npz,150,1.3929578686027526,142.4939521669019,0.024204418513509973,0.0035397660888692828,0.08625363306395259,0.31274961672133805,0.0001998715756136084,7.552442696773037e-05,1.0118148890190293,141.69480689665738,0.02372263102163618,0.003298281011918167,1.4883458589733947,143.2507193368537,0.02556662475268524,0.0036973895757042544,150,1.3929610238241978,142.49354827424202,0.02420458863736074,0.0008097315598646623,0.08625035761283957,0.3122915519374096,0.00019992519861790703,8.167863388229758e-05,1.011869129688736,141.69932913257625,0.023724353847076253,0.0006532800738559038,1.4883516531141172,143.24174881167747,0.02556893739316417,0.0012788000535802588,150,1.3933021427351227,142.47859547204504,0.024206441314530543,0.0004939218494272457,0.08629422070782186,0.31149458879264663,0.00019822621202436404,9.960267993486998e-05,1.0119588216617235,141.6574094995619,0.023713616413465196,0.0003158605405274615,1.4888644948513743,143.25577014244524,0.025537219160390614,0.0011234591871380915,150,1.3929321823578285,142.49746112746254,0.024229882142489,0.00057408635956835,0.0862652136063157,0.31227961195083975,0.0001996206559771039,9.537509439600172e-05,1.0117474021509991,141.69573054036692,0.023745177665613935,0.00040497741631068725,1.4883633618235512,143.26142691250425,0.025598503550924367,0.001122897753129222,150,1.3939720179292159,142.38016252452005,0.02427533045395175,0.00046508288616413075,0.08649985964974787,0.3208697090243549,0.0002047589976313669,0.00010514942547150055,1.0117343348103685,141.56297998941227,0.023745741102854344,0.00031300734125093817,1.4896757481907383,143.27162385387953,0.025623187634896287,0.0010660322247938827
processed_data_batch_88.npz,150,1.395866342520541,142.53085355688273,0.024208348091795517,0.003597513968825636,0.08457437548228892,0.5905062880780592,0.000384814576809228,0.00047504392808015046,0.9884891705421835,140.9975109065914,0.021363426888567,0.0033229472200598425,1.487410538140549,148.6045702463283,0.02636118868931714,0.008763064432707256,150,1.3958647144743175,142.53105568688164,0.024208282034512064,0.0008929975578289786,0.08457495393181629,0.5921831012596814,0.0003847465354879637,0.000645552947559385,0.9884687597430253,141.0005120755076,0.02136271833657617,0.000643756509309496,1.4874473951387337,148.6293790550348,0.026359192372042914,0.007306389772328844,150,1.3962324906566925,142.51244864787566,0.024213005709946715,0.0005839646359004406,0.0846061997703072,0.5968269796904903,0.00038601458279110656,0.0006321171219226333,0.9890018433487221,140.97224375987395,0.0213559684161693,0.0003463158590618941,1.4879886879806805,148.67453829677908,0.026382532444042605,0.0065421363784850415,150,1.3958467165136639,142.53339720435372,0.024235017494462833,0.0006615997439472844,0.08458343705289441,0.5933840923036756,0.00038500561292804697,0.0006604545996857816,0.988489374088106,140.97886232524868,0.021386805301948426,0.0004068260586076365,1.4874309752564725,148.64478889371804,0.026398861390051605,0.007157387899291253,150,1.3968797703162954,142.41643508414307,0.024279827955494982,0.0005600340063203446,0.08477168495979023,0.5959637613472496,0.00038645723965808444,0.0006841533444186831,0.9885206004971974,140.94182016987125,0.02140432444325763,0.000310612239452542,1.4885645090535153,148.57906715860085,0.026437517802779892,0.0072995428061793845
processed_data_batch_89.npz,150,1.400895497684002,142.57537085508645,0.024148694845097858,0.0036407171960129905,0.0926459504921264,0.8602093128915597,0.0003866133982954808,0.0008608578098770791,0.8915525663146237,134.33298198930123,0.02112600181761637,0.0032582504137850642,1.503731373474042,147.97293353378316,0.025712109328127276,0.012995104782043479,150,1.4008988346569238,142.5749685853191,0.02414894077698461,0.0009262175006253463,0.0926481982396245,0.8593257874369294,0.00038669988269285165,0.0010680512584407883,0.8915373574479191,134.33809013313544,0.021120601657970837,0.0006153954500603663,1.5037419262724931,147.95985589464607,0.025709838732218892,0.012372524340835985,150,1.4012281471592958,142.55982106920598,0.024151842403956583,0.0006053831642476395,0.09267808111523707,0.8608352825491178,0.0003852596709415657,0.0010329009711600725,0.8917918464711823,134.28075053759943,0.021140049509228303,0.00034317204519218624,1.5039153473393856,147.92987433923804,0.02574224560056962,0.011936981093025776,150,1.4008791416229813,142.57676116585998,0.024175849555726273,0.0006935522587855395,0.09264881531109762,0.8645564300486324,0.0003841815323450331,0.0010832064827899918,0.8915985182524027,134.2425874709376,0.02118524181784472,0.00039520715453159765,1.503711770227993,147.93964326357312,0.02574403433969861,0.01224082976961845,150,1.4019137674801907,142.46364646584857,0.02421766935333986,0.0005808586598772075,0.09287026309576522,0.8623097715851042,0.0003914728437098572,0.0010522402664497705,0.8915415525084569,134.23435498250893,0.021201039998441803,0.00032000696975108554,1.5045485421915408,147.89473385495236,0.025812490479081837,0.012320147665608214
processed_data_batch_90.npz,150,1.3968978852498144,142.60301918549513,0.024237413272820876,0.00361748431801668,0.09155241670324003,1.0946034992288067,0.0005383498441449652,0.0007995694512470341,0.9274364584749273,141.72071960790979,0.018619228615765992,0.0032630211237058755,1.4941666744353075,155.42446606685695,0.02668174407133274,0.013223343183694185,150,1.396900914154799,142.60265973221902,0.024237628219771098,0.0009004565371124603,0.09155239261483054,1.0951124140812774,0.0005385847505339579,0.0009827329227883091,0.927411421754208,141.72056243830463,0.01861658823513317,0.0006534984909417572,1.4941619153769787,155.42860995242194,0.02668101570866741,0.01258462947839543,150,1.3972528150285701,142.58494058190794,0.024242447925869458,0.0005755474721793346,0.0916266580977478,1.085657376588138,0.0005267839296242101,0.0008287368941095155,0.9277418930107543,141.70418537829627,0.018774818766026085,0.0003125892008487824,1.4943031216983642,155.30786512628433,0.026673086252553387,0.010263574172892937,150,1.3968770381671256,142.60578547409563,0.024263679598335613,0.0006640923534869943,0.09155374225369253,1.0922756470351127,0.0005379191103616957,0.0009779377080545968,0.9274448799589537,141.7272427337643,0.01865205188970101,0.00033728983459654113,1.4941122870671009,155.40185250830058,0.026714389046084364,0.012243396402298275,150,1.3978782953864268,142.49540095943027,0.024305109143806385,0.0005492610123949431,0.09180306926969399,1.1449572920219782,0.000568305365522885,0.0008316363217710276,0.9272604724387872,141.6212855751293,0.01828286587049617,0.0002729365135366924,1.4954621719909884,155.93928842325423,0.026762154572227623,0.010269143716354592
processed_data_batch_91.npz,150,1.4003179688759735,142.53337360201118,0.024286162412272157,0.0035473429600022827,0.09037738531985456,0.31191339159022397,0.0001662071594984674,7.019040973215649e-05,0.9440678793403712,141.8259487427227,0.02356372768282554,0.003423212462521147,1.4987850467406605,143.49464239412615,0.024715399279895998,0.003903972000646173,150,1.4003167268650694,142.5335921279205,0.024285974485558654,0.0008098574158554259,0.09037938924976685,0.31215588486318346,0.00016648983237286963,9.72058578580515e-05,0.944035576737395,141.82226404376829,0.023566043688832274,0.0006705975496824556,1.498794298520933,143.49791026611743,0.024713992064896544,0.0016569122270277841,150,1.400658208935212,142.5178191021339,0.02428855685124094,0.0004923707712457861,0.09040660869149451,0.30899452933809596,0.00016367124505726617,0.00011043071700817977,0.9442057490510699,141.81821667703758,0.023548910523882003,0.0003551564343756679,1.4990726415267022,143.52356317789867,0.024706571288953056,0.001472892713003541,150,1.400294942984468,142.5364428372878,0.024311403007983828,0.0005786677592134824,0.0903817710349284,0.3112406656726082,0.00016584535210482262,0.00011266203493549636,0.9440835722854561,141.83811117610688,0.02358254426499382,0.0004234639609868157,1.4987790590696064,143.50046168226172,0.024737085414535044,0.0015330642656099214,150,1.4013508240810846,142.41759745854117,0.024360289213719286,0.0004654515817213582,0.09059613949281303,0.32011614966532304,0.0001725158499769782,0.0001270407730956453,0.9443433381223105,141.692603788439,0.023652927207949453,0.00027795306958347836,1.5002888779050356,143.39005938516348,0.024782922293082273,0.001584811814282677
processed_data_batch_92.npz,150,1.396144859144531,142.4588445633319,0.02428280077109447,0.0036419657335031836,0.0848247457874415,1.7072820009534804,0.000727188795840863,0.001073115330184205,1.0352849328552332,141.1999104518086,0.016156803873108708,0.0032847390608482783,1.5040835413372438,162.82559215264374,0.027160390488960424,0.01645786700501266,150,1.3961452710508482,142.45877863359735,0.02428281064631804,0.0009331088813144963,0.08482066835349818,1.7083507021669735,0.000727872241306162,0.0012533879041996777,1.0353070614310869,141.19348434656453,0.016149364644591872,0.0006359107751134883,1.504129183818144,162.83680811492007,0.02716189188738982,0.015701798212453568,150,1.3965074976631373,142.43588858211302,0.024290323467619127,0.0005873396446981399,0.08485141838104697,1.6437447351180936,0.0006777091670995447,0.0009650827889266979,1.0357691665245927,141.23218361009384,0.016808883535624288,0.00034123300923208567,1.5041430346710087,162.01204065760442,0.0271340124846027,0.011650933593015082,150,1.3961238708036623,142.46278348491992,0.024307463917561372,0.0006997937663710431,0.0848365944753523,1.7081025177248315,0.000729523112509699,0.0012621237496779315,1.035247777218874,141.20781699991795,0.016148471025008524,0.0003488060806145277,1.5039845138507182,162.84045717388415,0.027182623091436948,0.015536482178693318,150,1.3971010371014718,142.3528442599413,0.024351199668002567,0.000589509025034158,0.0850125420537932,1.7886317736166215,0.0007774144377630258,0.0012173473597668555,1.035331975431141,141.0405304139075,0.015588762653204009,0.0002999592333889918,1.505446549634314,163.72324400439862,0.027276215701340686,0.014802263517949953
processed_data_batch_93.npz,150,1.3949748222916356,141.63784573928788,0.024323156579435838,0.003542286726574015,0.08087635385756832,0.3112481095454434,0.00015134112548348822,8.347893022498153e-05,1.1007679001478528,140.91038538491392,0.023974486906174795,0.0033802891700597,1.4973256460627071,142.5438321010369,0.024686708769069674,0.0037872117699804552,150,1.394969321974125,141.63851665072434,0.024322768304108996,0.0007943102718827436,0.08087623465253746,0.31088736632621733,0.00015124684534323907,7.093462034145783e-05,1.1007270013812445,140.90981239947902,0.023973369882873546,0.0006518170600903962,1.497382884272822,142.55028849010168,0.02468929699271841,0.00100347386711499,150,1.395307282594878,141.62395660587634,0.02432355197528164,0.0004745400792200168,0.08091764113802852,0.3085899979615946,0.00015067639934685233,7.526155172664046e-05,1.1009263541406897,140.91996752868425,0.023955664018558177,0.0003261938119374389,1.49804491135245,142.50460718274508,0.02468478258545608,0.0007167482607925819,150,1.394948361867163,141.64240461408676,0.02434786362799367,0.0005573051921028059,0.08088491486063669,0.3109967098308365,0.00015068353376293542,8.387396165567569e-05,1.1007203205173925,140.91632480713213,0.024004133322436717,0.00038876793727561355,1.4973504355598497,142.5419873669525,0.02471075573782253,0.0008312396191925509,150,1.3959707073313739,141.5280541771748,0.024392383414757947,0.0004552575187381269,0.08108815223156604,0.3161257577697652,0.00015787322218693774,7.86126766890537e-05,1.101134618629539,140.8317019891726,0.024042102984333943,0.0002891287083549656,1.4981925837897587,142.4202284392439,0.024772744043693007,0.0006971158161784404
processed_data_batch_94.npz,150,1.394797187484743,140.65292925049678,0.024360477351751057,0.003727886342365312,0.07518540367060175,0.6790519700774246,0.0005451754833996172,0.0021345535178750796,1.1367903430248596,139.74517763205785,0.018781978747244077,0.0033695555077913235,1.489613685217639,148.02703907959355,0.027492937646437936,0.02957731595552573,150,1.3948006032323998,140.6525155921181,0.024360698953833325,0.00102015917653503,0.07518507374044496,0.6792126206457745,0.0005451951057018178,0.0023500861239187133,1.1368114545175956,139.74252551498535,0.0187821431598916,0.0006508533068751436,1.4896095661916944,148.02835845321874,0.02749194443803115,0.02932766903593075,150,1.3951151491330802,140.64332389911738,0.024357053249518767,0.0006948501873391982,0.07523058785443931,0.6631808934566293,0.0005384508468778162,0.0022383315540185794,1.1369571280476019,139.7669855000054,0.018899422821314186,0.0003320200397231851,1.490143134577884,147.79888792972235,0.027532140886156277,0.027602045603398555,150,1.394774897435311,140.65817870562978,0.024385196639723154,0.000784817311117876,0.07519438317358838,0.6631665193130293,0.0005365061411878878,0.0023433567210403767,1.1367113703022254,139.75870445302093,0.018936458897362833,0.0003754281536230929,1.4896107492959005,147.8189148502355,0.027531336019957865,0.028982550325796535,150,1.3959391311195244,140.52526201762927,0.024436705983758245,0.0006434439924111559,0.0754222485729705,0.4586261505503925,0.0004227271299690596,0.001883328185791175,1.1367337006993303,139.65365775512754,0.020793181026035203,0.0002986639343485106,1.4910416904260626,144.5973369229723,0.02757024525489793,0.02314912551043568
processed_data_batch_95.npz,150,1.3760536864865514,140.66565558526784,0.02455089631094837,0.0035312579577023466,0.09228680350084797,0.3056728466491783,0.0002723605526557826,0.00015980072906041933,1.0366170534990875,139.87130783085,0.02280669487653055,0.003318204021333728,1.4921550156439969,141.68507831272706,0.02677151826246135,0.004798284600708105,150,1.3760570923279067,140.66529091437337,0.024551064762075855,0.0008260519668264227,0.0922900386682439,0.30569612904707905,0.00027225404545161257,0.00027231771898345356,1.0366217354634308,139.86774237941307,0.02280864872633154,0.0006334197344999791,1.4921338804622961,141.6873423146348,0.026770498161049493,0.0033407194589473803,150,1.3763782837535903,140.65539436180512,0.024546885148769012,0.0005111845492619833,0.09230475011909063,0.30143124444970126,0.0002755184899653516,0.0002946380319227802,1.0370652480863898,139.90811804580568,0.02276668740334117,0.0003260770209773029,1.4924350801498374,141.6174079444465,0.026820340866132178,0.003236546598927198,150,1.3760219203141413,140.67246037427813,0.024574173743441327,0.0005879983314194283,0.09229300671721104,0.3054434949349878,0.00027309311428640827,0.00028628928237103965,1.0365982607140731,139.86729033891473,0.022831069178483127,0.00033788570619009914,1.4921425497330711,141.68987150265056,0.02681418328719759,0.003232776763183183,150,1.3770128044663204,140.559707895266,0.02461580084738556,0.0004869762226362973,0.09253183797213448,0.3082479857887174,0.00027654179372522134,0.000299044512450561,1.0368887299340153,139.77207852774,0.022833555831774942,0.0002962158111069323,1.4931599707798648,141.55350872897594,0.026851222991069228,0.003261703820374481
processed_data_batch_96.npz,150,1.3942765923126095,141.7169849897028,0.024460842983254724,0.0035388864563619723,0.08284798949219534,0.3043245816932639,0.00017581310289899882,7.633325415686332e-05,1.0130005676354774,140.84500463451633,0.02407619362868407,0.0033528543333466838,1.4827062398550541,142.5659314914425,0.02536023420201652,0.003725768659073151,150,1.3942812118716745,141.7164309102652,0.024461149600455794,0.0008050419985307856,0.08284939260062789,0.30445062400649503,0.00017598323064278222,7.985768599469383e-05,1.0130239409363175,140.843843367165,0.024076462907047604,0.0006677548701168875,1.4827169885630682,142.5699050755824,0.02536479999506335,0.0012471416071596253,150,1.3946019368881237,141.70568413989676,0.024459196253625432,0.00048616606950564604,0.08288319359078894,0.3029798626585493,0.00017374607111485807,9.312850536506359e-05,1.0134177780601457,140.83752349799573,0.024069509003883657,0.0003346131669024922,1.4830028231044246,142.5401912785844,0.025332596438751725,0.0010408304423296646,150,1.3942480193375868,141.72189049244992,0.024485062193304513,0.0005645773529177605,0.08285399540296373,0.30361509722039737,0.00017445274472250235,9.454471350727457e-05,1.012991812813095,140.84676574569036,0.02409864928625474,0.00038809111059079593,1.4826821721006367,142.57000781037075,0.025371524953229894,0.0010649761081848424,150,1.3952913814508103,141.60286337218588,0.02453411372960268,0.000452621909602431,0.08304742824134138,0.3079779875980671,0.0001764528004521965,0.00010071286329563891,1.013096418090553,140.70219268887274,0.02414158506665748,0.00027969550195605907,1.4838021903534504,142.48697626642084,0.025364903615791388,0.0009799617359328027
processed_data_batch_97.npz,150,1.3859423369685862,142.38059926542468,0.024303975522927224,0.0035434353766870172,0.10038534095014551,0.2940016179845957,0.00015798662838148063,7.931292561898486e-05,1.065508943273324,141.49412631543984,0.023921351196948534,0.003366928753935094,1.4876644084535828,143.0764304891285,0.024737430009974307,0.0037055523877186415,150,1.3859426878489354,142.38045955988574,0.024304096137571028,0.0008018104207093301,0.10038017551055253,0.29406326123664955,0.0001580019020031245,6.994213668869192e-05,1.0654803348512174,141.48933206865868,0.02392075032754279,0.0006639412523318885,1.4876262232746933,143.07503452540314,0.024740783586178205,0.0010665817588868362,150,1.3862872819090442,142.3661873368453,0.0243050721042484,0.0004849158175142864,0.10041093745555721,0.29493776791911813,0.00015796896740760195,7.394089248333851e-05,1.0659528568639771,141.48354314948114,0.02391024393798871,0.00036529717144187,1.4885699925534788,143.07505587612513,0.024721006969130786,0.0007921543307986637,150,1.3859157106684696,142.38432295894737,0.02432940879017877,0.0005624820444836379,0.10039491396744846,0.2944866236840519,0.00015830221203406118,8.265025177385074e-05,1.0655203864233238,141.50386828384606,0.023949915515646316,0.00040086575951134935,1.487700935801836,143.0792236817517,0.024761930362650043,0.000890253361820286,150,1.386919010322011,142.27120464674687,0.024371229977415473,0.00045855938114406866,0.10065760942809425,0.29692167719852625,0.0001622554198109371,9.491358588427479e-05,1.0658350976615187,141.4338798558058,0.02391260140129156,0.00031073708060480235,1.4888721350351533,142.99666284086047,0.02484487159749252,0.000854491895283496
processed_data_batch_98.npz,150,1.3986640838961952,142.57363832294743,0.024155075389342074,0.0035817396846281727,0.087178562374789,0.31675806235651477,0.00042303066474400384,0.0003414679123273928,1.0061304151656212,141.3200281701024,0.019693831570472633,0.003355927853433298,1.4953112278668392,143.22433155224678,0.02525854955860596,0.00742542230979202,150,1.3986633253190446,142.57373604990192,0.02415509474798153,0.0008522839272142824,0.08718305305770627,0.3166438864738698,0.00042317181784137195,0.0005024883449825146,1.0061254986407788,141.31888235915835,0.019695293181866785,0.0006433168520007336,1.4953017875870989,143.21676308495628,0.025261551805284596,0.006610090717274726,150,1.399015132901336,142.55509806980956,0.02416038310816256,0.0005310772133356643,0.08721796601898812,0.3152446660560875,0.0004261023389611475,0.0005120891773734421,1.0065203411655625,141.312020925653,0.019660984331785675,0.00031529220651077945,1.4958505470411327,143.1661212480436,0.02527118938497482,0.006503053684796496,150,1.3986437563086025,142.5758842480919,0.024181845276136236,0.0006148348915965922,0.0871872148331999,0.3172823938914221,0.00042309029647324265,0.0005094273749518055,1.0061368322276547,141.29376854735636,0.019718573164530243,0.00037785562212075565,1.495330287356667,143.2276219039753,0.0252766851878773,0.0064780410050221966,150,1.399659660151959,142.46348288933086,0.024224394418496973,0.0005108791330985247,0.08738850288606917,0.31894049172497435,0.0004260299673366518,0.0005195687829663092,1.0063598774931832,141.31915514251165,0.019741103991965762,0.000298168131949266,1.4961247575743077,143.1607968068891,0.02530267733993094,0.006342604264917673
processed_data_batch_99.npz,150,1.381992819245172,142.59717627687985,0.024172629421383488,0.0035428255528856564,0.09666994206106692,0.2749767112796857,0.00019182040399220638,0.00020570219672050118,0.9951538615962998,141.84111918268587,0.023469479212705247,0.0032804609291691407,1.4896644435693203,144.04371055643892,0.02537630449624628,0.0058674731388580195,150,1.381991572615327,142.5973449515038,0.024172596422326168,0.0008221405597785349,0.09667411065484774,0.2755290113868084,0.00019111729523372173,0.0002762748520675621,0.9951241068487713,141.83370839644815,0.02347318635369392,0.0006493143432364641,1.4896858993219178,144.05826616955974,0.025368628115162082,0.00404568191654669,150,1.382369139593295,142.57584623884355,0.024178728357279543,0.0005027427636597289,0.09669857787440961,0.27631036469260717,0.0001902803785250773,0.0002810268283638812,0.9955412143985668,141.83523659876641,0.02348498783103803,0.00032769689538120406,1.489718025543691,144.07664319709718,0.025352028885580895,0.003754440133018039,150,1.3819694979340948,142.60016856841253,0.024198946208547015,0.0005867369896546857,0.09667684031972873,0.2761834635605503,0.00019141045448776962,0.0002902517894336634,0.9951168724285017,141.84405898258152,0.02349263293435018,0.0004044427574189607,1.4896548397814602,144.0866688896919,0.02538554608096932,0.003945366774917892,150,1.3829563532330515,142.48829355214602,0.024240362259015023,0.00048015995857180084,0.096940681032937,0.2862273162006001,0.00019213425279602107,0.00029585382953239373,0.9950478038627315,141.66373274562875,0.023562492315669082,0.0003096637214803318,1.4908823782039502,144.1693266121548,0.02531958005131522,0.0038958209947078234
processed_data_batch_100.npz,150,1.3916152736503806,142.43628373958498,0.024223623354211802,0.0036147062043589305,0.08462422785311294,1.13152795919065,0.00019022889522175108,0.0009162005637947103,0.9867616280655297,129.21549806310372,0.0234194711159561,0.0033342922036190222,1.5133111429583828,143.41479677276672,0.02531306051428418,0.014727553418403223,150,1.3916138571627388,142.436358652338,0.024223719639230683,0.0008897111353885026,0.08462293897230512,1.1312197080206026,0.00019003046258125333,0.0010930821254338536,0.9868029402616932,129.21910960839452,0.02341914716337392,0.0005755501499361826,1.5132728124876293,143.42385576353064,0.02531124337553805,0.014164021127858391,150,1.3919557364372812,142.41874445069877,0.0242284525831021,0.0005667113129848154,0.08464312168705947,1.1585629294555644,0.000201286403612712,0.000997073415286293,0.9869870640155831,128.85399355779077,0.023410243785899287,0.0002988332123964198,1.5140259693514058,143.37795926658208,0.025576887562785894,0.012661593775430467,150,1.3915918307427566,142.43850620611954,0.024250484529325156,0.0006561988113767202,0.08463216135222518,1.1382441530700336,0.0001921760082266279,0.0010996443413436596,0.9867421376980542,129.13052445276992,0.023438954670812508,0.0003422571948803577,1.5133868102231285,143.41611995862252,0.025397688070806345,0.014000085780321189,150,1.3926545944284803,142.32012792320117,0.024293582783667417,0.0005583008536589857,0.0848899286545478,1.1548199306699696,0.0001995453444083892,0.0011439749590395427,0.9870462654545546,128.8167565112011,0.023529158513854388,0.000263055864007113,1.5181295216964765,143.28921844181258,0.02548063647144507,0.014434666076318317
processed_data_batch_101.npz,150,1.3902081121240215,142.54830562530904,0.024222350682912203,0.003621893452506947,0.0907252765981541,0.6755926753238835,0.000445594147045745,0.0005100842634180661,1.0372564250421248,137.80336312504753,0.021048956261772826,0.003315617008686485,1.5235371716404709,148.19441995431202,0.027016783211912043,0.007301778346526658,150,1.3902089012737668,142.54820595074543,0.02422246400925601,0.0009266012257905667,0.09072878378385738,0.6749847284177609,0.0004449473823172224,0.000727505951671103,1.037220757024378,137.80223888939196,0.02105221534817369,0.0006513572818364625,1.5235476372713204,148.1828270210713,0.027012046610253776,0.0059011019301515675,150,1.3905389611818846,142.53196078630262,0.02422561628959486,0.0006019058296156862,0.09072207880907421,0.6727395843467675,0.0004464718769668479,0.0006611609486134555,1.0378636240996968,137.66191046308234,0.02100747287180553,0.000342477041382444,1.5238050122033042,148.05961749938157,0.027057674018908334,0.005094482959888143,150,1.390187727184457,142.5510297346545,0.024248362479190936,0.000696237648456371,0.09073052455101749,0.6768990109806803,0.00044683838093074834,0.0007394144797350058,1.0372741221559845,137.77485026709397,0.021073423300891223,0.0003871039309660931,1.5235844598827732,148.19677814631493,0.02705149015994647,0.005732269083279401,150,1.3911811734458297,142.4390866309395,0.02429016867250277,0.0005875817008622567,0.090926931628691,0.7046462736146288,0.00045535235422920637,0.0007205732528186598,1.0375387816092863,137.58614157204306,0.02112535077906218,0.0002927008501066131,1.5256064753540963,148.5013919880983,0.02711074140509269,0.005769534493620202
