filename,Raw_successful_fits,Raw_I0_mean,Raw_Tau_mean,Raw_B_mean,Raw_Residuals_Std_mean,Raw_I0_std,Raw_Tau_std,Raw_B_std,Raw_Residuals_Std_std,Raw_I0_min,Raw_Tau_min,Raw_B_min,Raw_Residuals_Std_min,Raw_I0_max,Raw_Tau_max,Raw_B_max,Raw_Residuals_Std_max,Savitzky-Golay_successful_fits,Savitzky-Golay_I0_mean,Savitzky-Golay_Tau_mean,Savitzky-Golay_B_mean,Savitzky-Golay_Residuals_Std_mean,Savitzky-Golay_I0_std,Savitzky-Golay_Tau_std,Savitzky-Golay_B_std,Savitzky-Golay_Residuals_Std_std,Savitzky-Golay_I0_min,Savitzky-Golay_Tau_min,Savitzky-Golay_B_min,Savitzky-Golay_Residuals_Std_min,Savitzky-Golay_I0_max,Savitzky-Golay_Tau_max,Savitzky-Golay_B_max,Savitzky-Golay_Residuals_Std_max,SimpleRNN_successful_fits,SimpleRNN_I0_mean,SimpleRNN_Tau_mean,SimpleRNN_B_mean,SimpleRNN_Residuals_Std_mean,SimpleRNN_I0_std,SimpleRNN_Tau_std,SimpleRNN_B_std,SimpleRNN_Residuals_Std_std,SimpleRNN_I0_min,SimpleRNN_Tau_min,SimpleRNN_B_min,SimpleRNN_Residuals_Std_min,SimpleRNN_I0_max,SimpleRNN_Tau_max,SimpleRNN_B_max,SimpleRNN_Residuals_Std_max,improvedrnn_successful_fits,improvedrnn_I0_mean,improvedrnn_Tau_mean,improvedrnn_B_mean,improvedrnn_Residuals_Std_mean,improvedrnn_I0_std,improvedrnn_Tau_std,improvedrnn_B_std,improvedrnn_Residuals_Std_std,improvedrnn_I0_min,improvedrnn_Tau_min,improvedrnn_B_min,improvedrnn_Residuals_Std_min,improvedrnn_I0_max,improvedrnn_Tau_max,improvedrnn_B_max,improvedrnn_Residuals_Std_max,CONV_successful_fits,CONV_I0_mean,CONV_Tau_mean,CONV_B_mean,CONV_Residuals_Std_mean,CONV_I0_std,CONV_Tau_std,CONV_B_std,CONV_Residuals_Std_std,CONV_I0_min,CONV_Tau_min,CONV_B_min,CONV_Residuals_Std_min,CONV_I0_max,CONV_Tau_max,CONV_B_max,CONV_Residuals_Std_max
processed_data_batch_1.npz,150,1.4357736253424154,139.1743146509167,0.020698831380763554,0.00415309085640838,0.053912884895588556,2.5084190066412404,0.0011415772573347795,0.002175440223550788,1.1711215266501176,121.52225168502818,0.015442082272779985,0.0033646029994963576,1.4988415001759459,154.33681459991192,0.028921651369809072,0.020403888523892178,150,1.435777041181207,139.17391390454816,0.02069911448972872,0.0017421406881224484,0.053913328274118655,2.508846077339004,0.0011420250906688464,0.002658833496049276,1.1711415199989121,121.5231311465134,0.01543463237975383,0.0006624851515693611,1.4988811837889269,154.3484052596346,0.0289212304179237,0.020076028770012487,150,1.4356386324436912,139.20292966184817,0.02057369848697083,0.0014292945929763456,0.05378543582639192,2.5039088431671326,0.0011322715605707012,0.002435987375758914,1.1714137537053504,121.58888447500797,0.015481604938331704,0.0003403865683612588,1.4987253035178754,154.03182300461046,0.028704649919162842,0.01869522689285508,150,1.435957819343541,139.1564532318434,0.020657606580101,0.0014815087101939326,0.05386108923051133,2.509169203153776,0.0011363284340456994,0.002510264741619746,1.1713757879736313,121.60038067466104,0.015333073734348356,0.0004459387326795873,1.4990596277748234,154.31586360235883,0.028744735662300267,0.018666877053494492,150,1.4368177103603401,139.07988703452753,0.0207371475754535,0.001381007689278272,0.0545931777918983,2.455169339094207,0.0011030700183495728,0.0024681446577689246,1.171693644364084,123.30101039244738,0.014989609412586924,0.0003036450897152162,1.4999455612214354,155.1154346487907,0.028010257691373608,0.017455495245987624
processed_data_batch_2.npz,150,1.4461979583419153,139.71940203769424,0.01962716088085935,0.0034758801256910324,0.037339125540217566,0.33275632225109436,0.0005493723665674319,6.61751135456563e-05,1.2767497035527313,138.73914596795987,0.018563967451568877,0.003331197086952255,1.4860694650473105,140.3333417482364,0.020658348958981464,0.0036847156364335385,150,1.446200202160974,139.7191543442476,0.01962727411460463,0.0008038562279698521,0.037338101908055754,0.33320742724973884,0.00054942903446648,6.665726920547964e-05,1.2767594464678707,138.74075250865988,0.018564372439270293,0.0006611860224010518,1.486015307727259,140.33825436282504,0.020655620304302773,0.0010183208193149385,150,1.4460216768351317,139.74712323634841,0.01951512255467069,0.0005393275842202488,0.03730913069338014,0.3296242410390879,0.0005411134958000792,7.318997123320988e-05,1.2769520249374724,138.74847449732962,0.01848431528199835,0.00038662841670025213,1.4863710787625126,140.37073705155822,0.020576532064055682,0.0008136937094228355,150,1.4463513082126302,139.69407360498369,0.01960656106264051,0.0005618426616125648,0.037325203029587466,0.33046627960580693,0.0005401252130707716,5.996179172398948e-05,1.2768358602182366,138.707870236998,0.018571310260599334,0.0004418968034409495,1.486412655490623,140.3157146704956,0.02064419637816,0.0007244160719743385,150,1.4474433214631843,139.59930608264088,0.019683838841702207,0.0004529930874123302,0.037411028134005195,0.33616530381415016,0.0005455369556705621,7.986901917779292e-05,1.2774625139061715,138.6280908701431,0.01863410585908627,0.00031297619759787195,1.487374618542795,140.1960730257647,0.020712992104187433,0.0006966605631220137
processed_data_batch_3.npz,150,1.45737474082758,139.3761236009034,0.018768030023998766,0.0034775042994466187,0.028372512061257925,0.3009628793115391,0.00015751475998285633,7.49029106814631e-05,1.3378314897348964,138.6507070185191,0.01843393882126304,0.003298892313964243,1.5052947354504096,140.22432782340545,0.01915253990062846,0.0036819224805273716,150,1.4573772087143761,139.37580338940646,0.018768298398967986,0.0007970591092389223,0.028375642204375363,0.30122294003697414,0.0001573473737824938,7.56644958760689e-05,1.337822113455179,138.6481486660214,0.01843357452581985,0.0006383579161490392,1.5053038282336555,140.22598517194265,0.019155066368382056,0.0010567425494897244,150,1.4571983441341525,139.39892942669744,0.018669086453174017,0.0005460668071565015,0.028383440944592393,0.29841263274295793,0.00015625734557228764,9.367424909350315e-05,1.338056445723168,138.69150668525052,0.01831721621544298,0.0003463524461369367,1.5054901026363616,140.2737517741449,0.019041178526832087,0.0008838908462846768,150,1.4575272605375578,139.3459346063618,0.018760237962801077,0.0005704337746323544,0.028354553053503588,0.2981181568428819,0.00015590793714984289,8.041725986534425e-05,1.338194836875623,138.65126601500882,0.018430420168265304,0.00040280544051965293,1.5055621973062183,140.17867880310197,0.019113229679898685,0.0008992765868696772,150,1.4586767401067888,139.24846371987792,0.018833679909336314,0.00046092493963250937,0.02843557013449254,0.30997422858176865,0.0001630942490047985,9.681978616414733e-05,1.3391013805694127,138.49166714339333,0.01843915613544266,0.00030340586877088084,1.5068927523972908,140.12868665264816,0.019241631354539657,0.0008928300977584069
processed_data_batch_4.npz,150,1.4487158547107637,139.42530557872794,0.01865055729514932,0.003473983304672401,0.03313953229934682,0.37585575757701334,0.00016023849611817683,6.695843427034067e-05,1.2917770954762715,138.45487947078072,0.018292140911371824,0.0033235499614459657,1.4995992356583239,140.37602062326636,0.019092833539434667,0.003641215283177404,150,1.4487180168097553,139.42499628196256,0.018650830232716853,0.0007958886400098667,0.03313850514691498,0.37582872362366126,0.00016025578725284035,7.700645921977878e-05,1.2917532290097948,138.45752558883083,0.018296101693781992,0.0006422781986483116,1.4996080034047456,140.36948219215495,0.019091256653262483,0.0010675699406971116,150,1.4485520833372107,139.4467609408958,0.01855333440159524,0.0005404006095404514,0.03309258844032312,0.3716535852133409,0.00015592264619632644,8.814024117614995e-05,1.2919683881629633,138.50340716469358,0.018193316243797962,0.0003779760291105596,1.4994556760476954,140.38375063251908,0.01897919871638252,0.0009959554536430324,150,1.4488846882062971,139.39175687953076,0.018646001791129057,0.0005640923632243599,0.033123213752521356,0.37406569461040257,0.00015680458849638988,8.28652904338064e-05,1.292016754750212,138.42848610336415,0.018282460624189333,0.000407490815394362,1.4998058363284017,140.33719758053695,0.01908427691048887,0.0008842167606646496,150,1.4500023910099387,139.29649015218052,0.01871893009249172,0.00046758604003473424,0.0332317737017464,0.38273834808426227,0.00016635905704119936,0.00010760530903453356,1.2926061303522287,138.28308963525208,0.01837091474624735,0.00031223705361000965,1.500988049926261,140.2764030450608,0.01919864574070444,0.0008328960926273999
processed_data_batch_5.npz,150,1.4219972761726782,139.79362693150676,0.018653354952343073,0.0034562205532034144,0.06648147718526175,0.22624722274817263,0.00014566377039425043,7.233953086955812e-05,1.137041833719331,139.20604763256776,0.01819876345092883,0.0032453854477395997,1.4939831988486325,140.37654402408936,0.019131786113533757,0.003646831850104161,150,1.4220001796400603,139.79320959548494,0.01865372514474648,0.0007942314397415397,0.06648099659590571,0.2258716170264454,0.0001456122447627206,7.284148911216794e-05,1.1370248689706595,139.2092050780476,0.018195531978768734,0.0006342607593599873,1.4939989347182572,140.38147699692306,0.01913292235539318,0.0010580689025874099,150,1.421845959514055,139.81115721482155,0.018558439368072784,0.000531539765865357,0.06637180477171371,0.23225000599466536,0.00014565470007110235,8.727771407636986e-05,1.137561593259935,139.20354311640574,0.01810857928257159,0.000362632676494389,1.4940400400450022,140.4161230308613,0.019010904926630375,0.0009425135746533587,150,1.4221533382021008,139.76003075256787,0.018648587732508645,0.0005570861943206885,0.06644886460795839,0.22925850022228414,0.00014489781394964575,7.214195130779369e-05,1.137474198970211,139.17133463203817,0.01819146018826184,0.0004290683042355872,1.4941238701010782,140.34861702701164,0.01911228368448701,0.0008425077344696902,150,1.4231991631088314,139.67264700132822,0.018715930364888188,0.000443020699874326,0.06669901003431931,0.21906369505032422,0.00014316847053578747,8.768782979585333e-05,1.1374625894652926,139.11245885499412,0.018266212561881164,0.00025288848039953997,1.4955104836496447,140.27411623305878,0.019182092314884706,0.0006952291194343432
processed_data_batch_6.npz,150,1.443114193409248,139.6230550527635,0.018792468927024023,0.00348015675861692,0.03949783635285387,0.28123465853255714,0.00015246801776868526,6.529853516471275e-05,1.2353688553108773,138.81505171990034,0.018403574353549706,0.0033425638054126595,1.4926635579060192,140.3928157762344,0.01908268917094085,0.0036540066103053223,150,1.443120436395674,139.62234263152413,0.018792865110288628,0.0007963998321340053,0.03949976826163403,0.2809175723467809,0.00015239907926259134,7.239552550309322e-05,1.2353342675018613,138.8119812426039,0.018402087685017464,0.0006479641517809483,1.49267793049868,140.3919630107117,0.019079660701217607,0.0010615491464430486,150,1.442947504094385,139.64394403607585,0.018694020995583826,0.0005479231142830083,0.039435050173409286,0.27956802007498277,0.0001501987440700011,8.554085677640974e-05,1.2355549840448463,138.84011724469391,0.01830784147934533,0.00036803052694708,1.49259322049893,140.4426303890382,0.01899682424230518,0.0008715800343644346,150,1.4432735386151896,139.59074631955423,0.018785659124286626,0.0005677194257194617,0.039476815565900526,0.2820786054036731,0.00015089052746797217,7.490233385183585e-05,1.2354701195729345,138.78157216077767,0.018410492029471058,0.00041822321828139546,1.4927102502723752,140.382628345369,0.019113499235407217,0.0008519555632062561,150,1.4443767494951096,139.49843489574656,0.018856184620300018,0.00045866466598637153,0.0396127847782089,0.2869117423263453,0.00015611108334303143,9.178893385096511e-05,1.2360877301597504,138.71723426508618,0.018472026125054452,0.00031128583159102576,1.4940522710539486,140.22929295411407,0.01916463350902154,0.0008125704234298328
processed_data_batch_7.npz,150,1.4454575447971458,139.60527117525132,0.01882713445847587,0.003473083586526743,0.0344399661008822,0.2997533774357896,0.00013516697762298516,6.954102119876227e-05,1.3142402590924247,138.74618235443722,0.01854037405651854,0.003314699693396652,1.4960441654728083,140.41543137307153,0.019159220326309952,0.00364207252872466,150,1.4454605282196729,139.60491994558515,0.01882732819038036,0.0007903110107513247,0.034440612489334846,0.29941745334874753,0.00013500239095364425,6.740983520825057e-05,1.3142465177357583,138.7403224418067,0.018542649687835484,0.0006493204033409634,1.4960413873576182,140.4136690119924,0.01915797501359939,0.0010973739001491176,150,1.4452461093297388,139.6332273112384,0.018722642359556937,0.0005456538857944378,0.03441023949716174,0.30000398668735606,0.00013330679132431556,8.66816455013216e-05,1.3140935927630173,138.74493006006153,0.018433553127734353,0.00037139351331715037,1.4960759469888891,140.47377126188206,0.01903625627762536,0.0010036702981420194,150,1.4456063984934082,139.5751562425836,0.018817535956214996,0.0005634610570192375,0.034424922182507686,0.29971891658694333,0.00013316465555216397,7.169774399055441e-05,1.3142500894513491,138.70116476085786,0.018520559161583097,0.00041659492758192447,1.4962549347743614,140.36834775876844,0.01912952828449942,0.0009350014722663355,150,1.446730395333624,139.47960970432158,0.01889184529907472,0.00044532001594748755,0.034514791620138055,0.2995053196525161,0.00013544282809124393,7.694713351365458e-05,1.3152858577601623,138.66181541656465,0.018577536626248812,0.00027246921154050295,1.4973429419230866,140.2879859819323,0.019236795710935985,0.0007811791306215524
processed_data_batch_8.npz,150,1.4552039937017172,139.49279623767117,0.01885108304851966,0.003478145910985623,0.028061030959565095,0.34835712464314683,0.0001641609916396721,6.41168180100806e-05,1.3551123429340297,138.7007071344622,0.018366244719045324,0.003319661101070403,1.4936394640722985,140.40147096671043,0.01924793020498188,0.0036685318117966746,150,1.455203327019142,139.49285838314856,0.018851081010646534,0.0007940764738428866,0.028064297227789334,0.3484267268714675,0.00016421662323253214,7.480084019361716e-05,1.3551101717718896,138.69942937611614,0.018363489577891145,0.0006417903964656495,1.4936295162446975,140.40838640186098,0.019247816550836124,0.0010503104467651336,150,1.4550167711676176,139.5168329776551,0.018749897439992055,0.0005494732865488279,0.028032111220730436,0.3487823134310334,0.0001603468958163682,8.587886802823832e-05,1.3552312555159225,138.70964030352326,0.018288094104098967,0.0003989258204395063,1.4931580059850078,140.4142980444971,0.019151555771834753,0.000801413610123154,150,1.4553697542912998,139.46057219263844,0.01884317957031695,0.0005654662721254597,0.028039932658286984,0.3481779822369455,0.00016073625531438593,7.787223801588627e-05,1.3555648073721818,138.6741473335106,0.018391232967548993,0.00042442275104876873,1.493585480981599,140.36371667935956,0.01923208698906586,0.0008550271248608922,150,1.456509058352596,139.36563005788688,0.018915874682212508,0.0004511828500036871,0.02811797581151366,0.3532331098267241,0.0001670160972861877,8.977931254593212e-05,1.3563081929508956,138.56694316803237,0.018432775163942965,0.0002940016248318151,1.4950466047990814,140.33983010041294,0.019308175545747267,0.0008333070195125273
processed_data_batch_9.npz,150,1.4423527167140555,139.83938772985883,0.018779600397252127,0.00348997968031085,0.03955491004218796,0.259981204593538,0.0001416680181810817,6.600173747727561e-05,1.240212060044713,139.04729725257926,0.018435156305541406,0.0033427484999326855,1.4990578254855975,140.5055818249858,0.01912728910219279,0.003654662837077618,150,1.442356420073256,139.83893414627676,0.01877991378581204,0.000800862609835459,0.039557165496707965,0.2602687812979153,0.00014191243408111007,6.952304911123211e-05,1.2402162814289086,139.05276426560417,0.018438042787507214,0.0006004610977507602,1.499026875692262,140.50935674910352,0.019125234934151362,0.0009761054463205563,150,1.4421642831638664,139.86391130658055,0.01867878966255004,0.0005317067252219436,0.03950510393350636,0.25390160482557844,0.00013874141966943495,8.343359585644279e-05,1.240507404689049,139.06690226063736,0.018325455370472445,0.0003751547248710896,1.4988389601497298,140.49303688670904,0.01901855799533809,0.0007998639684791812,150,1.4424865476973308,139.81045677939764,0.018770825786116423,0.0005618239545634,0.03952480113076878,0.2595371608632694,0.00014117024270277314,6.813303811518236e-05,1.2403650371385206,138.982457982617,0.018419923674443197,0.0004080110793031932,1.499142681462099,140.45710787715848,0.019112506984241658,0.0007602502795653846,150,1.4435854146752063,139.71738877820022,0.01884131486588622,0.0004597254986092673,0.039665391317622596,0.2716066166534911,0.0001442180271243519,8.568341022666908e-05,1.2404764271460789,138.8796199287073,0.01846379770795885,0.0002765995325832935,1.5007759908450717,140.42047020417607,0.01919830718623928,0.0006808603637235706
processed_data_batch_10.npz,150,1.43819568729488,139.59163037793294,0.018861798865139386,0.0034707115107264607,0.04138047707508471,0.3209175251257765,0.00017488550811522755,7.079196032553114e-05,1.264825761047033,138.83674822397103,0.018144043468123473,0.003328502325372612,1.4925484856325149,140.4621628590295,0.01926311503241218,0.0036551818794605334,150,1.4381958927491412,139.59154851795702,0.018861968045127627,0.0008111370536961311,0.04138341880613966,0.32073430539399234,0.00017483473871875477,7.281483282492533e-05,1.2648021717433846,138.8377787807346,0.01814750152544226,0.0006177551229099317,1.4925785494787676,140.46468342113548,0.019263185614497365,0.0010690537506557855,150,1.4380422439061977,139.61122428824106,0.018762823814757176,0.0005579925786060113,0.041344444389439856,0.31923383476386386,0.0001735301545446484,8.721640397774187e-05,1.2651800219484302,138.87023817786417,0.018013195980239812,0.0003832979963664912,1.4924763809648527,140.51481548023543,0.019144066141274414,0.0008922716547017064,150,1.438356027172468,139.55955921792003,0.018853260355380517,0.000577469159177401,0.04137935352041061,0.3197681040103595,0.00017355223557427845,7.645544240265376e-05,1.265129805684234,138.82212571351988,0.018118496492282487,0.0004091795421947347,1.4927643524411884,140.43623284207922,0.019234557146497938,0.0008715872627456728,150,1.4394665188703315,139.46522742243783,0.01892573588415842,0.00046422654267991135,0.041483165718316437,0.32713619890559276,0.00017766995870244288,9.308080262096624e-05,1.265579855130131,138.68119927346683,0.018172935916186645,0.0003105513617725312,1.4938962248472898,140.36462290066638,0.01933836789580146,0.0007669442322939989
processed_data_batch_11.npz,150,1.4411395083118954,139.4659025411446,0.01891065139267464,0.0035360234357791794,0.048855961464003686,1.0947715820336161,0.000395378859092427,0.0005403171092653117,1.101564981339,126.84348383378824,0.01738404487046002,0.003319431331759376,1.50448552730838,140.2980510525425,0.02255210052570672,0.009999703512649928,150,1.4411407300026795,139.46574232348357,0.01891067990174744,0.0008845162454902933,0.04884859518618195,1.0955994856774751,0.00039555465926062726,0.0007014854747948698,1.1016445948760043,126.8344310718899,0.01738409675485643,0.0006540850411161838,1.5044599430222918,140.30498717777647,0.022554381350693122,0.009090249494107925,150,1.440950910848344,139.48903994634614,0.018810707150992166,0.0006108107585939552,0.048858334587159956,1.1013072730883169,0.0004004830461166365,0.0006003781244973356,1.1017068619664605,126.78332008206387,0.017314528487558743,0.00037259598552573977,1.504470251088476,140.28395536988182,0.02255219242809336,0.00745756494178858,150,1.441290966350417,139.43427796115054,0.018902896201948974,0.0006408093417192978,0.04889899616459855,1.096668843326802,0.0003973679095543699,0.0006371111256923537,1.1014791551319816,126.78196240999455,0.01738972412693163,0.00042600781936087554,1.5047360549831217,140.2641320996458,0.022581401431842073,0.007971625080422895,150,1.442423166428856,139.33830384530307,0.01897532925011091,0.0005455600959205974,0.048885647186915133,1.1320213533481802,0.00040715572587467257,0.000675417692449366,1.101613992935741,126.24702271412727,0.017487292645294486,0.00030521900916927755,1.5057686153452778,140.18840400722058,0.02282440280414632,0.00833575175140723
processed_data_batch_12.npz,150,1.4374617790138318,139.3016863031345,0.0187388345669203,0.0036944326789764433,0.04923238664585951,0.8462444828651073,0.0006747412018327749,0.0010983033851958872,1.1125549788857918,131.64674446896933,0.014666809744076489,0.0033229576907273283,1.4903179770221542,142.09715266513604,0.021164117407185788,0.014156518391904635,150,1.4374650189454499,139.30124712301986,0.018739204706085033,0.0011188699196081713,0.04923228125066242,0.8470939271863793,0.0006744815266468452,0.00142590333650313,1.1125364928708832,131.63465506438857,0.014669436494674752,0.0005993092387788732,1.490314196242854,142.09496556065494,0.021165569854455526,0.013442336712537922,150,1.4372852715524993,139.3243586581232,0.018637301523689677,0.0008592463196878703,0.04912388305090308,0.8445521261108678,0.000675228520969646,0.0014087279965343616,1.1140092939084216,131.59493821532752,0.014557181985081203,0.0003703828389100014,1.4900855824351105,142.06955760490277,0.021095855703036397,0.01294640597003642,150,1.4376014064881208,139.27128655567557,0.01872882166145486,0.0008856907305976176,0.04921914987504565,0.8499995082143467,0.0006760548571501887,0.001435207341663618,1.1125680064582857,131.5599170709348,0.014625810769467763,0.000386290330620323,1.490435349397084,142.07179336443107,0.021162002935266683,0.013353364039853795,150,1.4387228957193607,139.17772114070425,0.018800237046567775,0.0007765784638777793,0.04925853683451228,0.8394112955434502,0.0006751661534218285,0.0014321821869112256,1.1156396344602744,131.50752542928177,0.014701835620533529,0.00030421881659759193,1.4918980947457234,141.9685683611312,0.02123375418634376,0.0133179612584046
processed_data_batch_13.npz,150,1.4421843324874972,138.759729109864,0.01886026753371952,0.003760556864990909,0.03611548934782355,2.188592860505856,0.0006874940756919675,0.0016574765363585357,1.2587289352770628,119.96723755449837,0.016403388227433237,0.0033105447113875412,1.5098672687633297,142.76093248786734,0.024056538291962658,0.018862533541997684,150,1.4421845767648063,138.75962038083816,0.018860457725261456,0.0011726427260852408,0.0361124084236526,2.1885278122170813,0.0006874551929327177,0.0019694543468319037,1.258773013285235,119.97563574748382,0.016405861667856014,0.0006433586700875782,1.5099792256091369,142.76615559316974,0.024060240872599954,0.0183311150858983,150,1.4419957659891667,138.78389067885976,0.01875885713233999,0.0008829472448526044,0.03607243167563625,2.192131593569142,0.0006813289444256381,0.0017550545203411053,1.258983286222605,119.60519159129119,0.016297249359272285,0.00037980748434157587,1.5078847379719427,142.72546693490557,0.023778275726145496,0.01631487781314177,150,1.4423241489351089,138.72834748266575,0.018851714696372434,0.000917601473757892,0.0360812866700972,2.195982947022551,0.0006898963255928182,0.0018307990419416025,1.258959727950621,119.74140102967849,0.01639597142966718,0.0004336774371073832,1.5080388420860884,142.75798954804918,0.02406489398284885,0.017256679128750046,150,1.4435568874966767,138.62415515058916,0.018929296190997907,0.0008334457231986085,0.036327615069435874,2.272300318215761,0.0007248728981731375,0.001938248148476983,1.259219408017121,119.135148612171,0.016411759615797078,0.0002854168020657062,1.5184836832411301,142.66845219148996,0.02455467904285625,0.018163533022451262
processed_data_batch_14.npz,150,1.436293263218887,138.27300918718072,0.018661674590342323,0.003767605715850998,0.04413393402333621,2.1173281552618475,0.0008346093354884062,0.0015274291020010461,1.197225875956357,128.6076668811209,0.010661084122446563,0.003316709209447969,1.4938374544873383,160.31328924807366,0.021458849497268846,0.018305344851190106,150,1.4362903270205012,138.2733354616165,0.01866146486002039,0.0012042770241587435,0.04413331536868279,2.1171780518067815,0.000834594898589953,0.001852406705375544,1.1971499624200759,128.60922589011105,0.010664413167017748,0.0006389672531436165,1.4938228561435454,160.30901320055838,0.021460968898784048,0.017770576237468163,150,1.4360872602951649,138.3009591862767,0.01855584753989855,0.0009002848768110961,0.04395697972983461,2.105509450088302,0.0008300742744131021,0.0015710090862488448,1.1987509422934761,128.48161156394778,0.010589977721438508,0.0003832481915881,1.4934347936425738,160.12601535893495,0.021367658035134393,0.013936088315150065,150,1.4364477279092778,138.24351318214525,0.018649321695971287,0.0009453464492158751,0.044041831583619,2.128778886237702,0.0008449562859241904,0.001718434217833584,1.1986435407592784,128.51556849287996,0.010477381934561925,0.0004070787940383062,1.4940107757381784,160.41801138592916,0.021446544074805493,0.01599909075673415,150,1.4374316496993955,138.1649239068274,0.018715786205525234,0.0008487739210341653,0.04452432161412436,2.202072338327729,0.0008751020283118608,0.0017969590733062078,1.1956609231958228,128.44924289457964,0.010105070400455832,0.0002879509321435251,1.4952085090370408,161.27299452557799,0.021520195254970165,0.017006306221657056
processed_data_batch_15.npz,150,1.4107453875346807,131.63058280082842,0.018984166930766218,0.0035939051506518964,0.03756407006742636,1.6113065622472698,0.000770420169233597,0.0013004386709613261,1.1837428873932805,112.68351164977669,0.015669471057001484,0.0032749464928662837,1.459714769961419,133.0616767906898,0.026629848041033594,0.019106527020143146,150,1.4107457758030195,131.63051704495848,0.018984259581580662,0.0009956572346520084,0.037571368995910265,1.6090489202286007,0.0007695663528447862,0.0015093138832153517,1.1836851682053322,112.70904905687131,0.015666303600936092,0.0006364734224026206,1.4597360804373416,133.05659086310953,0.026616523865577155,0.018649779267334566,150,1.4104085665518498,131.68289307519336,0.018856116606494708,0.0007325464229287889,0.03744825051545756,1.5943030649057413,0.0007552369632916503,0.001319193342880241,1.183963963104133,112.94749495158345,0.015535791093328246,0.00041268262073915814,1.4591036263661217,133.1445167083948,0.026284102691275738,0.016040775478872584,150,1.4108141122078057,131.6087211046195,0.018954177603077195,0.0007542352031696712,0.03758942136224601,1.5911712709457289,0.0007579293914622369,0.0013645663538271564,1.1838857237246079,112.91402376289203,0.01564322992312943,0.00042451498775771885,1.459732912531545,133.089326686077,0.026419285022939824,0.016619556856221466,150,1.411909803845377,131.51512962051135,0.019041317193507823,0.0006461717464352981,0.03792516347038578,1.5865022715206363,0.0007659345221788403,0.0013872515775148356,1.184089280882323,112.90394614926394,0.01577157292039948,0.00025836692196101735,1.460939598509275,133.22470692194312,0.02665270531695671,0.016811053898073462
processed_data_batch_16.npz,150,1.3267627961122683,112.5750687628448,0.019337280734733,0.003465455227196515,0.033908332143986086,0.8392309556973415,0.00033793343792086364,0.000795454585447092,1.1750056514216602,111.20011507827716,0.018058951985783007,0.0031866030644492893,1.3718127977875898,119.45633249690724,0.020620842911755408,0.010689063632217916,150,1.3267571537240015,112.5755123944859,0.019337199176683136,0.0009221966064817617,0.03390963240129832,0.838858413811732,0.0003379046423675023,0.0010289810914041694,1.1750271708736475,111.2019506266923,0.01805503510998974,0.0005787821321933519,1.3718288939717824,119.4571141971064,0.02062102647866667,0.010076766587997011,150,1.3259728317329076,112.68512268738178,0.01915756286814718,0.0006969772935760763,0.03384421292370099,0.8417041099531548,0.00033501366269936267,0.0008618576278998344,1.174304494019584,111.3183556794215,0.017889188439575616,0.0003666259675794911,1.3707866932843193,119.61179841709527,0.020405024564798924,0.009528466233535721,150,1.3263389909920855,112.59193063461886,0.019250773406902563,0.0007406762639680173,0.03388856571600136,0.842181448949755,0.0003347918946876035,0.000887776628591479,1.1746420934996302,111.22170505726095,0.01798521552636995,0.0004091115015879889,1.3714327305466956,119.53066876251128,0.020499510564041104,0.009734226858868813,150,1.327206627241519,112.53168991515572,0.01935764384013653,0.0006024478177732858,0.03403299795035972,0.8325044980635715,0.00033390494782182823,0.0009237747578992217,1.1753123280955247,111.17128546866964,0.01808417519208316,0.00025080872038951436,1.372509659388535,119.40796418407179,0.02064097356535567,0.010341674387383214
processed_data_batch_17.npz,150,1.155231178406038,86.41898169615044,0.019821851463428037,0.003344096443459774,0.03341834717610017,1.3642514171311069,0.0004350300513284139,0.0012058568174677195,1.0197214737922133,72.73109538520616,0.019160762041015682,0.003020097542561837,1.2061004946469855,89.88691375352408,0.024067217128971505,0.016179772428348223,150,1.1552347769807219,86.41870216232175,0.019821899464040296,0.0008745065710407891,0.03341949249263784,1.3636367253329933,0.00043480267679213647,0.0014465539269574407,1.0197617088198445,72.74354822900156,0.019160942262141902,0.0005573893111445266,1.206095299491362,89.88743516306498,0.02406365368782308,0.015781403010923394,150,1.151663251414745,86.78228268843884,0.019527808375675106,0.0008830414627754215,0.033488730559085716,1.3158689495075555,0.00041220379734606194,0.001236364605192744,1.0161319461195863,73.73576146554218,0.018916074213076912,0.0004955845607276224,1.2029518076434336,90.32368797566835,0.02347188994038835,0.013540216660004996,150,1.1528996440248893,86.56193468483552,0.019652798213665897,0.0009245993024992142,0.03359513417477499,1.3220690164595905,0.0004152521709762781,0.0012578854402427208,1.0162942304503224,73.46853229772944,0.019042121111201484,0.0005289176324666363,1.2041172396651325,90.16111659224791,0.023635149979244728,0.013819893697032536,150,1.1528999995349258,86.57501768396077,0.01979649065614214,0.0007504156735799689,0.03352163234830667,1.2951499198180443,0.0004124615644991866,0.0013299232832986775,1.017774906731707,73.8908348651533,0.01905293965243995,0.00036304393539019885,1.2042460899959715,89.99780856434955,0.023668936938564106,0.014260142805704007
processed_data_batch_18.npz,150,1.0288698079075804,71.86841129721749,0.02046213986473457,0.0031341668981188426,0.024065290499816806,0.3760644465560189,0.00027071569385949616,0.0003125492449786594,0.9207790513327484,68.4925189848921,0.01974916810476762,0.0029712681066896653,1.0676758281089933,72.46951106756197,0.021238077497294783,0.006855035989653947,150,1.028868268154174,71.86845645722178,0.020462090065041273,0.0006903265236166789,0.02406484477140479,0.37639149076350403,0.00027066734630422476,0.0004362299699839976,0.9208009251089103,68.48611868275599,0.01974853456815461,0.0005278631154771774,1.0676441026654198,72.47027756785523,0.021239246417610696,0.005961893018093291,150,1.0219852720949856,72.48202422284511,0.02008885298384832,0.0009291816391316798,0.024185183732346967,0.36884394229806755,0.00026397763658873413,0.0002574124991868833,0.9126534289854145,69.24797772257975,0.01939533404710549,0.0006894204818095365,1.0608332550462662,73.07955183346913,0.020789245080949714,0.0039028504929740537,150,1.0231248806258477,72.21215507682935,0.020223813454245704,0.0010230015521124655,0.02450909669590504,0.3620430139231119,0.00026527104078868843,0.000249205504840493,0.913261133213915,69.14115754568112,0.019523550675827516,0.0007259506537796946,1.062337520277452,72.81916289997024,0.020890388012043345,0.003768713570719622,150,1.0239539683882477,72.16895904172365,0.020425940249394935,0.0007429447885785416,0.024254589191828314,0.34525024500564755,0.000263266847290174,0.0003290728169849554,0.9152728222412232,69.30474207263543,0.01974199239303803,0.0004819193772169472,1.0627763121209484,72.75377793625384,0.021045718655002554,0.004573673557392888
processed_data_batch_19.npz,150,1.0622614773822467,75.56230889813975,0.02120738284678471,0.0031439273325804358,0.03496811185768155,0.5164314817833454,0.00021901788332478735,0.00023877648565432674,0.91476861248769,74.41200731013963,0.020227726196840858,0.003008743522565806,1.111345289883562,78.23043279456891,0.02162546445145736,0.005960110216452495,150,1.062265530308085,75.56194514944356,0.021207470006296414,0.0006877670783494806,0.03496919079552706,0.5154845717540479,0.0002186700549935685,0.0003237432000690119,0.9147528212543813,74.41682345958685,0.02023501611060736,0.0005653324265185079,1.1114129487648838,78.20531453249018,0.021626296210060722,0.004580617407659141,150,1.0564640708339759,76.10125789897303,0.020838935694512294,0.0008792606114892017,0.035074699712262264,0.507272004603326,0.00021813130819432232,0.00020331109296191005,0.9082962349146623,74.96630505765211,0.019857446695428323,0.0006677406283094076,1.1054185708998245,78.73647570460132,0.021259052317564368,0.0030783240539325315,150,1.0578223456233222,75.83273396273479,0.02097888135932268,0.0009370255387920005,0.03546748826879595,0.5110480845970894,0.00021969326882292532,0.0002442106448647824,0.908595007630686,74.6973506329227,0.01997818789983977,0.0006007830001700802,1.1072008017760497,78.54267579159264,0.021398554829002325,0.003594670847875143,150,1.0582535200517726,75.8157363832309,0.02116084003443251,0.0006883456261506492,0.03505603606132416,0.5182097191490065,0.0002176401875918723,0.00024295660547498518,0.9101178433440541,74.65221179027313,0.02014945422356117,0.0004406492415538585,1.1072754786082322,78.64791468190516,0.02156725585400419,0.003408801788401576
processed_data_batch_20.npz,150,1.2317722778172546,96.4534845043666,0.0216161452356611,0.0032470876129251287,0.030162330864328374,1.0376923726802436,0.0001361841784165453,6.079831004416754e-05,1.0879117444728694,93.79132061968313,0.021190709343888742,0.0030838257486395892,1.2746030510941773,98.33981513693135,0.021950145081140182,0.003382637470192166,150,1.2317773937006893,96.45306478703804,0.02161629309725538,0.0007028833988492534,0.03016368980489869,1.0382688553533646,0.00013593669589623953,6.077727955843998e-05,1.0879356111356404,93.78937033094483,0.02119130419342606,0.0005785314677622744,1.2745373549460957,98.33846060910658,0.021950471746139434,0.000987302155631198,150,1.2297907791610174,96.68928023726536,0.021341794196699057,0.00063018352539978,0.030216100096383623,1.0256470444231436,0.00013851950886189057,9.715678522546327e-05,1.085965190515447,94.05045318689209,0.020901507893403923,0.0004327378618840215,1.2727384695727033,98.52265405357517,0.021669524831979356,0.000996329681716237,150,1.230416438169909,96.54528415012636,0.02144906380072743,0.0006831128504864799,0.030163828435066636,1.030633199532625,0.00013741616227158895,9.848725205620845e-05,1.0864283385713505,93.90225872272464,0.021018399544654873,0.00046918500410717895,1.2732449446348357,98.40060941540523,0.021774456215341235,0.0010380969034232222,150,1.2307734238209576,96.52668827114185,0.02157965184068234,0.0005195899824617032,0.03015607589205928,1.028957621663347,0.00013823339593492873,9.42836125177479e-05,1.0870588439631852,93.88825949445908,0.02113175887164983,0.00030388409851414756,1.2736376297395409,98.40825431229142,0.02190266618905935,0.0009205030610901695
processed_data_batch_21.npz,150,1.3757636667859023,122.61554260084912,0.022041959247379617,0.0033926548595778925,0.037744134783521635,0.8458182683844182,0.0001552916804865855,6.010995745758005e-05,1.1970296953335524,120.27315913873922,0.021726064177636357,0.0032548002184733887,1.4245506726357682,123.94084478740274,0.022418985019915016,0.0035402360176072984,150,1.3757678790294836,122.61513042715897,0.02204218100129702,0.0007687417507742867,0.03774850177019043,0.8459635755316905,0.00015566524819119945,6.466830789584246e-05,1.1970029361797931,120.27034077483634,0.021724752078019244,0.0006365693303816954,1.4245324854015948,123.94413585416433,0.022419957577276217,0.000988493590222774,150,1.3752765582282154,122.70160677221793,0.021853601605870587,0.0005468185620331506,0.03763451984718783,0.8445672448227437,0.00015397220910813125,9.140976656494115e-05,1.197107593240785,120.33493825856054,0.021534158261084804,0.00035083347135346585,1.4237437262250578,124.04665178724665,0.022234202711059192,0.0008492371843023627,150,1.3756678190752105,122.62343881888901,0.021943414372181128,0.0005601034390068834,0.037749628488348085,0.8457767858229838,0.0001535548196898708,7.731663373940572e-05,1.1971915520453782,120.25717519650341,0.021625891439473525,0.000400564124809178,1.4245676420576676,123.94055470649384,0.02231925767096167,0.0008024184095165466,150,1.3767785144234783,122.52726443161319,0.0220612305877793,0.0004521349796661661,0.03787500909352463,0.843817995978985,0.00015832031539975415,8.224415063379429e-05,1.1974602120640856,120.16709669734728,0.02173493806939371,0.00027719466674520313,1.4259969667739245,123.84186526391315,0.022463215431882063,0.0007717789729489194
processed_data_batch_22.npz,150,1.4307294628842457,135.8664208655227,0.022247158091697816,0.003463588289632874,0.053657490303693815,0.40831064182351745,0.00016088891512455153,6.605610849791879e-05,0.961485451050282,134.75646123743954,0.02180969097557381,0.003264480687550043,1.4831187520078128,136.5890711970134,0.022628718482939115,0.0036113836802061515,150,1.430733301663769,135.86603578609234,0.02224728298078439,0.0007849630655763121,0.053658566228523843,0.4081777290177176,0.00016064300713662275,7.250283884105759e-05,0.9614553401680913,134.75930897082097,0.021812467648257016,0.0006370903589784931,1.4830834287760601,136.58804069637944,0.02262525821910115,0.000976775817528529,150,1.4305098384720072,135.91268605861353,0.022099262428211718,0.0005253118512175358,0.053620468467441305,0.4074681245041838,0.000160875562790756,8.569893641342313e-05,0.9613135649404754,134.81992632945764,0.021634860556632794,0.00035699636832734995,1.4830750778890933,136.62107076457983,0.02244620921220221,0.0008675649251780706,150,1.4308628993615853,135.8596663407519,0.022179511314861962,0.0005504798461329174,0.05371139900666862,0.4074391510154921,0.0001592184000386948,7.127091510302512e-05,0.9607295330202702,134.74523394536473,0.02173000445559209,0.0004040083620840625,1.483269482741412,136.56731791429044,0.02254755407071354,0.000782365334928567,150,1.4319064955543603,135.7562177317629,0.022292343317440125,0.0004617853087856,0.05378486935332641,0.4087770314835005,0.00016265168490779935,9.263465386611514e-05,0.9615404518463979,134.67456854064923,0.02187678881837684,0.0002885287697911495,1.4845918360311952,136.48870067451722,0.0226731841736774,0.0007537234277857458
processed_data_batch_23.npz,150,1.4377960646286496,138.97517187347097,0.02240633232483663,0.003470478001863787,0.0571596809357075,0.3353840749197391,0.00014298192404212155,6.856725193293566e-05,1.1015789775995046,138.06102564570924,0.022042152721557934,0.003299148024128678,1.4948725066538815,139.80501844097063,0.022745984809852668,0.0036818490960800784,150,1.437798308388393,138.97491665822545,0.022406450127700685,0.0008029619292461359,0.05716033227614589,0.33487705524596045,0.0001424787256103975,7.497922264895025e-05,1.1015758110188434,138.05766207668245,0.022037908489226782,0.0006149570070106031,1.4948712144710794,139.80881153246412,0.02274918272910545,0.0010959041820491728,150,1.4376554872075544,139.00904559950368,0.02226945350022927,0.0005357675491921585,0.05706998973087591,0.33737183085841027,0.00014402830676053484,8.056945785323862e-05,1.1020045141502706,138.09889573113966,0.021905162412633,0.00039645165904420146,1.4949511536213016,139.8437986010767,0.022600416669233098,0.0009314294524987754,150,1.4379631696287019,138.9663277462968,0.022344000804878358,0.0005643555750135069,0.057137180875463746,0.3354544274526137,0.0001427614060248318,7.987069807910971e-05,1.1018755111198555,138.08498258547468,0.021985751511504892,0.000397779700953331,1.495118235040713,139.8029641903065,0.02265909692083762,0.0008992212016520623,150,1.4389762490888856,138.8624450429965,0.02245701450868108,0.00046135286495676127,0.05732367876304543,0.3387537607843781,0.0001467109210048261,9.004173819131595e-05,1.1020433089068846,137.9378104657184,0.022050263773684044,0.0003030822373171655,1.495830350386832,139.6366622358184,0.022818059725240182,0.000751811854745281
processed_data_batch_24.npz,150,1.4331288023244133,139.26921091752737,0.02255516722836704,0.00346791726933125,0.05650068388270701,0.347597570621,0.0001686703148642803,6.690444908061427e-05,1.188046551481688,138.22103876354947,0.022186691795991642,0.0032918021045532757,1.4947452968582178,140.04930616143085,0.022963895141091484,0.0036424183332240106,150,1.4331349902476513,139.2685439577751,0.02255545927336263,0.0007947483813148347,0.056500942390949,0.34793941272588846,0.0001688373015787293,7.132662986860787e-05,1.1880764882888832,138.2173808308987,0.02218621328917125,0.0006500014507172243,1.4947769419167007,140.05309654678578,0.022966049310459757,0.0009996537776781522,150,1.4329732290351467,139.30726618303248,0.022414971405854748,0.0005362352759065424,0.056411712076071596,0.34583019194446585,0.0001685071754877457,7.987275237622012e-05,1.1884286970315392,138.26394413004596,0.02202357354742333,0.00034790404908069503,1.494579487558655,140.09550922978437,0.022813375911549538,0.0007584315750843309,150,1.4332644593204182,139.26602277874082,0.022488230370428464,0.0005592481439115984,0.056472884475940226,0.34588759406765474,0.0001668801724681338,7.102326268373508e-05,1.1883567832420745,138.22260949285814,0.022118880025799387,0.0004295388745024872,1.494704896557204,140.03401592313347,0.022886376647362833,0.0008126263661231876,150,1.434289004877689,139.15585015833707,0.02260790319886032,0.0004532469798835355,0.056655428492101687,0.3467763150858398,0.00017180244424777155,9.586446402064336e-05,1.188396020295482,138.07267100530365,0.02221426322156569,0.00029548892076081075,1.4956637667933914,139.9330482534885,0.023059073092288537,0.0008180514950700715
processed_data_batch_25.npz,150,1.4451483496879973,139.36827517490923,0.022644744360318315,0.003637734469351648,0.053637378642384125,1.555874377621012,0.0006577002811949552,0.0010416956931499832,1.0359981560967926,130.18339562815012,0.016412939111185902,0.0033462862353872565,1.5010731322488835,155.30684306395156,0.024902796858815288,0.01290922944498252,150,1.4451440085011362,139.36868911437813,0.022644583279276473,0.001018417024698714,0.05363379887565297,1.5551785213929223,0.0006573013489517535,0.001309116161909591,1.0360546063579998,130.18471689311656,0.01641943379083931,0.0006483583595023161,1.5010563441190365,155.29741014145085,0.024906083265579734,0.012035469002013369,150,1.4450116101523671,139.39828141632188,0.02251078731609496,0.0007449484789487918,0.0535485997639917,1.5243882591972877,0.0006342743771137795,0.001171601145787261,1.0367876384036272,130.11017962507495,0.016668525461704366,0.0003930000872065169,1.5003065837695422,154.8303056101527,0.024766194425117356,0.00966530415821993,150,1.445307908691655,139.36147806709357,0.022579676662205794,0.0007748435816687161,0.05360303813163016,1.553027709039604,0.0006570205111765052,0.0012473910654166981,1.036377309080074,130.11607967393806,0.016369502935602465,0.00042537293110035245,1.5010791537772212,155.22704370489444,0.024840937274060535,0.010698860467173934,150,1.446313068571911,139.25973147797234,0.02269405755999686,0.0006825743624272307,0.05379536277609577,1.6233153790482562,0.000693363720897408,0.001335115125353763,1.0362189032220623,129.9180640038064,0.01591764380474475,0.0002895812084534118,1.5041125870115297,156.07233862611295,0.02494065372535203,0.011632577703583384
processed_data_batch_26.npz,150,1.451041058879535,139.4772279511554,0.02278974844965861,0.0035062691317451996,0.04684448269488159,0.40862029583648146,0.00019574430940635533,0.00013386234844498023,1.077743127344529,138.19080007377542,0.022169009374728023,0.0033652706246552755,1.5052503116397042,141.53987128081596,0.02420054922740997,0.004929944155946815,150,1.4510451997889122,139.47682206187838,0.02278989330067835,0.0008340635772957557,0.04684951881168982,0.4092188307756953,0.00019593847490071675,0.00020895779527927056,1.0777486464003834,138.1900349611281,0.022167217411873733,0.0006351563518609222,1.5052020500598347,141.54773152768735,0.024201065071991778,0.00309063049124079,150,1.4509107243225876,139.51251965246504,0.022651695182591417,0.0005764429111457159,0.04682496114364154,0.4062471941296365,0.00019244482201608183,0.00020503101588283617,1.0779908777266745,138.1662096048133,0.02205374075168005,0.0004154233115452898,1.5053605272094077,141.61415435229446,0.024054912402572435,0.002739409076979167,150,1.4511871420062425,139.4739002055538,0.022722374166787795,0.0005994136134254682,0.04685300194069522,0.40600103188528747,0.00019482739638763654,0.00021412488650819826,1.077575138783072,138.21695501895167,0.02211607589762046,0.0004150211100733317,1.5054238206682502,141.54717446999794,0.024145307092905126,0.002923455213297914,150,1.4522216668604542,139.3623342376406,0.022848118826135688,0.0005066125779418751,0.046975560155317744,0.4106737515122585,0.0001998226257075565,0.0002440659599782442,1.0779420793111143,138.16755926746006,0.02222026295138841,0.0002797104719869381,1.5064917723750055,141.34941544194137,0.02425609282149393,0.0031099728152397285
processed_data_batch_27.npz,150,1.4528018930665234,139.3606202251233,0.02287233963956218,0.0034949531672005,0.039436131857211516,0.32327149951810796,0.00015682305699027375,5.9542343007964365e-05,1.2608910575010177,138.5942351533625,0.022480988865644386,0.0033424242099165022,1.507537685453224,140.14589881601265,0.023284436238481775,0.0036525100879080635,150,1.4528004375015733,139.36074867898336,0.022872303198286942,0.0008037554138369746,0.0394327993556395,0.3234563257354387,0.00015690625737528664,7.267577080579893e-05,1.2609392058413191,138.59105729963173,0.022480601836372186,0.0006181092568737869,1.5075187243389117,140.14233594935993,0.023288125504897422,0.001119195604188335,150,1.4526657342282265,139.39637975565037,0.02273421338617058,0.0005382412156247494,0.03939330645432604,0.3214493377270029,0.00015296851120728266,8.308978142672699e-05,1.2611929348455024,138.6742448964627,0.022363489456785034,0.00033165787396186746,1.5074034903139213,140.20582000423462,0.023144498958946658,0.0009145189277509405,150,1.4529394991856346,139.35845648019568,0.022803450476833197,0.0005649488456965014,0.03940017164058782,0.3216967425119216,0.00015455577404925466,7.398337231524126e-05,1.2610494107505865,138.6409419955055,0.022419195111023384,0.00038045744857773594,1.5076314867441822,140.1540977644757,0.023217257968281158,0.0008956404293647548,150,1.4539869809515145,139.24534710522116,0.022929485805367335,0.0004624644479478197,0.03951844901760972,0.32758480185067756,0.00016094795922872807,8.956370266934064e-05,1.2616962202271413,138.48222460629103,0.022546647244854254,0.0002999952930936091,1.5087151120477056,140.02210659982092,0.023364879570314433,0.0006945840281988069
processed_data_batch_28.npz,150,1.455217762120542,139.52374377621445,0.022919800126892906,0.003485055405515108,0.028661970755212453,0.3386962774809674,0.00015421293739011717,6.36865827050915e-05,1.3580640803981798,138.6473815516865,0.022500564798817672,0.0033318183695608566,1.5085573277942204,140.38966944415586,0.02324698620201098,0.0036388471155189487,150,1.4552210707740998,139.52341609383853,0.02291986336353279,0.0008014648732629179,0.0286607793086374,0.3388937154521112,0.00015453066766614527,6.217069450857891e-05,1.3581041246706136,138.64673963481243,0.022498321033409676,0.0006463825745763453,1.508609637469903,140.38847015743963,0.023246285223806906,0.0009779569160481118,150,1.4550546615504232,139.5605702689644,0.022781773316248276,0.0005465110674828588,0.028671787919169075,0.3403055761474381,0.00015503042534781986,7.684113089506698e-05,1.3578228603953,138.69128850135598,0.022365414431646125,0.00040021742106722695,1.5085763481549261,140.44796636762663,0.023109347508437364,0.0007879391087259745,150,1.4553696152190587,139.51985344911495,0.02285177935487724,0.000563821033162043,0.028637292275668406,0.34040546118724213,0.0001530280173415129,6.507687726306274e-05,1.3581371639486413,138.6419577237302,0.022448758367197966,0.00042950204249280307,1.508735814606539,140.38651702355187,0.02316918780659972,0.0008053620323244035,150,1.4564210007258391,139.40860889228114,0.02297634169994532,0.0004665576208550648,0.028722375453576768,0.3429223539884061,0.00015363177778798633,8.57026478736967e-05,1.3587522626885984,138.52206103292,0.022558213856739603,0.0003086482678888865,1.5095866262778983,140.29335386879114,0.02334212486997072,0.000833587894257262
processed_data_batch_29.npz,150,1.4303639701152684,139.53376750488198,0.022971022444988935,0.0034742877999486316,0.06836934655619453,0.30005429653833865,0.00015485026118584405,6.476003969012305e-05,1.0301305137603163,138.75859805961855,0.02265787475529433,0.0032935106625685147,1.4932298944219509,140.33070228595088,0.023416416060132193,0.003635816332387164,150,1.4303656384935088,139.53358687848677,0.022971108176871927,0.0007860559418609341,0.06836953800257899,0.3000453146824624,0.00015484212218915252,6.917321640337693e-05,1.0301538245605557,138.75907380232672,0.02266126858140494,0.0006485270185890832,1.4932219647964933,140.3364378011615,0.02341333657919884,0.001003538072263809,150,1.4302325815089947,139.56871200098968,0.022832481798916573,0.0005295812702987332,0.06827133495259947,0.3002145733226543,0.00015515326376281012,8.635373775818312e-05,1.030445431551757,138.75380386665435,0.022516396096321976,0.0003824809182312441,1.4935989591611367,140.31962642004,0.02327401511299324,0.0008627073272116616,150,1.4305089750609037,139.5313856989862,0.022900946063536466,0.0005486021991783476,0.06837092672624744,0.29944541390431517,0.00015339258222758925,7.068280278448332e-05,1.0297290822865781,138.7515264279334,0.02259428526552391,0.0004188468304968824,1.493516368371197,140.28382731441317,0.023336220929483384,0.0008250495759139196,150,1.4314980341540364,139.4220899404236,0.023026104680253765,0.0004324848901893724,0.06853192839172917,0.2983343167370452,0.00015764308204692002,8.893134076170345e-05,1.0305844038645804,138.61895866309058,0.022719668324811166,0.0002845988145970996,1.4946109847764233,140.20152802072485,0.023511543597822964,0.0007909144320613695
processed_data_batch_30.npz,150,1.4450859757912065,139.5316948762361,0.023075400531845886,0.00358481266721349,0.05207435598645796,1.0182057224475871,0.00042041848719246724,0.0006865950459792211,1.1546542703756577,138.50383012283055,0.021129084233485793,0.0033127536670528447,1.5061947295643672,151.00087024443366,0.0268576453253131,0.010559585390963409,150,1.4450845556848106,139.53194868849306,0.02307521357457728,0.0009401287537687869,0.05208580498708533,1.018320403704247,0.0004206332153433108,0.0009260806857921165,1.1544171803720535,138.50163709279738,0.021125739363522907,0.0006168054544725121,1.5061923426658534,151.00536159382688,0.026859760212050353,0.009839435896090704,150,1.4449422383202606,139.5683191812827,0.02293605063101442,0.0006801740692134554,0.051984751784023626,1.0202696384120067,0.00042198363146567555,0.0008930674014110015,1.1557256488933005,138.5781095357909,0.020973281526580033,0.0003870296917444507,1.5059504862232613,151.03811540552132,0.02671004437697114,0.009120253556989344,150,1.4452294947076567,139.5305252631499,0.023004093941447847,0.0007029216276015424,0.05203870396737692,1.0219148839410703,0.0004221874337260064,0.0009243628413016463,1.1554470292623307,138.52437273980195,0.021024689722250477,0.0004249613277518953,1.5063805172102975,151.02199428781074,0.026791335400921962,0.00957427170240398,150,1.4462729523016151,139.41444838563368,0.023134906203522945,0.0006064486313353672,0.05214125641047277,1.0218481749752801,0.00042477632579108847,0.0009749943359353958,1.1568794348797689,138.4037967065171,0.021180344873978654,0.0002782023652531848,1.5074171127819054,150.9076502342035,0.02693391099385319,0.010141283570718963
processed_data_batch_31.npz,150,1.4499126725379319,139.33525711351425,0.02309649994571067,0.0035452929852596827,0.03515295421771889,1.1801715950770924,0.0004060446270582863,0.0005983478429220737,1.313866394719117,125.72552492626836,0.022598761503690924,0.003305743529972821,1.5030740856433191,140.44515438637092,0.02753239210513862,0.010775870107901122,150,1.4499106094983043,139.33548072501168,0.023096385596176987,0.0008623888862354917,0.03515398399352319,1.1797899384753103,0.0004056945270165383,0.0007478408484817796,1.313870217313021,125.73007326216329,0.022600949788833157,0.0006397983498945815,1.5030927397804794,140.44475594050354,0.027529246709509327,0.009916766493811666,150,1.44971938524573,139.3765971315503,0.022955344170521676,0.000594118977319951,0.03515438226577952,1.1637848129953183,0.00039804857556614257,0.0006538370679897515,1.3140668847689336,125.97846038218826,0.02245067854359018,0.0003684417251110461,1.502679532458545,140.4722711329644,0.027279604798540153,0.008477657360914203,150,1.4500368096809866,139.33458356925283,0.023025799649099753,0.0006211725321847656,0.03515665557117088,1.1761852116946259,0.0004067569321932872,0.000684390074949789,1.314138843666841,125.78045054829848,0.022518570446258632,0.00040832047322953287,1.5029367701487892,140.43364685483962,0.027467233348881404,0.008891060751591635,150,1.451140093861221,139.21480693980627,0.023157569029141532,0.0005240255267005105,0.03519688054667976,1.2309924420768534,0.0004331891871467722,0.0007325394535613917,1.3148520290331036,124.9864086318568,0.022694617295984938,0.0002858558458096963,1.5043126882048314,140.3515954437017,0.027925848685437946,0.009367953929784649
processed_data_batch_32.npz,150,1.4501583413894121,139.4807940949098,0.02311473946937651,0.003489052198082813,0.0387760023477262,0.3502155303999218,0.00015711092956686886,6.76538627941162e-05,1.302953822857202,138.66479722772635,0.02271940682932075,0.0033372717721256427,1.4963981765079208,140.26390971145636,0.02352361567398822,0.0036455352305859267,150,1.4501589592190134,139.48076674202218,0.023114661143743376,0.0008027097876563109,0.038775389805286796,0.3508039789474676,0.00015732098048398276,6.62321203000992e-05,1.3029554226171154,138.6650223431626,0.02272046382317603,0.0005568599190094554,1.4963427083511136,140.26188678431038,0.023523962755424982,0.0009713638251030585,150,1.4500364968502182,139.51357708014402,0.022978505325851842,0.0005421325272791209,0.03876939682758261,0.3471414006842134,0.00015509122169599356,8.072969336268082e-05,1.303182283520173,138.68444614516858,0.022618960578306598,0.0003792759682783856,1.4962936674380618,140.28676769531856,0.023392393683184725,0.0008550981278808348,150,1.4503112501830504,139.4776188164219,0.023044850651851564,0.000563035236435866,0.03875741822842825,0.349643883550091,0.0001548064500206307,6.961004196548539e-05,1.3032204597575623,138.63859173412703,0.022664034874235416,0.0003968941402661016,1.4966743222768952,140.23777030330803,0.023457361839922024,0.0007529991797370816,150,1.4513339997475243,139.3665144296834,0.02317375331213333,0.0004656348358859404,0.03884707508215278,0.3533404302155041,0.00016064937679641537,8.934268044174348e-05,1.3038310901541241,138.53828713662023,0.022754989851316215,0.000289896638699677,1.4979497817805447,140.18645866561454,0.023585944540489172,0.0007462979721957488
processed_data_batch_33.npz,150,1.450352745418027,139.47237229603246,0.02311689306106096,0.003481897620493511,0.04777348675388557,0.29814023144048957,0.00015527401515148212,6.767118197046627e-05,1.2078914061530739,138.80124244452307,0.022720613487209836,0.003324674059365154,1.5065804019337763,140.18883898554745,0.023511012874791678,0.0036624160755196872,150,1.450355867785992,139.47199057169652,0.023117172587518386,0.0008019830100849118,0.047774635978941174,0.29834901176450546,0.00015532578479332448,7.643187965146093e-05,1.2078328463174686,138.7979244391475,0.0227203016368248,0.000646781201083599,1.5065509782078734,140.1930212525883,0.023508314625037736,0.001155839835013816,150,1.4502249412797341,139.5075650695903,0.022977939020074157,0.0005420933018666889,0.04772092988126014,0.2999746869866506,0.00015511413983217113,8.539757919431706e-05,1.208283692952227,138.86130805853765,0.022588553595302683,0.00036944676480413436,1.5068630562218992,140.2077838292621,0.02336774102621918,0.0008902153442919683,150,1.4504915423430147,139.47220172429866,0.023044205649516616,0.0005664748531406138,0.04774616320483364,0.2974909028559406,0.000152687109861154,7.894528244808505e-05,1.2082259186826214,138.8300954208261,0.02265709096910421,0.0004268658361012325,1.506841252297959,140.16329159504,0.02343072329454601,0.0008812855694071797,150,1.4515457484771113,139.3562597670576,0.023175354726438478,0.0004616946674292538,0.04790838829483852,0.3002835326110883,0.00015815908997725116,9.932228240487983e-05,1.208619539256325,138.64001354696342,0.02280287819744224,0.0002998206934794401,1.5077090896055603,140.06100991843908,0.02357841955061798,0.0007873723209245341
processed_data_batch_34.npz,150,1.4505046357979563,139.53347300984626,0.02308430785762006,0.003536601693720744,0.042764273514925094,1.0174231343684268,0.0004306748419366956,0.0005616722855524036,1.2858691806212796,138.57156255248975,0.018846968992266972,0.00328470382447601,1.5067728714467348,151.23939360841334,0.02525123448829834,0.010244119332691025,150,1.4505090401543215,139.53301844295342,0.023084450200678865,0.000882386082642449,0.042764548414265954,1.0167346165662132,0.0004306970876216694,0.000719239768213331,1.2859386869267002,138.5764489218525,0.018850629463560514,0.0006417031992665865,1.5068076954524696,151.23024844479104,0.02525396981613917,0.009348663222372275,150,1.4503497444677131,139.57089682472514,0.022944626906876413,0.0005990006723677285,0.04269295954957992,1.0020461079982503,0.00042819528727916837,0.0005506306559465697,1.2877192227384042,138.65313894026679,0.018759270037075764,0.0003724499958164631,1.5066813455774113,151.09379823562747,0.025136661301385806,0.006825225730690079,150,1.4506273182929528,139.5347402916788,0.023011438551291567,0.0006347958081407393,0.042720838806680546,1.0181826680126767,0.00043497003049790213,0.000625268542853068,1.2869915905229683,138.5844988695648,0.018727122143136644,0.0004278001923829957,1.5070143379824747,151.2454112616388,0.025195917363112486,0.007856900161762624,150,1.4516355980634899,139.42518008173954,0.02313941191154751,0.0005348151865315572,0.04300276197031092,1.0774016103839632,0.0004559633837201098,0.0006717464205092867,1.281427975444518,138.41001478709154,0.018518309220152282,0.0002774286350532479,1.5079642286217707,151.89089405468005,0.025288267992565328,0.008302920869836326
processed_data_batch_35.npz,150,1.444350016111219,139.4034197764386,0.023112893123217824,0.003495384715615796,0.04688567907893969,0.364709409849477,0.00017259411646939127,6.868866956699366e-05,1.2461278179512811,138.37767845934505,0.022653664462080052,0.0033222042991392278,1.501857292068797,140.39298585933858,0.023490735954111136,0.00368180794534198,150,1.4443557606761157,139.4027459170817,0.02311334460336316,0.0007979766191800207,0.046889485527459425,0.3650337507831332,0.00017263520208260526,7.912223577209376e-05,1.2461164843700758,138.37655400657923,0.022653151409492294,0.0006675536053101657,1.5018959014941033,140.3932905092735,0.023489343952263927,0.0010649579084702138,150,1.4442087936346357,139.4399171308214,0.02297355349122972,0.0005328268899749343,0.046805959596241196,0.36197986853183245,0.00017213594198974154,8.085278171304207e-05,1.2464777208028193,138.42936041533412,0.022521278477405222,0.0003854105595135314,1.5019469683120883,140.41711324379364,0.023359977348205257,0.0007820315551689161,150,1.4444975335368477,139.4022158708336,0.023040996772786145,0.0005610283844577414,0.04684805158481395,0.36257876939995615,0.00017139889212886984,8.120933513908359e-05,1.2464571705210932,138.38067289604314,0.022578042465467265,0.0004236653815171308,1.5020975226955562,140.37728201524124,0.023447935873937287,0.0008807760492082382,150,1.4454824044873265,139.29291941978556,0.02316913483444892,0.00046396223887276017,0.046993977796159075,0.37023077149633077,0.00017621731911723594,0.00011203306848274511,1.2469889038619428,138.26651520823972,0.02271980747391309,0.00029113004184626984,1.503119059106077,140.322754580275,0.02354854240756478,0.0009062365218151427
processed_data_batch_36.npz,150,1.4485099939487076,139.36676100696394,0.02308353945032029,0.0034837949223751868,0.0496839377723597,0.339695427159924,0.00014302736578416175,6.96811715537243e-05,1.1124124879094317,138.391811281971,0.022700993242530217,0.003301565056058524,1.5057636358522155,140.1837295563464,0.023437105817786786,0.0036580151122526713,150,1.4485093808086196,139.36676413607526,0.023083667291505846,0.0007886930003654113,0.049684970527182466,0.33953998071672314,0.0001430556103375621,7.344780890761964e-05,1.1123771727288745,138.3809110624595,0.022704165130821637,0.0006368256531590676,1.5057828347654763,140.18425163559525,0.02343834478857468,0.0010020814202148561,150,1.4483936202961998,139.39980108871575,0.022945911351205186,0.0005287222631866452,0.04965783669484763,0.336060014362069,0.000140162134465676,7.95814546278304e-05,1.1130270257524917,138.45037048979944,0.022576356144472592,0.00036504607980112735,1.5059901237589386,140.18732165405268,0.023294209943474805,0.0008414512425514199,150,1.4486729392518414,139.36239927384545,0.023013436588865174,0.0005477159830118337,0.04966832538747946,0.33744010197298824,0.00014063946958393662,6.864092885687905e-05,1.1129143918094704,138.40960132500385,0.022630516808215543,0.0004271203288844815,1.5060434035994157,140.1746526520792,0.02335903911502792,0.0007921176958654451,150,1.44970380982748,139.25101678204132,0.023140847973217457,0.00044992954173326616,0.04979028994589579,0.34326797377401363,0.00014559304283692952,8.862369887056214e-05,1.112793091803574,138.31345562839758,0.022752713168030396,0.0002936116671810374,1.50671124116744,140.1328303157661,0.023536762769213394,0.0007635784346882299
processed_data_batch_37.npz,150,1.4505054508937898,139.36082036376538,0.02313023765159491,0.0036107938419285015,0.03900226474994195,1.063895799332757,0.0004123009759266684,0.0008224305283616155,1.238810755287019,130.73016838419872,0.020825006286102694,0.0033226441864150063,1.4981293020190432,148.095058091684,0.025876089022298338,0.01075922587734563,150,1.4505124651448715,139.36003236849427,0.023130664064780024,0.0009607613831481864,0.039002061167851855,1.0637460815940274,0.0004124640463870104,0.0010577424195885707,1.2388132460307029,130.734401564154,0.0208201608950671,0.0006429492553891387,1.498128501791522,148.09260433289043,0.025873459652036305,0.010083505594383792,150,1.450335237648565,139.39877424958013,0.02299110293483679,0.0006835363998788975,0.038978768477198514,1.0801325852780985,0.0004173047258056345,0.0009622993207194508,1.239108668205508,130.5790070454532,0.020664692325351973,0.00038982982801803306,1.4981646335937462,148.255733738625,0.02574643472137088,0.009298290595515086,150,1.4506382579537747,139.35986498608452,0.023058999789741703,0.0007228069103971576,0.03898620874837761,1.0756117840528494,0.00041619159012656713,0.0010159926427030991,1.2389912927060553,130.57645901659004,0.020751996739109588,0.00042873011103960177,1.4984896967867525,148.1694229468123,0.025833440129079326,0.00977058395200325,150,1.451702699254393,139.24274154801694,0.023190687220412124,0.0006323052266988047,0.039062011286396595,1.0818569899433166,0.0004170158719894633,0.0010880022055521988,1.2394705616231443,130.28262151351305,0.020911214766403566,0.0003044259376642062,1.4993462112344675,147.96541411806626,0.02595569223366745,0.010380645351319849
processed_data_batch_38.npz,150,1.4543954337171143,139.249411434708,0.023052088984897447,0.0035423368450950205,0.03559857207817641,0.9285711083814586,0.0001865827846131955,0.0006493788148587966,1.3282634833340405,128.84539741185873,0.02216433604611316,0.0033011815388163876,1.5023019348495485,140.34405404120585,0.024041443586298734,0.011402464119861781,150,1.4544007034043736,139.2488357365269,0.02305239121799274,0.0008805812347937432,0.03560096169662322,0.9283403415789954,0.00018658159390189176,0.0007996632582144418,1.328259320326643,128.84686378383802,0.022163496799097775,0.0006532384965310261,1.5023575789292603,140.3429624860856,0.024040933255046564,0.01056060460445454,150,1.4542404805887457,139.284395139908,0.02291525841139946,0.0006224431942802196,0.03560542304835686,0.9406530902666042,0.00018796613741345612,0.0007807264027013894,1.3281365106462035,128.72152865966854,0.022040466672037302,0.0003633542964718171,1.5022897899277992,140.34161799536187,0.02394629602272044,0.010042702606443877,150,1.4545332624275238,139.24687400486917,0.0229822204254539,0.0006418184780436267,0.03559230250147693,0.933250767917567,0.00018675664306595013,0.0007991835881516584,1.3283887345909573,128.78134627175848,0.02208314830199846,0.0004000872348335571,1.5026073570609024,140.33741222782461,0.023986294133325762,0.010304823424453897,150,1.4556151513510354,139.13177027582736,0.02311014022154761,0.0005355876274755495,0.035687181424291954,0.9393160915207949,0.00019097080864545734,0.0008302901586661845,1.3290887737099208,128.62914364359528,0.02222583637631828,0.00030040667604605786,1.5035439734924716,140.2664277772431,0.024091624672331884,0.010559148241007892
processed_data_batch_39.npz,150,1.457149118852636,139.25994520686461,0.023128182931771553,0.003480212117092513,0.03758410161096764,0.3303398759596214,0.0001608577785346525,7.380644531205294e-05,1.2709099113840117,138.64479671151852,0.022690915937854925,0.0032975075691756505,1.504237028687024,140.05853982009944,0.023517064760413164,0.0036714130545957616,150,1.4571532927862236,139.2595226899419,0.023128305986813404,0.0007974579265161904,0.037578880019400886,0.33058559703858714,0.0001607207819402309,7.571248669424321e-05,1.2709119735823275,138.637344003611,0.02269407597485506,0.0006340519625060883,1.504255620685126,140.0596492737679,0.02352205332409182,0.0010311303056436626,150,1.4570115464911801,139.29591124981155,0.022988938414490477,0.0005367479070880965,0.03755153268486355,0.3293002112991856,0.00015975391764597242,7.556894215495993e-05,1.2712226570416838,138.65791058479496,0.022550712024548485,0.000386188022184979,1.5043013385140656,140.1056062030045,0.023377960608030664,0.0008010812951964066,150,1.457280654051339,139.26041466392772,0.02305524880994025,0.0005628272871718282,0.037572200301541694,0.33025893500634423,0.00015936898902204643,7.208635446489479e-05,1.27111307843347,138.63685815590782,0.022632345317171777,0.00042709035570121645,1.504567853318577,140.0822730111572,0.023440090520299425,0.0007986330974106967,150,1.458342323695112,139.14441880311225,0.023187154528550098,0.00046222429922511963,0.03765701435516185,0.33240360249858664,0.0001648102370296819,9.316334089618863e-05,1.2716675617589912,138.50274355588834,0.022768912039902185,0.0002939793722836197,1.5055393182714398,139.9773476848244,0.023592534469850088,0.0007932394303629154
processed_data_batch_40.npz,150,1.44435941542463,139.13475260050782,0.023174217282081428,0.003623225066385897,0.060325719374742695,1.6914590988344052,0.0005539957336568767,0.0009973312639698934,1.0768944084970604,121.14986371793526,0.02235991156846355,0.0032722841164951094,1.4956618392898275,147.62539827290607,0.029119808805518066,0.013329250101097593,150,1.4443651597228941,139.13409547230793,0.023174656304159953,0.0009806524212311513,0.06032687406388507,1.6921891074804838,0.000553822024754192,0.0012381613557093528,1.0768903070703786,121.14851432269388,0.02235950338026898,0.0006397670652646422,1.4956392544456474,147.64113633551617,0.029120543157349014,0.012701457974197519,150,1.444191479239449,139.17582941667,0.023031340842998384,0.0007140355388293131,0.06024761754251165,1.6703071401917493,0.0005446326056806623,0.0011432148854668394,1.0773200894805777,121.44455720310073,0.022240011262206875,0.0003904606681240632,1.495545859253279,147.57252595404177,0.028834638584079073,0.010922671597678662,150,1.4444832662839788,139.13553812682326,0.02310133769343203,0.0007465153720645255,0.060318342686261274,1.6864304052614048,0.0005543820360399509,0.0011825677122504492,1.0768388963096778,121.2291822650167,0.02230828785014077,0.0004416910296935505,1.4957589678095524,147.63717735912948,0.029047330315694928,0.01143806343969383,150,1.445546609046057,139.01955014848403,0.023231353867855353,0.0006538591520836527,0.06047222274942984,1.7455190787362476,0.0005818596651614865,0.001244161128312553,1.0773473409092575,120.35085854183698,0.022439530300538593,0.0003081891474936764,1.4969094507933984,147.64642444450482,0.029554608350531506,0.011960218204133994
processed_data_batch_41.npz,150,1.452807906110495,139.1295133130218,0.023145806903663985,0.0035219888984337686,0.03236439104949568,0.37433405946421544,0.00040648349145236753,0.00023104900815331642,1.3079447689461319,138.21866013684328,0.021762186904349768,0.0033347568064330847,1.5108919050543603,140.07637796786543,0.027569523429975793,0.006197555571308013,150,1.4528084399700651,139.12946222159508,0.023145828718928403,0.0008362236760549897,0.03236859780862774,0.37455736203282963,0.0004066066745504704,0.0003653884193025927,1.3079453073882943,138.21553995442116,0.021762548856600967,0.0006171283895375709,1.5109148848439249,140.07805369850712,0.027570525998410235,0.0050750160971507864,150,1.4526977830571435,139.16233777751594,0.023008569913648216,0.0005807477138806107,0.0323523840170627,0.3722014903950511,0.0004077704100540124,0.0003821486530196807,1.3081387744651305,138.22387883156105,0.021642336148170037,0.00039370104903177066,1.510737793019924,140.09596056756652,0.02745951568430742,0.00498146026243927,150,1.452974524347148,139.12534281608237,0.023075896806169584,0.000605278238958345,0.03234058004124612,0.3734387573554395,0.00040938446304437064,0.0003806473843663113,1.3081248709161777,138.20281551861302,0.02168182438193307,0.0004252021210639711,1.5110309082489912,140.05567745808744,0.0275400181200209,0.005013593229359983,150,1.4540305605472186,139.00943872112165,0.02320691725413896,0.0005093337378985564,0.03242878695691784,0.3856976408294501,0.0004035862805328789,0.00037706507303265067,1.308770711073752,138.03969939875577,0.021850155662155233,0.0003099922335746386,1.5122518900493411,139.97035671937687,0.02755564047017902,0.00482589267668521
processed_data_batch_42.npz,150,1.4373924355887682,139.0298737089105,0.023136144809025604,0.003480737449204295,0.07157593623918719,0.3413350065926265,0.00014734088426281703,6.940409517768237e-05,1.0819447058919114,138.07187047785635,0.02282418988194383,0.003286012627109755,1.506449147075794,139.81580247533336,0.023596807163867937,0.003712161634428225,150,1.4373953518495197,139.02956708445262,0.023136247844803674,0.0007937141391976774,0.07157606346046322,0.3417216772154627,0.00014752570681799394,7.75318303034885e-05,1.0819788185398036,138.0757451339961,0.022828258296047812,0.0006361950551134162,1.5064549975975547,139.81905455030358,0.023593903783559474,0.001155794006506334,150,1.4372739018963765,139.06463315569658,0.02299605590306586,0.0005453330211016686,0.07146711392048112,0.34391281112221556,0.00014664213904717267,7.443925684679403e-05,1.0825639955114645,138.06311672454285,0.02267615067054921,0.00038893446413371645,1.5063929323675238,139.85609986807404,0.023477006379789542,0.0007892625695300867,150,1.437543997356792,139.0270231130888,0.02306406350599479,0.0005611374892740567,0.07154984729385616,0.3440000089516172,0.00014618588576414032,6.845202247488498e-05,1.0821652024532642,138.05537384055444,0.022755300138099555,0.00044196931800771056,1.5064532955130847,139.81635914641163,0.023529727911626063,0.0009223042252018022,150,1.4385415772248413,138.91960627415617,0.0231905583660064,0.00045655155165322925,0.07176771033987059,0.3437397893603354,0.00015044743925063064,8.829421178810462e-05,1.0821003720247475,137.91758156151639,0.0228570488802725,0.00030278553129122604,1.5078054572381832,139.76600691338706,0.023695384764410424,0.0009768922600227245
processed_data_batch_43.npz,150,1.4466733384260153,139.06220241203525,0.02309575596582893,0.0035899357518493105,0.04747873346835874,1.4160639100855037,0.00048513868891614356,0.0008874508567262934,1.207489559652854,138.2206367640165,0.01829596003135169,0.0033413461790480496,1.5054651131344874,155.83779697303396,0.02429542585071822,0.01385190994113201,150,1.4466734194601087,139.06215698602543,0.023095827472488634,0.0009410907485410835,0.04747865171360443,1.415746942378468,0.00048498623241570194,0.0010902793291110127,1.207467853577102,138.22377517101225,0.01829842727943126,0.0006067324163965431,1.505430734977092,155.83444085429494,0.0242958206626882,0.013259141357226608,150,1.4465384432138277,139.1005178828041,0.022953996521308875,0.0006778439161319249,0.047408438263436284,1.4360248713285884,0.000502607998189837,0.0009420444556392729,1.2078337799450414,138.23502311254097,0.017899778879009162,0.00040492263455692333,1.5053091373767642,156.12693013555275,0.024206439656300944,0.011252801369608217,150,1.4468288370276878,139.05915815986359,0.023024066084178323,0.000702352790131298,0.047469005576326335,1.4231381371294463,0.0004924181617562293,0.001021817407081127,1.2076807496168702,138.2057604820055,0.01813042083487215,0.00040987404821653966,1.5055310539311928,155.92939551245743,0.024249182599097342,0.012190885949199915,150,1.4478400533974674,138.94937353034805,0.02315190820781638,0.000609108403340999,0.04764951030376044,1.465274675506691,0.0005047937845074863,0.001089050646036474,1.2080749487012326,138.0723077620545,0.018075452999306803,0.00029189342540864754,1.5069770580978679,156.33376819414897,0.024338177462554556,0.012662421318092908
processed_data_batch_44.npz,150,1.4526592340893287,138.66709956729747,0.023164490174887937,0.0035037489273814677,0.03814989917619153,0.3452545422113133,0.00019005102985562822,0.00011078519342349841,1.222882438870687,137.84186688347964,0.02220992010753116,0.003322356157527577,1.5074644688310823,139.4710490586978,0.02423990877290798,0.004550210756399678,150,1.4526625176940617,138.6667688842644,0.02316461241574682,0.0008216933247324252,0.03815158122492067,0.34508124510321797,0.000189942603514163,0.00018653038304584463,1.2228705414545344,137.84813656130333,0.02221068320215092,0.00066067009291109,1.5074449215951882,139.47406254298414,0.02423777973812733,0.002858742248111092,150,1.4525120804569107,138.70416168945076,0.02302362730883622,0.0005597876091381202,0.03809178863074206,0.34661393507432153,0.00019242822140394132,0.00019546229141199673,1.2232713791536285,137.8765122053292,0.02205861843901779,0.0003789115931130924,1.5074635021904643,139.49365765035586,0.024131249513966044,0.0026434956505215464,150,1.4528165495095784,138.6641785288219,0.023091658530443836,0.0005864672737889008,0.03812285457392903,0.34531390598001716,0.00019026527935924744,0.00019669349618659494,1.2232137175772024,137.82828866811852,0.022124868586332787,0.0004189731142857829,1.5075674457174648,139.47553306158673,0.024184099297399807,0.0027488947398205915,150,1.4538345718461863,138.55505630923332,0.023219528808736775,0.0004911303181518796,0.03824284954609363,0.35457360161194224,0.00019537651256539636,0.0002114568781393156,1.2236289622384517,137.65201894216648,0.02226788396215446,0.0002811747962979748,1.5085598419946173,139.3819608166209,0.024306363098652205,0.0027546556454302903
processed_data_batch_45.npz,150,1.4481843201330877,138.45097164108466,0.023123699966368143,0.003488118045478205,0.0343668827779769,0.3246991779178964,0.00014952717470026168,7.050239963872157e-05,1.30959833707843,137.4868977849456,0.02277826684837147,0.003314288884460648,1.4906451575754522,139.2010738620281,0.02351738509921957,0.0036802054787226776,150,1.4481851748987666,138.4508446941478,0.023123810534127546,0.0007945920151108768,0.034367506236887904,0.3253772221895344,0.00014966464231199383,7.76442548659952e-05,1.3096226012465146,137.4879690678183,0.022776978248673387,0.0006551825811671293,1.4907328008212257,139.20318350061245,0.02351792482451321,0.001092734408970349,150,1.4480606567405458,138.48617920411908,0.02298336214290605,0.0005262876786938247,0.034351160143347034,0.3201794133548044,0.00014637407137411523,9.11436114718794e-05,1.309633817429517,137.5239297491566,0.022635940384057945,0.0003520664809864938,1.490232316243771,139.20041563586483,0.023346313770072062,0.0008871944655898233,150,1.448361865797393,138.44543836316103,0.02305205261022722,0.0005534367307731029,0.03436041469304707,0.3217178654655195,0.0001471080318832851,7.98968271620487e-05,1.3097185665719173,137.50121796336666,0.022709814376101152,0.0003651542509417482,1.4906222874824053,139.15398177996298,0.02341611092066979,0.0008567781447156665,150,1.4493631062974033,138.33734006721133,0.023179706483777616,0.000456257835860844,0.03446270237253829,0.3256206242533905,0.0001522242836991678,9.068414006772021e-05,1.3106994807311498,137.33137284839958,0.02283588811846207,0.00030041931273162294,1.4917833554794748,139.07232528586584,0.023632456212703958,0.0007818585333144323
processed_data_batch_46.npz,150,1.4351221577134308,137.74779661715098,0.023205911543454586,0.0035722642687129186,0.056086482698039446,0.903718391275784,0.0005038151733217543,0.0006813935612433438,1.0639259194189243,127.55565944160847,0.022047346705673605,0.0033524330745863733,1.4990426856915267,138.60799110909178,0.028112287972793942,0.011539275453963063,150,1.4351273068213626,137.74721218858025,0.023206199289045173,0.0008948171639250701,0.056081991936868296,0.9015808010023804,0.0005026279391255799,0.0008400200467111248,1.063950788085718,127.58273547497029,0.022048719442846625,0.00061674759861974,1.4990362212242379,138.59111665695636,0.028097583995965677,0.010524438433971293,150,1.4349588333165113,137.788205456837,0.023061688563800246,0.0006328873933948334,0.05600417236258184,0.9030035267636304,0.0005037134267307532,0.0007610703610846886,1.0645489451109869,127.58827792881529,0.02187857816278291,0.0003856648151737169,1.4986128473454905,138.64043300496223,0.027949846068616876,0.009176176269274755,150,1.4352718617885167,137.74608645660788,0.023130442404187365,0.0006547570783959966,0.05608540802401812,0.9026458016007765,0.0005011237129499712,0.0007593392998379801,1.0640783543652155,127.56683046405105,0.021956186735036395,0.00042492240096936486,1.4991750187412116,138.62557633792147,0.02798199403846964,0.009176647466337947,150,1.4362768945213946,137.6336382195643,0.023262226837985248,0.0005490253153689357,0.056225323767546145,0.9055047908359483,0.0005080183611472264,0.0007725433597164976,1.0642358462954418,127.42175887138214,0.02216504437713108,0.00030621707199059465,1.5002850869149227,138.48115308330725,0.028256481511856113,0.009226536176314814
processed_data_batch_47.npz,150,1.431056321293302,135.78657994260186,0.023224353831252077,0.003474118473181577,0.05667144392953941,0.4104883871508531,0.00017018613309346324,7.744565001948531e-05,0.9672325132655911,134.71217296550472,0.022849245405286926,0.0032928459473851937,1.4950922725858138,136.90858504416238,0.024345645503573612,0.0037142719072741984,150,1.431059686987666,135.7862270501822,0.023224548478315267,0.0007917258731937335,0.05667601804831201,0.41074307032171636,0.00017032859839433376,9.245369838425148e-05,0.9672205916155705,134.7091954482213,0.022851228293364393,0.000590365510542944,1.4951218022836088,136.90894000750578,0.02434514644045068,0.0014473274433404286,150,1.4308641293008009,135.83259279458778,0.02307412204307848,0.0005320801255756063,0.056605725183817034,0.40734253190534125,0.00016795716971634622,0.00010404984231961033,0.9673704856536616,134.79804572990054,0.022712426244891906,0.00037222793144095815,1.4945285582803327,136.94339277120667,0.024187373779330834,0.0012650632599963939,150,1.4311909208672235,135.7849237552996,0.023145649640501545,0.0005586767659659044,0.05668987107508096,0.4091367968372509,0.00016790371851180258,9.629837011255988e-05,0.9668622832709417,134.73362955629068,0.022776570060092052,0.0003804781957928445,1.4951683230988833,136.9009491619177,0.024264118676168855,0.0012908578879014018,150,1.4322276658116166,135.6753591032774,0.02327370234170467,0.00046341600646496563,0.05680952379957669,0.4111655456395857,0.00017488150810043873,0.00010641171476174021,0.9673040500973965,134.59815283297337,0.022863099707972245,0.00031012087519086807,1.4963031972598895,136.82531646974422,0.024400338544833505,0.0011969791108814775
processed_data_batch_48.npz,150,1.3642229620206858,121.67148124937019,0.02316684842428517,0.0033917257333464794,0.05294098544896225,1.9660358117299412,0.00014079716655241166,6.849238509616262e-05,1.1721958848566494,118.81334315807773,0.02283480605721162,0.0032002031760973424,1.4293067154206114,125.96479163583568,0.023581484115298798,0.0035748420833291252,150,1.364220206627273,121.67170858538542,0.02316678108456998,0.0007626306888858105,0.052941445010893796,1.9656449738757829,0.00014121956036359468,7.2796762500694e-05,1.1721866219583954,118.80850845816344,0.022830925061455263,0.0006161668589617077,1.429343934843113,125.96840637110769,0.023579848450717873,0.0010373437492754995,150,1.3637189798847678,121.76266567842971,0.02296982206862743,0.0005385658355092701,0.052812046346535,1.960885851021311,0.00014281597445997942,9.843957067212952e-05,1.1717643912168925,118.94910531664061,0.022627460147058232,0.0004043408134110498,1.4291002665344514,125.9927953691651,0.023412577805264425,0.0009153420670711786,150,1.3641006812295566,121.68809089746661,0.023050093185008412,0.0005520335353912585,0.05294041393082244,1.9633980507192499,0.00014110370733693567,8.256908972362649e-05,1.1720108112524403,118.856097586948,0.02271903145955973,0.00042736469938477444,1.4294285283242971,125.95214986704136,0.023487021441493724,0.000934361844114354,150,1.3651487366491355,121.59052417047486,0.023183603613500595,0.00044448188533043146,0.05313571296594978,1.9609422421697205,0.00014159009187761758,8.480741680853403e-05,1.172322433169713,118.69950321874359,0.022837934404968157,0.0003021267322159123,1.4304534834474791,125.86110071552662,0.02361041351999393,0.0007118551968118459
processed_data_batch_49.npz,150,0.9957509749802337,68.85908609137174,0.02312840752703678,0.00310577994288401,0.04812626561101564,3.7743812960689462,0.00010053557136492265,0.00012272874551732112,0.8063577041427866,63.35971260444784,0.022534585327876253,0.0029771895553142727,1.1160408308264582,77.67454599460366,0.023374763685011294,0.004393926492622065,150,0.9957540072936448,68.85881013008911,0.023128518109633324,0.0006633460556027163,0.04812007771050152,3.7747108209855385,0.00010075035271365887,0.00014512283160240827,0.8063691393100823,63.35983619221731,0.022529303763935336,0.0005253304054601238,1.116005483765136,77.67350993378658,0.023376277438343918,0.002324535301388006,150,0.9875585185278722,69.5683485412772,0.02269986024498691,0.0009734170091982421,0.049542339441527215,3.673228113054017,0.00010279239832153109,0.00016782332854307303,0.7926562196655781,64.24690861676329,0.022145712047847144,0.0006672530616902826,1.1108862012146248,78.15822675553888,0.022959295132625516,0.002408092265356175,150,0.9886459994937347,69.29212420078427,0.022832100128089148,0.001141306821370882,0.049679059477785774,3.685634980849503,0.00010088584024297266,0.000203553974171911,0.7947169797720288,63.927310627607866,0.022282859955363162,0.0007243741559095291,1.1128173427020878,77.89632726599717,0.02308212100884093,0.0023996379101580154,150,0.9899217484845659,69.21292044817226,0.023058327017425658,0.0007546617678108391,0.04910855964040037,3.7125131974934145,0.00010043334955628743,0.00012443616291082292,0.7973516466892596,63.79047654355996,0.022478890370150845,0.0005180599375246285,1.1123730434925037,77.88286119264566,0.023295414771673146,0.0017384825577200689
processed_data_batch_50.npz,150,0.2991968178439789,26.257098491723134,0.023028220585368523,0.002902577280154575,0.03665470129337064,1.5159352793484322,6.305687451325143e-05,6.141329606727018e-05,0.2251128686772819,24.082573072923378,0.022847511167239067,0.0027942569332943235,0.393925056162478,29.96845235385495,0.02326261539151936,0.003021221644100287,150,0.29919725871905894,26.25555878874314,0.02302827841027949,0.0005582196462226546,0.03664118653325542,1.5165509513465865,6.305616355726177e-05,3.371785701676598e-05,0.22514736043349057,24.079338054188135,0.022846071026249803,0.00048171798651182286,0.39386156090642876,29.970361165762633,0.023262378236883707,0.0006328077318441193,150,0.24798163128072975,31.417819637507435,0.022426340846405494,0.002631644275179949,0.03360558328335026,1.3991825079283942,6.927766165876766e-05,0.0002613375881832302,0.18279113590660462,29.448815642944353,0.022239492952437212,0.002049193853657459,0.335220655431122,34.84168451232058,0.02268258927002197,0.0031290021577247925,150,0.253513541420806,30.061856362034728,0.02265045528549898,0.0017811765983348703,0.035534420631715045,1.2279521615737201,6.282923618314752e-05,0.00019615465590932344,0.18322071330021306,28.358848740574942,0.02247144578698705,0.0015186236537636359,0.34509490655762726,33.211980555342905,0.02289260778652739,0.002359224897057135,150,0.2651428021444508,31.183070914894707,0.02273201430022145,0.0024801036094641076,0.0394564759289883,0.7981044928985455,6.612376582234077e-05,0.0001571621429073107,0.1864496907099495,29.99742708656565,0.0225470229893787,0.001917373389547316,0.3664820276458608,33.492748030050244,0.022961267858691063,0.002753486274682311
processed_data_batch_51.npz,150,0.04759330009679095,13.779246247517362,0.02302371167522751,0.0028729953172148865,0.005443709879066191,0.47991911174184837,6.415930489922136e-05,5.880310788215638e-05,0.03359801827625357,12.609357885132033,0.022824062883610875,0.0027648821124808967,0.06313219826633994,15.218631550921563,0.023185161476169985,0.0030007687180240374,150,0.04759801707593921,13.768185180398298,0.02302390664274546,0.0005452692684885411,0.0054455940738252695,0.4803204691838472,6.427000159699903e-05,2.8864069462723517e-05,0.033579634318298544,12.60721872642787,0.02282442261684676,0.00046252250843978955,0.06315906621099396,15.21146545186213,0.023185621576507075,0.0006241748421491151,150,0.03204851275822762,22.421280413529974,0.022602662716310243,0.00047089777115826996,0.0030498279356394285,0.5839098631460871,6.50994299386126e-05,2.484829413027114e-05,0.0250016274239721,20.8238479347896,0.022397358143836532,0.00041721206874471075,0.04177175321322411,23.66014211512591,0.022771219847529035,0.0005476560366200616,150,0.03316575775823544,22.12883230075139,0.022725970395338954,0.0004846280280063227,0.00297254398601266,0.6615059825473649,6.469005922545416e-05,4.336410175178062e-05,0.026106504414866668,20.570611584351916,0.022523383423534413,0.0003996652383403252,0.042453938999331996,23.540820854636433,0.022895289758623875,0.0006310462980353475,150,0.034970086940958184,24.42283752674702,0.022785388927770028,0.00036676296262600974,0.0017122969448334874,0.882805716046897,6.462463175308798e-05,3.283300756048965e-05,0.031147109026956932,22.32559156145856,0.022577940676869555,0.00028963811779655506,0.04052967787282101,26.86000679657477,0.02294107068606836,0.0004586327640084732
processed_data_batch_52.npz,150,0.044307558640252015,13.583951079861235,0.023052118237660787,0.0028894512702844787,0.004734603193502184,0.44873653941397684,6.956262548395385e-05,6.067875268200012e-05,0.029348602735599087,12.606415400821637,0.022899396751274267,0.0027804582960232966,0.05411012377332505,14.64815207233005,0.023200603438347633,0.003021559575865567,150,0.044313980781865873,13.574479861911266,0.02305216905674546,0.0005513755365319219,0.004737016082334535,0.4494763323188887,6.963905332332124e-05,3.565900923111676e-05,0.02934923235210671,12.595895467235364,0.022898854275753094,0.00045694223450934,0.05410038122629959,14.660926878439044,0.023200559508968415,0.000696183543301944,150,0.03017582082571358,22.201847661424434,0.022632966124435924,0.00046294225173676537,0.002461521456282345,0.569952739662162,6.980828749319214e-05,2.3555559602897435e-05,0.02310572124312479,20.870822214403045,0.022470958065017737,0.00041736003698838303,0.035336812088550384,23.6422218734997,0.022785010524592166,0.0005157940813154022,150,0.03133492562935518,21.808028493101585,0.022757141594076304,0.0004628018342588826,0.0024480195310648467,0.6219421806761086,6.950546026582137e-05,3.6021466545460874e-05,0.02415951313602523,20.311718423013748,0.022594644872558085,0.00039315227780159116,0.03640604191370995,23.33995588039702,0.022908900541764497,0.0005488707461901233,150,0.03391945290769236,23.917497240235,0.0228183186861045,0.00035315914563068446,0.0013701348842597035,0.776068104255624,6.957902709247925e-05,3.43800050035722e-05,0.030095959706667303,21.904997866967854,0.022667461722531437,0.00027443525383275604,0.03671522728550519,25.50877099891912,0.02298160181926597,0.00041890602612459194
processed_data_batch_53.npz,150,0.26392755794516964,24.836686324211417,0.023061356841615456,0.002901511646079115,0.036210367646583315,1.4549935997781296,6.786152932669105e-05,6.191564895584253e-05,0.1818932274370972,21.512433220289893,0.022880801752038736,0.0027967628585982575,0.32038849951894377,27.070916957404812,0.023275163204275556,0.0031249817590483973,150,0.263927389767064,24.834682352413136,0.023061480684008553,0.000559751324223489,0.036206462948897816,1.4554627452173121,6.782887218101372e-05,4.4951634682900376e-05,0.18182945674684883,21.51090018743685,0.022881350223513612,0.00045349757746591067,0.32035198128745984,27.068552814999556,0.02327572175155987,0.0008758407566674089,150,0.21595059675152933,30.149197236679964,0.022488183323246685,0.0023560973018392174,0.03243424387383779,1.3067228660436934,6.815516817200044e-05,0.0003491772450429058,0.14420808045068081,27.097388431817937,0.022325259314865984,0.001697940356595452,0.2661960502290377,32.22487198380753,0.022662797417084227,0.002925683245117183,150,0.21915044894480565,29.08501979631917,0.02268594311312993,0.0016682094580559234,0.03522061413192054,0.9537810193312404,6.750418956650679e-05,7.657647717653161e-05,0.1417097045119392,26.78679374505475,0.022506471485343776,0.0015024950821790023,0.27294581951226965,30.722928441490122,0.02289605206294907,0.0019178582468201487,150,0.22691109806317133,30.735611256633693,0.02275023715081131,0.00223910898702381,0.0394037554676616,0.5367498446523781,7.304393626682e-05,0.00039635309271980157,0.1399954113542953,29.50332525158818,0.022552238835093278,0.0011640483539016005,0.2874493808951502,32.69987132989897,0.022972821922235372,0.0027027631797603034
processed_data_batch_54.npz,150,0.9587350094132224,66.03763072989794,0.023157164215283153,0.003119329812786929,0.05413810127098652,3.837078912198194,0.00013415293283734335,0.0002484682656636751,0.7747819812983012,57.577425406864904,0.02293177636882532,0.002970442615565051,1.0469609489226082,71.65367865821463,0.02429614200157144,0.006015203251346382,150,0.9587304838498619,66.03777113296584,0.023157128186085233,0.0006761027212288111,0.054135208909597,3.8371264013453747,0.0001342258545506545,0.0003570127967763469,0.7748682363607297,57.5737909269647,0.02293179524008759,0.0005546608934285014,1.0469824326131456,71.65636892415733,0.02429698119912276,0.004980852496920551,150,0.9490290301383197,66.85378737535022,0.022708055297395387,0.0010368932727582469,0.05640731284521856,3.6819090702304873,0.0001346196166127027,0.00033225659499560466,0.7566082602638153,58.802395579652085,0.02247460839336836,0.0007101132007438046,1.0400279605746605,72.25036826308884,0.02371365410530664,0.0046331912264971,150,0.9502588116175631,66.55091910442877,0.02284540818312135,0.0012379279504719357,0.056106561629373816,3.7273956024390884,0.00013376811041387602,0.0003549447744990891,0.7593964967409119,58.371780812000665,0.022616980028574558,0.0008002818569997775,1.041442162846289,72.00246535744017,0.023901310911853865,0.004782351136614129,150,0.9518028628978721,66.45847755542302,0.02308094026635235,0.0007641686503323748,0.055534604603895824,3.750248411106831,0.00013104974387713374,0.00032760409735304853,0.7630328757419849,58.2384343884906,0.022844542585250302,0.0005090818246852035,1.0418379639646114,71.9656502092693,0.024132985872875257,0.004575085000366833
processed_data_batch_55.npz,150,1.3591012550866548,120.56287959321052,0.0232952396072196,0.0033799272500938562,0.050034615446842075,2.4240937433631116,0.0001679183512052695,7.016116090552237e-05,1.0679342386669664,114.80819925196947,0.02281910572240147,0.0032283666627657384,1.4258618628915563,124.35546650775021,0.023745068799984205,0.0035756954753595215,150,1.3591009123547615,120.56291883877772,0.023295234370195258,0.0007673828710517409,0.050036324686935786,2.4243722304775024,0.00016784272770322198,7.130224201108216e-05,1.0679373628916116,114.80946643981619,0.02281687185536336,0.000601668881632247,1.4258879927403694,124.35405275654236,0.023748967763800796,0.0010541658681238783,150,1.358540343750747,120.66055590827746,0.0230933196701,0.000546057033626897,0.04990624932416798,2.4159390972177412,0.00017015809120423886,8.67903571496456e-05,1.0679795383686734,114.935161785936,0.022599042186838163,0.00037853903729273824,1.4253599415031928,124.47674615872248,0.023510255617678083,0.0008623188873651995,150,1.3589196225700142,120.58516492779079,0.023172986799171378,0.000559433943830167,0.050037100232807545,2.4189240325144588,0.00016940598026970527,7.557474877164016e-05,1.0677187929677272,114.8415383875165,0.022684712557835798,0.00041126637404013483,1.4259375505951524,124.37272082517971,0.02361430595086849,0.0008264227463340266,150,1.3599506671648782,120.48839351048606,0.02330912249648412,0.0004605582533979058,0.050206259980170725,2.4159970493634417,0.00017075594762537677,8.549420901895917e-05,1.0679175722361585,114.75526587456044,0.022824738537969843,0.0003039315094846163,1.4269707879257736,124.25511453861043,0.02378671615816985,0.000887971930159538
processed_data_batch_56.npz,150,1.4289228744007032,135.83292905497652,0.023258717602213513,0.0035212511814491313,0.04765164388329899,0.49589243769268704,0.00022134520726976796,0.00032548345137837175,1.217935995257362,134.66801015062862,0.021971156696030558,0.0032915558432257282,1.5565989480728446,138.69212770427922,0.02461205368228852,0.0065098705110488864,150,1.428922321490736,135.83299003249536,0.023258818135380263,0.0008480335855922248,0.047670333305598146,0.4972334276814929,0.00022196791345626129,0.00044342576146905985,1.217927822155571,134.66245662276478,0.02195501257357835,0.0006268607649841825,1.556920801182565,138.7293177598579,0.024618173632657708,0.005088614821935053,150,1.428728718794892,135.87985905886606,0.023106556884092296,0.0005899765287884921,0.04757814535423827,0.48896394992841324,0.00021713582746249585,0.0003554076960781248,1.2182063839261787,134.72510183646702,0.02186090657193219,0.0003811996626824232,1.5567914595332035,138.64755382046044,0.02444954789892674,0.003876252704272227,150,1.4290732534205794,135.82999834504167,0.02317911156411981,0.0006016940671569952,0.047663903563154524,0.493098077168064,0.00021844261243624842,0.0003369480779285323,1.218203340151632,134.67745089124804,0.021909824856518205,0.0004075136084169949,1.5575491995550095,138.66063318246026,0.024539640928717136,0.0037490759761036664,150,1.4301346335740346,135.715628958108,0.023312406407377518,0.0004900976511784706,0.04773034410361223,0.4849657766804687,0.00021558075903807422,0.00024758481149805535,1.2185386444054824,134.54978932842772,0.022179732536879954,0.0002952433108805439,1.5591694777437628,138.24195802838383,0.02467800047629071,0.002694305055416311
processed_data_batch_57.npz,150,1.4183591477996818,137.84881210745482,0.02328244541706754,0.003479819601746823,0.06428767748044902,0.33492360041313046,0.00015791612047995758,7.122983807698291e-05,1.0919634364280102,136.9389970925734,0.02291757377103672,0.003339595051101915,1.4883202959048307,138.61600780932747,0.023769011324518762,0.0036905257641260897,150,1.4183647409009617,137.84816627134876,0.023282842434905936,0.0007982206410085273,0.06429005001322148,0.33507607734763684,0.00015777280677519622,7.25407709162416e-05,1.0919446440024096,136.93357895102275,0.02291902698382253,0.0006599906559165531,1.4883064947661586,138.6167833796591,0.023769187987810952,0.0009879790095130654,150,1.418170676080654,137.89361635945411,0.023134606961389123,0.000542123581897318,0.06415817463483306,0.3318632086742691,0.000153793489240475,8.633499097894573e-05,1.092505917997001,136.9978524900174,0.02278182921617413,0.00037891712726992294,1.488111158799699,138.67979192573344,0.023587615508592386,0.0008300949453825639,150,1.418486679827932,137.84911442938935,0.023204753300762597,0.0005619319566289038,0.06426840514346487,0.3326639868281224,0.00015437654493786885,7.165973112384861e-05,1.0921615144549017,136.92337147239064,0.022841020671770074,0.0004232227031018997,1.488599584663555,138.59654647684613,0.023662480004498096,0.0008001051051752706,150,1.4194840320500914,137.73776074137203,0.02333552364040232,0.0004524188573629559,0.06448274377987881,0.33809090751532095,0.00016158354894518933,9.212624737138747e-05,1.0919806964983827,136.80811114963652,0.022987138686804142,0.0002703221054078014,1.4896670088591875,138.50965269207725,0.02384905025701696,0.0007238876185892003
processed_data_batch_58.npz,150,1.4314315551976067,138.41478436061442,0.023310900855897727,0.0034858069711616283,0.057456311819865144,0.36567591238537606,0.0002177356089321887,7.361225891979917e-05,1.093589759283379,137.48395942938487,0.022872480499484874,0.003322572922455905,1.4953065814189772,139.24414440940467,0.024980478208885538,0.003834478552548206,150,1.431436115856315,138.4142840331959,0.023311169385713863,0.0008037203681440097,0.05746065661433572,0.36541530034819925,0.00021804141821613607,0.00011490663433938858,1.0935863319744321,137.4793663425143,0.022868367758118076,0.0006191046932253136,1.495326980518066,139.24414895025436,0.024979904275309536,0.0018161972124129966,150,1.4312503108738968,138.45759416646115,0.023164529051540653,0.0005531003429764614,0.057378410327763016,0.36470657082630653,0.00021652188631466883,0.00013438701642300757,1.0939635303449715,137.60366769284667,0.022745795035941884,0.0003810798891878035,1.4948103490592188,139.26278783354522,0.024821559752451212,0.0016910072692871401,150,1.4315581890376992,138.41618040839492,0.023233090969630346,0.0005658018233220583,0.057452816772995456,0.36695689880318233,0.00021882885086424377,0.00012960136926788788,1.0935765514512497,137.52340328518952,0.022791679303853948,0.000398415654608917,1.4953652052960937,139.26588347687203,0.024923201903762456,0.0017497569176423426,150,1.432572337932269,138.30372150526512,0.023365709960706707,0.000467380670999597,0.0576066129295533,0.3698980497811004,0.0002178630103574683,0.00014217977172416017,1.0938744518911634,137.35553873804264,0.0229224315515319,0.0003008269772592976,1.496662873101082,139.1556859823549,0.02503102361563598,0.0016547127426217237
processed_data_batch_59.npz,150,1.4377841338811743,138.77395249308844,0.0232407085657564,0.0034962803038924035,0.04611175835113615,0.3234993859910179,0.00014671885670545457,6.412393663639786e-05,1.0894201801283785,137.94395608845235,0.022926486108641474,0.00324638845459429,1.4870369397140393,139.52833826913246,0.023657170140875473,0.0036381394163382728,150,1.437786858342263,138.77370480543385,0.023240724749496313,0.000798126876254672,0.04611174187402936,0.32340130437004255,0.00014706950001902325,6.705927892942911e-05,1.089404033937902,137.9399948165884,0.02292402938657792,0.0006595487099341668,1.4870771025343175,139.53019786256513,0.02366026437567121,0.000984598605130266,150,1.4376366420102258,138.81115564071115,0.023100737272930213,0.000539075247285561,0.04608351983623866,0.324751287071228,0.00014597412218215306,7.82222428940142e-05,1.0898554787805075,137.95415157540572,0.022797635056575304,0.0003813842860941439,1.4866159597003599,139.58416232705687,0.023494798188171472,0.0008013145738714175,150,1.4379368177615952,138.77128585858628,0.02316823625587555,0.0005604176179798066,0.046111480555385186,0.3235262254788549,0.00014499420332566247,6.492921582670365e-05,1.08954987411606,137.91099145054824,0.022858620554181072,0.00043020226877745323,1.4868761000232915,139.5277559666681,0.023567785788599402,0.00080431751787582,150,1.4389284480089142,138.66184890701916,0.023297616003038073,0.0004628064735079588,0.04622043650844953,0.32687938238297676,0.0001483004312459315,8.533436988013202e-05,1.089599924056665,137.79732251352166,0.022989415879872535,0.00030896419465337583,1.488456338098672,139.42299909503922,0.023704409478748398,0.0008020621933390956
processed_data_batch_60.npz,150,1.4373862625272398,138.94773296935776,0.023298051407391527,0.0035794650380923856,0.062089041150251746,0.4859542435914602,0.0005172638197406749,0.000673117611874098,1.042118507453584,137.73501020308728,0.022690391054158644,0.003226564719226058,1.584827544547916,142.44921767571591,0.027379570281739096,0.010310444934481489,150,1.437389245844873,138.94737202137972,0.023298276193764008,0.0009222054431884538,0.062086390151360665,0.485752802396926,0.0005173958483152117,0.0009106903777957268,1.042141524900915,137.74217910925094,0.022693603089407495,0.0006393490268992806,1.5847690400034335,142.44553482048119,0.027383165906234474,0.009648584700218286,150,1.4372270586816576,138.98752774985493,0.023154840378741846,0.0006609843194193963,0.06198042608525997,0.4896256721713256,0.0005139395758204613,0.0009005789007833193,1.0427769435918373,137.87278725606865,0.022505581228463432,0.00036431586717882857,1.5837943845770754,142.53815962904,0.02721847174989324,0.00942763871560486,150,1.4375121871716772,138.9498879466245,0.023222259406031658,0.0006860509393605876,0.06208131438988773,0.49227515225614854,0.0005147763869525753,0.0009118635923460263,1.042160600109506,137.7755866885579,0.02259840101676189,0.00042768680675644354,1.5848389678219756,142.52437404386473,0.027285444848884222,0.009590246771823891,150,1.438531679563174,138.8345706994204,0.023356103899816245,0.0005847128593488895,0.062197516591264865,0.48209788450347774,0.0005186482885107882,0.0009194395639636208,1.0422434420683275,137.87184695545918,0.022737566963325434,0.00028997718389384765,1.582942981541251,142.30276313105088,0.027471239144757558,0.009755537763297756
processed_data_batch_61.npz,150,1.4359485515018577,139.17292975454964,0.02323977984427459,0.0034923876832640695,0.05526529309418537,0.3536682545850613,0.0001545947400282958,7.080741335696303e-05,1.0647339578513477,138.17374794197954,0.022925292874408663,0.0032949988379408395,1.4928850640384952,139.9644195671899,0.02366583007587768,0.0036648701925493625,150,1.4359482001684494,139.17300296649665,0.023239683535173028,0.0007917366972086965,0.05526771493708667,0.3533799925167508,0.0001543510030270898,6.134560747283289e-05,1.0647197917663183,138.16622721505684,0.02292625079788918,0.000648498529112454,1.4929137619421453,139.95970427220232,0.023664463635269556,0.0009653508916644263,150,1.4358235571225195,139.20798471174857,0.023100022702916757,0.0005337069666423794,0.05518073871171706,0.35404761096886517,0.00015555265411763732,7.724509941800337e-05,1.0653087524337692,138.24891310987036,0.0227893344477821,0.0003609677395883107,1.4926970333262517,140.01965370872017,0.023542670369342225,0.0008031305964141199,150,1.436112361540267,139.17012053061504,0.02316682360292786,0.0005514427773856956,0.0552570388771513,0.35133898877442166,0.00015304465442108565,6.322693700564193e-05,1.0649635296130961,138.21317267843062,0.02285170670409742,0.0004285250915449363,1.4929304136021733,139.96877140651733,0.023606156772896594,0.0007691448434140742,150,1.4370856378562429,139.06115128194128,0.023296274692602145,0.0004444465465855977,0.05539013406915073,0.3586019511897072,0.00015771101245379073,7.824697362776067e-05,1.0653728493578347,138.03810839244113,0.022983938765072685,0.0003004380780333046,1.4939525136206266,139.8841487289841,0.023738013993663386,0.0008020965222484775
processed_data_batch_62.npz,150,1.4280423861129998,139.1988637240492,0.02328307155149077,0.0035817209671294287,0.059846958970963794,0.45139949507977106,0.0005333538280692131,0.0006591728365405957,1.177182618094374,137.37498769220485,0.021383887425578573,0.0033247282316299495,1.6023374804556354,142.0872467925641,0.02870572311160695,0.010650993390389133,150,1.4280419088512835,139.19896335099872,0.023282973559348927,0.0009312360930605348,0.059851217640840365,0.4515020432416117,0.0005335559582568497,0.0008757109359566655,1.177168505849732,137.37608649334993,0.021382578630338586,0.0006593034152903127,1.6023429785692576,142.08514661342497,0.028707620537241515,0.009995651765934836,150,1.4279169727216492,139.2332277108349,0.023144487273074898,0.0006744976584370533,0.059704196336412114,0.4538790158831901,0.0005325754990348232,0.0008637397745771944,1.1777370992837,137.39490648081707,0.02123960132988304,0.00038420032459336213,1.6010389560922413,142.18092763698044,0.028556124537670126,0.009849333198976535,150,1.4282212209628042,139.19347265977996,0.02321217851064174,0.0006987225589500309,0.059781428048961915,0.45548841428223485,0.00053334591981955,0.0008732535649888713,1.1777962068724837,137.35530914346387,0.021296653821528046,0.0004107052568951038,1.601446935033614,142.17310669225895,0.028632162467381865,0.010006661405429882,150,1.4291707570694563,139.0867056777473,0.023338615903437047,0.0005933083449865887,0.059956420036821306,0.4560533700470226,0.0005352364456181009,0.0008743614990105742,1.1779642336792224,137.29423694518476,0.021409728474369224,0.0002966317130749643,1.60145257371644,141.97221011685596,0.028763879893698392,0.010033005525221558
processed_data_batch_63.npz,150,1.4277729416693736,139.25464325268337,0.02330402500667694,0.0035244355451190313,0.07234726935143021,0.6212491837699068,0.00017244640051015776,0.00027578685110335525,0.800067506095865,132.93689634905724,0.022840181980186097,0.0032853262587773653,1.4865025286779356,140.11716729271973,0.024276385994243036,0.00676512077458837,150,1.4277781365761841,139.2540602224652,0.023304259648212224,0.0008280280046098705,0.0723456843978734,0.6212248477793985,0.00017246933111603814,0.0003938598352343918,0.8001268378720044,132.93422750408794,0.02284294015712007,0.0006421244214955905,1.4864764391997827,140.11317296803182,0.024277153242717894,0.005541864887085462,150,1.4276282770230817,139.29132430433995,0.02316294138869681,0.0005693980201685608,0.07227896822503879,0.6294024009755851,0.00017466031635907287,0.00036853594427519874,0.8000765936963105,132.85414132945886,0.022715189184591023,0.00037719045777552307,1.4867652621624285,140.15868132432578,0.024224067950777355,0.004947537494094086,150,1.4279119197780634,139.2554045252537,0.023228458658619933,0.0005861293301765194,0.07236744125456955,0.6254112758749647,0.00017330214173871922,0.000381688072900438,0.7994597931451917,132.88544607924788,0.022772413807570384,0.00039625358086236716,1.4867733433202341,140.11677216893474,0.024236833397684662,0.005156300043659986,150,1.4289092957911451,139.14205472547002,0.023362346482631233,0.00047953201895051007,0.07251988402722281,0.6344572868766789,0.00017925265906205737,0.00041774696347371306,0.7995100259025446,132.68551212853413,0.022869607765166756,0.0002965468853558048,1.48768569549555,140.01358431981302,0.024375687713849487,0.005459522054999514
processed_data_batch_64.npz,150,1.4231487476344569,139.39861271449607,0.023306587426121652,0.003615192111655158,0.06517003140562054,1.2766959388559782,0.0005846127314384683,0.0011242120390087941,1.141716293571354,138.4074261931884,0.017692465155229077,0.003325584173880071,1.483476628098265,153.26916797288254,0.0265170159887477,0.014649813724146211,150,1.4231546780929023,139.39792496769857,0.02330689491333458,0.0009659976517068621,0.065167581656455,1.2753420742897605,0.0005839774758906173,0.0013446260985952977,1.1417636082750506,138.39939101912503,0.01770418033465307,0.0006692894112639005,1.4834694225891967,153.24793352332514,0.02651638701229288,0.013681565634391065,150,1.4230257042954904,139.42846699339216,0.02317149139112986,0.0006835422258682405,0.06507970885015105,1.2303308336032983,0.0005546439397328696,0.0011373774504756168,1.1419760660770115,138.48013340574954,0.01804896394601395,0.00040371305300124113,1.4830771879852231,152.6819377892131,0.026398986621384703,0.01066536629392263,150,1.4233352603034921,139.39152593723776,0.023236231997808676,0.0007086312231207037,0.06514969415105738,1.2476061124106599,0.000568794124782341,0.0011885760482705167,1.1419799299205862,138.4110081129714,0.017871278429228955,0.00040928043390926224,1.4835381614699208,152.85245511722846,0.02643107486857935,0.010827896735891157,150,1.424213552734696,139.2952867121047,0.02335891422046518,0.0006149009915199627,0.06535385584704177,1.3561052630448278,0.0006279488643916811,0.0012948172325904193,1.1419358088465261,138.24223116356976,0.017089237791432853,0.00032408628756291013,1.4849806326342687,154.21533709408925,0.02656344452443039,0.012044551864738478
processed_data_batch_65.npz,150,1.4307657259381625,139.3442685090846,0.02331040110605155,0.0034970130234675788,0.04682793241352939,0.3335199038653417,0.00016286325185797937,7.091431646952828e-05,1.2020336320698637,138.54245133489883,0.022327961538774786,0.0033036403059827236,1.4865470379982844,140.13881571011075,0.023674793618522733,0.00367574211856122,150,1.4307722148758433,139.34345697643897,0.023310940466876293,0.0008018504155656313,0.04682403770816998,0.3330772174940397,0.0001626675998072875,8.137290890621946e-05,1.202081056002209,138.54595341353667,0.022331584285268703,0.0006718954047349473,1.486564869718136,140.13232480176214,0.023673163021675776,0.0012812505416468951,150,1.4305932954537104,139.38468955120564,0.023168247727340892,0.0005438540353251373,0.04674815158842406,0.33162453097752737,0.00016467773353494026,0.00010041812623863832,1.2024623538117538,138.5671117460103,0.022173678652853815,0.00037864395766784483,1.4867173393722697,140.22974743564626,0.023530444201812432,0.0010305741599463687,150,1.4309131713428094,139.34245378389957,0.023237285931755426,0.0005646599113561115,0.046814955140177875,0.3319956936581273,0.00016300190085956237,8.663649374259279e-05,1.2023178206056842,138.54200581856006,0.022238367157050506,0.000433579188938284,1.4868704446241665,140.14427511538352,0.023584119668090563,0.001076478957651185,150,1.4319190889842806,139.22892666270704,0.023369958809464304,0.0004573885199075206,0.0469788354713884,0.33919517180849335,0.00016822525606684463,9.136658522201137e-05,1.2023803268376292,138.4229574917297,0.02235172973878119,0.0003091450478927467,1.48790774429942,140.03540866146423,0.023722961545889425,0.0009673315330752995
processed_data_batch_66.npz,150,1.428826064660207,139.43332428809174,0.023300403115173188,0.003566204699566359,0.055172442349179736,0.8389312781319852,0.0005302293263795466,0.00059973163225422,1.1729313418536875,138.52385275368704,0.018495193345377862,0.003290466873151636,1.4878474260457144,148.78987506056532,0.02655017243533048,0.010587740641819417,150,1.4288235482955758,139.43359349528492,0.023300302225009995,0.0009053029602809907,0.05517390179947921,0.8379285794132383,0.0005295888065464912,0.0007698216050537792,1.1729982158870507,138.51879015691594,0.018502747233290335,0.0005951555533310693,1.487880300056149,148.77776332170876,0.026546048087104927,0.009556177010413516,150,1.4286984308131907,139.46893150181353,0.023160560854655655,0.000644024674433803,0.055064514647528894,0.838401357465811,0.0005301040335488364,0.0007388914380929781,1.173416096766792,138.57371932067267,0.018382294204428034,0.00032736786530376653,1.487377380597181,148.82898901303759,0.026430997030221462,0.008762550343412782,150,1.4290005924569356,139.42860504025677,0.02322878855404995,0.0006664658759990807,0.05514868904910462,0.8286073760643512,0.0005237466438440712,0.0007072803342101976,1.1733492889803452,138.51582143555947,0.01854482432879955,0.00039169986856930396,1.4879046122235176,148.65053939165344,0.026486023421668444,0.008369218704802908,150,1.4299725784099058,139.32064571872164,0.02335611558259838,0.0005697298978716198,0.055329039947699825,0.8592116781467712,0.0005468157680716432,0.0007454069725223855,1.1732912927308683,138.42726024628143,0.018287028322961238,0.0002793041075324129,1.48848311380155,148.94219375004099,0.02658370734228764,0.008757209258874344
processed_data_batch_67.npz,150,1.4316349332666853,139.38156846399647,0.023315858610141238,0.0035745877419214906,0.061374565762947086,1.0381901131311302,0.00019133162555757779,0.0008538753062667091,0.948098940382106,127.55659080607126,0.02266606001830729,0.003194594576407305,1.4861871527149062,140.3061684155386,0.024162935224474054,0.013482460813531456,150,1.4316345303521523,139.3817111870688,0.023315618865714333,0.000906405530007301,0.06137763501613997,1.0383412866251749,0.00019160218508777768,0.0010405750115212006,0.9480910518766504,127.55748374124957,0.02266576031711218,0.0006122216851362895,1.4861884581867282,140.3081295104172,0.02416250574324795,0.012895130329505466,150,1.431495989103281,139.41569710265384,0.02317703217913521,0.0006259535532252136,0.06133161972947118,1.0562725309141416,0.00019562009681163401,0.0009393644682130543,0.9479471352854626,127.34374503207063,0.02254770821393228,0.0003865009561557001,1.48566648735048,140.34690029518302,0.024097451336745176,0.011755438882442642,150,1.4317800755694874,139.3802251803245,0.02324197100007951,0.0006566957187675731,0.0613918602500545,1.0459183914631058,0.0001922907748650605,0.00099427443063617,0.9475678613446556,127.44680354516052,0.022601421671446388,0.0004202800579983075,1.485909215091873,140.29301052883,0.02408700157531705,0.012331940463971845,150,1.4327953649995138,139.26461416341647,0.023378331502247014,0.0005635735598940417,0.061511323530153206,1.0560925812302255,0.00019678415722304462,0.0010563794241503209,0.948307203371199,127.23353076333058,0.02273448327128645,0.00029796655295752735,1.4872091863834118,140.17304663741984,0.02428308819970334,0.01304545572686084
processed_data_batch_68.npz,150,1.418738442837517,139.5454666172633,0.02323465554965954,0.0035919458186553605,0.07330210733456369,1.5644140026322675,0.0010584668550538783,0.0013442350018201144,1.0200120047113677,138.67632287137016,0.010487596658213798,0.0032772458757096383,1.480388919604811,158.17710263388844,0.023663541638001325,0.019922571085011366,150,1.4187445335023001,139.54470500065494,0.02323512896396547,0.0009205787188231398,0.07329754883264877,1.566597987729479,0.0010598827928928508,0.0015234095973568947,1.0200628519494417,138.6767886855177,0.010470803933010224,0.0006562209066945224,1.4803899274102954,158.20370737091537,0.02366157573059551,0.01943702129936872,150,1.418592404833387,139.58218480818863,0.023093511180162292,0.000646840145036233,0.07318610820032277,1.547999783495096,0.0010492864697286722,0.0014737376954858902,1.0204001826561242,138.70300342274396,0.010454198863369667,0.0003471655206455594,1.4801309978269057,158.01224897357264,0.02351423125614082,0.01854407909342534,150,1.4188832411266679,139.54369134216404,0.02316086542919389,0.000675796610797391,0.07330086904269936,1.547258538837825,0.001046122151586837,0.0014643475095502253,1.0197469698410058,138.67258593516186,0.010564078608361116,0.0004254548466298673,1.4805785633018198,157.96127936053136,0.02358485790213916,0.01846881052799701,150,1.4198757528622123,139.43369809242014,0.02329129150257078,0.0005743403269181225,0.07350150767221025,1.5651153487678011,0.0010723663440367864,0.0014500746281622154,1.020212924317422,138.54303701404052,0.010377981390261432,0.00028387034501544225,1.4814452300643113,158.07290494961015,0.02372805306820836,0.01818523495978905
processed_data_batch_69.npz,150,1.4226204435827294,139.49984452089853,0.023275207515270277,0.0035032518467507396,0.06514270157672114,0.37010779130523586,0.00015991813769622416,0.00013245570852194044,1.0502909530292637,137.74252611075823,0.02279717150076802,0.003340418834582034,1.4861532263224393,140.43717582064485,0.02378648585076749,0.004708100491940163,150,1.422623090031154,139.49944501742303,0.023275598893027407,0.000816048431210501,0.0651417196047707,0.37032020453893344,0.00015987719887461995,0.00015584474585008447,1.0503190288496276,137.73935959602105,0.02279771030387995,0.0006342730310008997,1.4860858524994893,140.4432463287137,0.02378410681275679,0.0024569207189966713,150,1.4225034853999634,139.53376472000568,0.02313610733578228,0.0005446683934324852,0.06503798603536136,0.3706315642175214,0.00015787453359759502,0.0001221100552056282,1.0507924687631147,137.75051746606303,0.022697814281812872,0.0003933847560470915,1.4859661456521864,140.4629843450849,0.023658185004095045,0.0015252355721045508,150,1.4227876900892502,139.49596936616044,0.023203011411594445,0.0005720826275659474,0.06513316290276698,0.3700152330257948,0.000157899804507857,0.00012677861269437093,1.0503109459216304,137.72315365116216,0.022745544762036763,0.00042171387656099587,1.486362868916206,140.4318601283967,0.023714287275924586,0.0017538440947608444,150,1.4237502377993143,139.38668339244643,0.02333217530564114,0.00046393295681630334,0.06531349595147247,0.37415021953728567,0.00016325352015996884,0.00012931059044669346,1.0504285340465602,137.5908855734811,0.02285080037478541,0.0002822679543981859,1.4871937420138606,140.3320384040179,0.023848569189786676,0.0015941165391588053
processed_data_batch_70.npz,150,1.416769606679408,139.52738374783033,0.023345045905623987,0.00348121789097423,0.05861543304611606,0.3201260680817024,0.00015794705160649918,7.041602115717699e-05,1.1779644530020523,138.64424062857591,0.02301571351658742,0.0033256002592977523,1.4871779087714854,140.16696448382635,0.023684117065997778,0.003657114202598535,150,1.4167673933681602,139.52762859877015,0.023344916058399095,0.0007865740022111722,0.05861497021445926,0.320037262470234,0.0001581676352569456,6.777609356461556e-05,1.1779894022403141,138.63928223004152,0.023013120428222164,0.0006242853267513105,1.487177297558683,140.17177715777098,0.023684177084464835,0.0010644614129151342,150,1.4166201486529804,139.5667200985158,0.023201970266915017,0.0005250497611096231,0.05852157244169913,0.3224573597396671,0.00015760237192147342,7.217042924505432e-05,1.17829018450891,138.72406927968683,0.022845686185566604,0.0003949206449025489,1.4875622052263375,140.18097626173156,0.02353873414758757,0.000772731223044589,150,1.4169160082445338,139.52734997741243,0.02326952942503733,0.0005494983108062704,0.058599805052199624,0.3217149064868213,0.00015698646677338472,6.672275191170278e-05,1.178207266894031,138.66437196537697,0.02292868932172649,0.00041029964845151664,1.4875747963152237,140.13484482288237,0.023617839608311642,0.0008406942042595444,150,1.4178577311941603,139.41759816071576,0.023401204123987315,0.00045347309992116653,0.058781955527176126,0.3222643171787954,0.00016156504331997032,9.577652663098944e-05,1.1783954065169395,138.4888642208301,0.023061730003872415,0.0002998449621430425,1.488721761301149,140.06490751443303,0.023761439054918912,0.0008512953617228415
processed_data_batch_71.npz,150,1.423128018548936,139.51885640914216,0.023260727482308986,0.0035307095019239173,0.06129820613175867,0.6641203509588673,0.00026469547160015396,0.00030859966372215987,1.0226989445078505,138.6081106933049,0.02139938355256038,0.003316735123461873,1.4811618219926186,146.34955651275473,0.02377263982883293,0.007141170834317877,150,1.4231301439996416,139.51871130463903,0.023260613700270483,0.0008555794984857583,0.0613003647539693,0.6640683395307462,0.00026458819799575576,0.00043168844336724955,1.022721733089993,138.6065595247594,0.0213965606555685,0.0006272168032389877,1.4811491593619628,146.352191560847,0.02377074409958729,0.005895515450150966,150,1.4229672337771397,139.5596323792087,0.02311741578562022,0.0005901028257473547,0.06115943398326759,0.6722494906841566,0.0002731805801126103,0.00036255455825345606,1.0232842421778745,138.61507953628225,0.021154358030479554,0.0003666508776142707,1.4809352588597815,146.47060165940263,0.023650053554499208,0.004666058157449718,150,1.423277021931385,139.5182150542948,0.02318679174790996,0.0006191021417009335,0.06127996388437053,0.669821518524827,0.00026946857683722027,0.00040157426565789496,1.02255139769554,138.56715313637625,0.021270310830579234,0.00041494371430182675,1.4811175387803752,146.41057006105865,0.023717222675923653,0.005241827808854072,150,1.4242384966274986,139.40543854034948,0.023322891513221332,0.0005194071095400144,0.061543914670162736,0.6953325302675499,0.00027675786905536346,0.0004300440829847232,1.022757031133808,138.4819159599358,0.021269981653532256,0.00029813652245537405,1.4824920789251799,146.6596940686196,0.02383202865046944,0.005481346138179154
processed_data_batch_72.npz,150,1.430021218577243,139.5339414031808,0.023266746798126268,0.0034900827457574656,0.04609308693885793,0.3842334573696359,0.00016680270065963905,6.282575007582079e-05,1.2055045865775385,138.464098435446,0.022761601871698123,0.0033290202018062547,1.4848452550320752,140.339062688621,0.02375084220314443,0.003648626522773623,150,1.4300259327608758,139.5333559699045,0.02326712005333662,0.000798714482279251,0.04609010832281395,0.3846071303161404,0.0001670537586171886,7.270590181090781e-05,1.205522030934342,138.4601798708765,0.022763505063582604,0.0006349865227907377,1.4847781694150801,140.3363672855975,0.023753504658760007,0.001048186075517239,150,1.4298520818445433,139.57547114654594,0.023123608319123592,0.0005428008026994801,0.0460214545365844,0.38295611993163825,0.00016590917539620326,8.234298877760219e-05,1.205780274186118,138.5302200297615,0.022626087543659974,0.00039278027434725,1.485499909961457,140.3855392320764,0.02359232842293029,0.0007819291090474991,150,1.4301692779920794,139.5330302332979,0.023193486644439886,0.0005617519453992969,0.04608377150244113,0.38347915071831234,0.00016653405778096646,7.388028816959804e-05,1.2057435788553545,138.46224399655165,0.022684009261156674,0.00037970022661682287,1.4853962245358705,140.3457302053731,0.023674838896858882,0.0008544970140586727,150,1.4311436634869728,139.42204368892558,0.02332364258203021,0.00046386836592484103,0.046210045861335466,0.3836725533478977,0.00016842769250772092,9.248565738076407e-05,1.206086752026617,138.36137268317026,0.022813880645910202,0.0002997739142088632,1.4860628532129698,140.1942313940822,0.023826444840818185,0.0008634892548909563
processed_data_batch_73.npz,150,1.4288914746292585,139.34242575189535,0.02337209914494267,0.0036650480597028756,0.06569666405838456,1.8362355071583027,0.0007577709110797719,0.001400960917831091,0.8883275821197336,119.5262526093019,0.022753467062858506,0.0033221351725811143,1.5714092509489928,140.60074232062064,0.03199966028964134,0.018019850588124796,150,1.4288985112378476,139.34170585393696,0.023372487197047695,0.0009877695169772903,0.06569973421125344,1.840091172146325,0.0007598867769842542,0.0016225947495556484,0.8883405238132294,119.48261046179688,0.022751505074907898,0.0006152681468489393,1.5716381813054998,140.60147294292918,0.03202408870431552,0.01749154110586089,150,1.4287592382529348,139.37917188371298,0.023231319652951415,0.0007014807475791873,0.06564087566514075,1.8197161286223247,0.0007419190123165911,0.0014148852601074873,0.8878951177841772,119.8409474935652,0.02260795893429534,0.0003771232044271973,1.5704866477474442,140.62766850259956,0.031616836484657074,0.015617167507084213,150,1.4290519453019286,139.34149916645262,0.02329784769083234,0.0007290861263256102,0.06569854853462676,1.81946925621165,0.0007422585823442215,0.0014351386206144692,0.8879235975324458,119.8022557089474,0.022687082612663906,0.00040869590852555296,1.571675811910311,140.58961909025018,0.03169881846338793,0.015853390141075875,150,1.4299979698815877,139.23173450322065,0.023428786949592873,0.0006422735881803193,0.06586055078453851,1.8449903413602973,0.0007735556828262355,0.001507488113925837,0.8880402322442618,119.17516063799947,0.022790506893465713,0.0003137070590866772,1.5727402367339267,140.48442415434843,0.032328883440444205,0.01639203895296051
processed_data_batch_74.npz,150,1.4261459229819626,139.54485302559186,0.02335698028802529,0.003500726596893737,0.05725089280089953,0.3591063293928987,0.0001439626115788844,7.731388798133481e-05,1.0793643489647469,138.56841771662548,0.02288954369659396,0.0032504420505094192,1.4866407590751756,140.4435189814574,0.023703427176846554,0.003711004215958039,150,1.4261474186208694,139.5447082181171,0.0233569522801909,0.000804228338648733,0.05724851624639639,0.3591137353747396,0.00014377495337566134,7.654058956244899e-05,1.079356523786622,138.56883768865814,0.022891660195838583,0.0006138462329979881,1.4866407895299503,140.44256910407603,0.02370832970853841,0.0009993097637204175,150,1.4260271012780803,139.57989278788835,0.023217401092261197,0.0005440852939371171,0.05717305324642365,0.3574576811570047,0.00014357961243279305,8.567010931782274e-05,1.079961639174299,138.6161858731164,0.02274533324161545,0.00034005117654761774,1.4868378274213634,140.50418861844733,0.02354682538134952,0.000878858447525468,150,1.4263063530902333,139.54334076993902,0.023282879435530614,0.0005658462586514468,0.05725334642542114,0.3576269341088603,0.00014364735716351982,8.057858588560197e-05,1.0795256850183275,138.55036073969902,0.022826551493523015,0.0003804925865281821,1.4868742787377887,140.4548031750431,0.023631312265742863,0.0007969722647963425,150,1.427267347759075,139.4317983140135,0.02341654178505578,0.0004686493193888005,0.057409161003403604,0.3651192805206955,0.00014891619632917855,9.799959238848745e-05,1.079821841278484,138.46247180681283,0.022977044866628903,0.00025956812333879345,1.488152133015052,140.36239163183922,0.023747184299423862,0.0008272013804316575
processed_data_batch_75.npz,150,1.4130857067832066,139.51465320869178,0.02339689577719713,0.003578016009907259,0.07340385683132863,0.5391465070057557,0.00034467565726348996,0.000492602206258046,0.951788630249972,135.99171676997096,0.021649286367455462,0.00330889284749926,1.4892753206584106,142.20316882727383,0.025610649225956746,0.007179318159151662,150,1.4130808910232042,139.5152447403119,0.023396533070400755,0.0009190751709399627,0.07340680790499161,0.5391717977765722,0.00034446764668729247,0.0007079206912702501,0.9517801274791139,135.98918869588456,0.021651481798566068,0.0006104570006517898,1.4893016305426052,142.20464599580592,0.025609853035950845,0.006204270279179734,150,1.4130005473625085,139.54416212660047,0.02325990426868963,0.0006374834855291442,0.07332143274965444,0.5300363404027028,0.00034127068978825984,0.0006306399456559586,0.9516777901137409,136.02314773306185,0.021524534636033304,0.00035647596021222525,1.4889027378430844,142.10650155006456,0.025465425498101966,0.006052568513055367,150,1.4132618259744634,139.51106122874782,0.023323001408006673,0.0006656525031465823,0.07340833783099414,0.5389619536212189,0.00034457420434319823,0.0006346426174942975,0.9512246849338064,135.9655648542619,0.021561780553736597,0.000417215613441972,1.4894578681715767,142.1939232527831,0.025534822569140206,0.006137798475757867,150,1.414178087324165,139.40230909551707,0.02345652784421785,0.0005628507784590669,0.07357946925154621,0.5369924296255002,0.0003450854555660162,0.0005995756986737434,0.9519106968847091,135.87458395611276,0.02168365228239193,0.00026778636151818485,1.4903251739918877,142.48177217132604,0.025682579553688117,0.0061408279307937855
processed_data_batch_76.npz,150,1.4275289287731043,139.5207276048896,0.023505490644611767,0.0035011176463121034,0.049120307969117864,0.3238566682035488,0.0001742398963595279,6.480717840733555e-05,1.2511103550569647,138.80447279274833,0.02312547856638707,0.003306323158908769,1.4816803042149131,140.4560581334801,0.024224200071047773,0.0036528002512463678,150,1.4275302704340918,139.52051613395182,0.023505727091114235,0.0008005761174504415,0.049120804106597735,0.32414065366435646,0.00017442437919293338,7.578792257313124e-05,1.2511101531504858,138.80288196203892,0.02312548567775859,0.0006439837018360178,1.4816520206631347,140.45425291527394,0.02422712566974824,0.001010240898833399,150,1.4274072180817676,139.55573633958946,0.02336611996194881,0.0005435034747836739,0.04904697849837592,0.32079475980031297,0.00017091855002900267,8.833003918816003e-05,1.251537558546224,138.8533698985566,0.022984067092583393,0.0003649479415309756,1.4820161462432073,140.4357003639355,0.02405284426322937,0.000866258651512527,150,1.4276974421384283,139.51768623799623,0.023431720095766266,0.0005633903114402292,0.04911630047343194,0.3212258754832094,0.00017148378934490628,7.651394963912892e-05,1.251379129591772,138.81764321437694,0.023049148278409218,0.00040678301856701183,1.481962628941629,140.44163171263182,0.02413278573942356,0.0007901110386741663,150,1.4286714614975844,139.4064489600715,0.023564210631659355,0.00046174174064961916,0.049251459206222155,0.3249384062812209,0.0001757950095746264,9.541361074587682e-05,1.2518297909554716,138.66123987211435,0.023178180015993387,0.00028189636592742726,1.4832474716436475,140.38434046084697,0.024287283015186935,0.0007338744543825151
processed_data_batch_77.npz,150,1.4267777769478256,139.48548436392807,0.023453631795353418,0.0035735700246692257,0.05469904769369503,0.9638856431846263,0.00044464778889463245,0.0006091793467769363,1.072871137241581,129.1987382976312,0.020166996953213757,0.0033357699557067457,1.4864713600391783,140.72379699074915,0.025155984322061745,0.009503949169244304,150,1.4267784877201508,139.48540315252475,0.023453668261014245,0.0009293733505288139,0.05469257272553348,0.9667494840103352,0.00044535437689770957,0.0008208107240455919,1.0728571367115476,129.16005755534326,0.020165618937231483,0.000609715548804305,1.486430317163757,140.72758333574632,0.025175453736551102,0.008135593486587411,150,1.426636473772642,139.5210184470627,0.023313606049817897,0.00067012931736175,0.05462352822768611,0.9750803019846734,0.00044442368032040667,0.0007811512278882266,1.0734671859309823,129.10193713185328,0.020034898863586705,0.00039909100183214676,1.48687098100007,140.7967460924735,0.025121421570612867,0.0070376549520842335,150,1.4269311797250275,139.48391717028653,0.0233784067181778,0.0006953622193731367,0.054703714346270915,0.9680158970844214,0.0004451862446285368,0.0008065821653285045,1.072736658202088,129.1560557517675,0.020108968029725404,0.00039993109993209576,1.4869613666249397,140.72733833597368,0.025113400647610945,0.0074773420458737316,150,1.427909833120688,139.37165664934125,0.023513720914869526,0.0005939384319052344,0.05483095096840123,0.9787220528441499,0.0004459779902139648,0.0008435215580599882,1.0731996107363786,128.89862091001098,0.02021689306335892,0.0002853999885338276,1.487881150108241,140.61031890937645,0.025302121998698884,0.007898730628985468
processed_data_batch_78.npz,150,1.4308224719929792,139.56194171586162,0.02350350465428747,0.0034983248535546308,0.0473122139665918,0.3410553923727476,0.00016360267251903018,6.483331890417209e-05,1.2256889562909197,138.516900548912,0.02297513104939261,0.0033062447055449817,1.5092693732695897,140.43104938816012,0.023932560196424185,0.0036652949806615896,150,1.4308262989652776,139.5614371226512,0.02350386637127539,0.0008038644016457926,0.04730978156731054,0.3411774337369759,0.00016337730546356103,7.368198929808612e-05,1.2257554778736512,138.52337166868773,0.02297509795873848,0.0006533198007666476,1.5093101916610336,140.43014361856737,0.02393314330815765,0.0010844577208773672,150,1.4307042160200536,139.59624926982943,0.023364157972548486,0.0005425122745914226,0.04720174397024003,0.33984151174247335,0.00015998961629089137,8.442898706887545e-05,1.225921143365502,138.54527884328107,0.022891931714877446,0.00037806201208838403,1.508920888817335,140.39096324629872,0.023773625019558167,0.0008022937632711151,150,1.4310020231501548,139.55853173088641,0.023429380639760352,0.0005670763706902935,0.04727808917218391,0.34045806240104515,0.0001607655031628666,7.886403314406961e-05,1.225788993153512,138.50357785105334,0.022919233550777674,0.00041429159063093555,1.5091585669737901,140.40682354959455,0.023849947749892554,0.0008740036190188035,150,1.4319620384757277,139.44628363809775,0.023565666535120697,0.00046630412711784475,0.04744117711724782,0.3460556468754968,0.0001712059479955177,0.00010276282037874866,1.2262029715971043,138.40223534304292,0.023025730485323363,0.0003245895822659932,1.510500555055631,140.33173086511937,0.024002335000415112,0.0008871239262131546
processed_data_batch_79.npz,150,1.4251407934232823,139.61156328152336,0.023480872197055684,0.003557483701334511,0.053136903048909535,0.5724606777145743,0.0003194989841346512,0.0005437710165433633,1.186384284178351,138.07645646345014,0.020901217353269583,0.0033206485521019807,1.489668472718702,145.07011770829897,0.025616210848105753,0.00974874438027646,150,1.4251473510846941,139.61087785848792,0.023481091398988935,0.000874254775438524,0.05313779911591232,0.5724250930292714,0.0003194957862686358,0.0007363946111984131,1.1863593494227715,138.07636495589458,0.02090096613757575,0.0006516194543034165,1.4897130321311776,145.07137586477558,0.025616277770654415,0.009011922402351597,150,1.4250273197902354,139.64549297057772,0.023341912852799615,0.0006138475280884591,0.05305086543753455,0.5750103821431005,0.0003183190127272211,0.0007389373552608486,1.1868981433835892,138.08812224762698,0.020758919952922766,0.0003782218855293466,1.4897848312192383,145.13674165832495,0.025463712148602286,0.008691838242530262,150,1.425323515346004,139.6075800523431,0.023407269793079232,0.0006367501157366605,0.05311743551720309,0.5765754243907485,0.00031867595738549915,0.000748216646946031,1.1867699586659912,138.04949134370761,0.02081143281948779,0.00042426166330264805,1.4898403824734865,145.12499068531517,0.02551532057728181,0.008867424967925384,150,1.426277398314256,139.49589855868518,0.023542383312160162,0.0005285691559590001,0.05328996507809155,0.5767781923178579,0.0003223055073239374,0.0007772707843241171,1.1869042687072542,138.01895160260946,0.020934324485397927,0.00029264535256180626,1.491032125702958,145.01160765842374,0.025652601485112156,0.00914249352273924
processed_data_batch_80.npz,150,1.431027305694632,139.59867260140905,0.023496144031402634,0.003524583050393943,0.044706503996421024,0.5196507359266811,0.00016119551814227308,0.0002553211491329416,1.2663584695806027,138.63388628647985,0.023039291267715704,0.003312249437734588,1.4929633174150503,144.25171665966147,0.023867647405077682,0.006504148024437952,150,1.4310299714075534,139.59845222567284,0.023496108666796744,0.0008217964175819381,0.04471018892956117,0.5195675664702256,0.00016108989264420899,0.0003851916073766711,1.266351541091839,138.6357294787529,0.02303422754790252,0.0006648372086452832,1.4929698369978983,144.25204517339205,0.023866824452194364,0.005432276325732497,150,1.4309032909811443,139.63458108485057,0.023356689112670352,0.0005546107918612092,0.044624926557509395,0.5130790078238915,0.00015776602054678887,0.00038971112323869523,1.2664135467549027,138.64480543593683,0.02292582176276422,0.00038418146831088756,1.492874685633188,144.23904346416685,0.02373094413574354,0.005186522287041027,150,1.431194713720535,139.59612621115062,0.02342275630403858,0.0005869182837218911,0.044660461366611795,0.5156885917372653,0.0001585747001174899,0.000400239636958488,1.2664452963828352,138.60877105930447,0.022988781367036196,0.00037485584252344077,1.493138729202565,144.2230071218939,0.02379558233894596,0.0053668881702264625,150,1.4321580175334447,139.48341254297762,0.023558284191475286,0.0004995751993699264,0.04481941836957865,0.5275648389555209,0.0001654546306910932,0.0004346396743622164,1.2667459491053286,138.487855496245,0.023076361164509594,0.0002777589543059957,1.4940385490384673,144.20328372798147,0.023956049104593667,0.0056482024149130524
processed_data_batch_81.npz,150,1.430048266189197,139.60946352650993,0.023535352496635534,0.0035400418382164093,0.05795653904392219,0.3330576555013015,0.0003213699288639179,0.0002838972110866361,0.9969929332097677,138.8843823654851,0.023055171704175603,0.003344655522417091,1.4811671842606156,140.542620096317,0.0267334569674076,0.006867960757043731,150,1.4300501657908669,139.60924904080684,0.02353548317587016,0.000826548604457723,0.05795716164280629,0.3336353822676816,0.0003214418707305178,0.00042647605325418265,0.9969653989972441,138.88677832460814,0.023056405365465243,0.0005788499537144361,1.4812003910237403,140.54146893739292,0.026733748699040525,0.005869025569189895,150,1.4298963826331232,139.64771278989292,0.023393911284145964,0.0005631913549133886,0.05786498105491239,0.33146275521979607,0.00032444566676338124,0.0004379875816526864,0.9976124630235272,138.96964807797565,0.022933134608492164,0.0003576691997389886,1.481048272185695,140.5457279116443,0.026630084648810712,0.005700556883031887,150,1.4301851376601946,139.6112447480987,0.02345882945218985,0.0005866800200513474,0.05795628116913729,0.3316773080155878,0.00032455831847388915,0.0004419126981639553,0.9969759331070026,138.92163825351724,0.023000578936200868,0.0003950172784411025,1.481160272274438,140.53786005505683,0.02670427670511337,0.005792437811903028,150,1.4311588651081704,139.498100473884,0.023594677922542082,0.0004925037531421781,0.05809629530617667,0.33546252454737785,0.0003273596365979588,0.00044822559738825986,0.9972971491356427,138.7570791334299,0.023110154900866934,0.00027827016002006036,1.4826194374869905,140.3715190973999,0.02684318410802697,0.0057481628103219235
processed_data_batch_82.npz,150,1.422608870504284,139.6365476427122,0.023441575594888325,0.0035368263058416123,0.05048611973417498,0.3062566442778758,0.0004137506040956644,0.00035179543015830445,1.1796715443538754,138.88031103918595,0.018760070712707074,0.00332408462464568,1.4784402958986123,140.5448528696936,0.02386255982947637,0.0073353847729846645,150,1.4226044251829397,139.6370709002618,0.02344129362925533,0.0008429144814441839,0.05049025062375905,0.30528999643163496,0.00041367853078056436,0.00048049046530936236,1.1795975871216504,138.88347484687608,0.01875760470207866,0.0006456562068960811,1.4784623307447018,140.54789983860934,0.023860553519577696,0.006346467985614511,150,1.4224980423378244,139.6699493013718,0.023302075720783126,0.0005734473802263252,0.050369425396604064,0.3111466889759224,0.00041552246746257075,0.00048096933904862173,1.1802404627719218,138.9031637006975,0.018600186684501932,0.0003857504000359552,1.4778515109829145,140.62033086622424,0.023707707620586774,0.006251181815895249,150,1.4227821849484423,139.63350040901685,0.023366948198172265,0.0005976683760222011,0.05043357398479093,0.308578020220018,0.0004129816985437942,0.00047761922332700406,1.1801435859754865,138.82129275899396,0.018691440919441006,0.0004130922961561654,1.478259648461994,140.54622568595363,0.02377250012347753,0.006239477674315308,150,1.4237090869381284,139.52661216078633,0.023498835333682026,0.0004945335539731424,0.05066693879871473,0.30510292674501654,0.00041291027943423975,0.00046639580023316265,1.1801593478676835,138.78552123884708,0.018839350480262203,0.0002999692138541771,1.4794867496351318,140.42451823289494,0.02392627054414313,0.006043793543105219
processed_data_batch_83.npz,150,1.4346189578614876,139.69489174270075,0.02347173859920207,0.003592374534705791,0.04623514953386327,1.4978245458079187,0.00043701950197651767,0.0010456123867736847,1.204908028660966,138.83816786680822,0.01852400371181581,0.0033274684039348657,1.487839649613281,157.4593295113018,0.023977696255545865,0.016284198948202874,150,1.4346202829678063,139.69477107738714,0.023471674246925953,0.0008982980017598737,0.04623224686130653,1.4964473042131712,0.00043636130646934287,0.00120798742557962,1.2049124050087634,138.84211679296763,0.018532690511146716,0.0006675504567816862,1.4878009094033855,157.4425879005544,0.02397600272951835,0.015573348618044698,150,1.434460565285511,139.73739835066618,0.023327913049409642,0.0006156632631132423,0.04616084945383959,1.5150554892684398,0.0004539920496246962,0.0010169736074413167,1.2052773369926124,138.89365972043007,0.01814523287367087,0.0003977047359497274,1.4877177086444016,157.72953540993274,0.0238236342584395,0.0129550628166412,150,1.4347445743940632,139.69893458001889,0.023393970495935765,0.0006498706126866683,0.0462149934880636,1.506099872308107,0.00044457685306779546,0.0010986543965728875,1.2050980003932574,138.85729585284975,0.01834179889923294,0.00042116781266840237,1.4880083834154456,157.57344525193287,0.02388917886909118,0.013992407603559805,150,1.4357350236034234,139.58080183731138,0.02353378160520859,0.0005543496370300277,0.04639682609146548,1.527475151122689,0.0004483139981762605,0.001157317352737516,1.205428698086094,138.74107272601788,0.018461020001933236,0.00031025215518602143,1.4891587691236314,157.7042556162659,0.024019419629111947,0.014596604857292228
processed_data_batch_84.npz,150,1.4277216048594807,139.46846426913467,0.02351003961840672,0.003569307260206352,0.06410869101905646,0.8128330378467531,0.0002478735811650943,0.0005569558955744193,0.97133980980991,130.6512921794339,0.022545874031968813,0.0032747206308270708,1.4910801820833484,140.33601060740082,0.02483301225301544,0.00915098032139433,150,1.4277236326276197,139.46821159723578,0.023510175440957574,0.0008852571118231578,0.06410739405665267,0.8126440073728387,0.0002479376026589159,0.0007516638542550211,0.9713193170136399,130.6514807747136,0.022543133313734177,0.0006407944319580171,1.4911273160986231,140.33331878100805,0.024833584787520714,0.008336334935356063,150,1.42756318397386,139.50656689433896,0.023368581465176015,0.0006210110731010138,0.06402835540041324,0.8259069808440693,0.00025378247036837194,0.0006654858522366592,0.9716933732922156,130.50533001348398,0.022392449583492454,0.0003948231284666958,1.4911423849320788,140.37949802083722,0.024719979047322503,0.007389665701559398,150,1.4278696912368134,139.4682099668016,0.02343441945509096,0.0006499350450866798,0.06412615959955302,0.8211734604065897,0.0002518441934321302,0.0007143339895022005,0.9711157720440871,130.5422812874381,0.02245440961778288,0.00040647731096408736,1.491435305291115,140.33720222730463,0.0247824913022354,0.007797800024821087,150,1.4288613498713822,139.35290439507918,0.023570027449705707,0.0005637946496994157,0.06424152340481376,0.8305132103123659,0.0002553494192993936,0.0007915689181781389,0.9714992357231746,130.3741744416476,0.022622148299255993,0.00031186724711362634,1.4920575025039418,140.23819911189815,0.024869558759136982,0.008217286043468415
processed_data_batch_85.npz,150,1.419933700476575,139.6306922055657,0.023645862879675707,0.003562550246879261,0.059362399142163735,1.2761924683164818,0.0006461829701268015,0.0008018645858518625,1.1593693480263052,138.65561506716466,0.016255956789351336,0.0033097024786719136,1.4860673783068972,154.72619321151188,0.024161736131820166,0.013262605708174325,150,1.4199360954246216,139.63047704687565,0.023645843271476733,0.0008663828391256445,0.059361552555307305,1.2773696038944735,0.0006469590172964103,0.0009532065819242597,1.1593743381476305,138.65054679706307,0.016246928814375432,0.0006031819136539945,1.4860411246616338,154.7406493204545,0.024164060560795425,0.012387851544471236,150,1.4198248721044262,139.66342146853592,0.023507652746810256,0.0006064753577504683,0.05927941282242727,1.2538717616315789,0.000627868633592853,0.0008809350528714598,1.159795664065201,138.62680212585678,0.016373254438191126,0.00035823733994297803,1.486015106740305,154.46216047520798,0.024057462524216505,0.011216226019007892,150,1.4200815135055775,139.63013884378122,0.023569345500431157,0.0006223918615944399,0.05935035834415917,1.2518447925550964,0.0006277777854477849,0.0008534083581496372,1.1596878306361023,138.6153741391038,0.01642694690094157,0.00040074758483613624,1.4863981701691396,154.41177126083207,0.024104431564109897,0.010912261420655165,150,1.4210395058947707,139.51928950500042,0.023706873149883432,0.0005309605121784446,0.059518694741392215,1.3138722803412153,0.0006750647341642944,0.0009491317496478243,1.160003937708703,138.52754287508546,0.01593984939660923,0.00028086914400179925,1.4872806593470016,155.08198599342555,0.024225382846976486,0.011980339012281075
processed_data_batch_86.npz,150,1.4316539113374718,139.48099642637675,0.02396864518838803,0.00351015122461249,0.04873367191112859,0.33127414834769964,0.0001699754077301936,6.931835094893693e-05,1.1348501922486847,138.53545786331526,0.02339196257939334,0.003290988200906399,1.4915181328243283,140.16397337799634,0.0243450055939401,0.003731841976833475,150,1.431658663393111,139.4804014554633,0.023969051292160592,0.0008088408108185095,0.04873349352429201,0.330905035793698,0.00017000190717083016,7.228604699337594e-05,1.1348611315157169,138.5382839931579,0.023395210100511158,0.0006552880424286504,1.4915324148533062,140.16231205972733,0.02434220355154065,0.0009967657719954445,150,1.431521760912294,139.5178592313795,0.02382794255002255,0.0005503593271821821,0.04865812622740862,0.32842043349363115,0.00016832218114997346,8.971801466808146e-05,1.1354683996248613,138.5784762993668,0.023274066024814685,0.00037709790637230784,1.4907722344066685,140.18129072462077,0.024223034030393806,0.0007588412964923355,150,1.4318262449407082,139.4812272652856,0.023889692898368765,0.000575566301751912,0.04871757884642442,0.3291257936133638,0.00016887662208346852,8.111078716680636e-05,1.1353202451783801,138.53023723698269,0.023332049443046805,0.0004112976272656449,1.4914406090125554,140.15182621230264,0.02428299094979061,0.0007815118698759743,150,1.4327843044874162,139.36511661107173,0.02403332640849002,0.000473961083070053,0.048856842569983266,0.33696365807647954,0.00017168816985508505,0.00010000017506458408,1.135411469655825,138.3950375903037,0.023453056862260426,0.0003046850379015582,1.4928442731088605,140.0532984375987,0.024431624489376746,0.000796804441612951
processed_data_batch_87.npz,150,1.4299548767674484,139.53771119377151,0.02393759433346343,0.003590621729968991,0.05154718190554307,0.6581983244910697,0.00047938062219309604,0.0006597580301639987,1.204163219269743,138.66173332002052,0.018868086000664863,0.0033452605531017576,1.4933910026138564,146.57646813628762,0.024405286028308517,0.010004299842605336,150,1.4299572783099646,139.53745589966474,0.023937696873241928,0.0009245113096219733,0.05154939332117671,0.6576703598680149,0.00047971620471775266,0.0008577205463675488,1.2042095363819147,138.65982209598326,0.018862734954501158,0.0006414153935785336,1.493347752353954,146.5686907087034,0.02440871924369777,0.008975221712070906,150,1.4298331835337244,139.57448286127118,0.02379635085070235,0.0006265981540753496,0.051471551079093986,0.6628696407104374,0.00048200564051574426,0.0006996550839013816,1.2043981357257427,138.68580629005604,0.018714265563719676,0.0003679766012639993,1.4934435239991568,146.7039873228578,0.024214553669124426,0.006743702860768882,150,1.4301101068952706,139.53949497531232,0.023856885095291065,0.0006611282272984356,0.051529139846876244,0.6607708415683262,0.00048218182608347586,0.000766562274980231,1.2042855525476925,138.65822518752398,0.018755065057810827,0.0003784433906477234,1.4937777621437114,146.62766968076215,0.024294914413686634,0.007827392600868526,150,1.431042169050094,139.4247051190995,0.024002865857185203,0.0005707599876557827,0.05171901776078838,0.6602211522039395,0.00047361070375438285,0.0007832834586631349,1.2044151180017695,138.57800077053253,0.019004018724989146,0.0003210708209966045,1.4946983719258613,146.44506066672722,0.024450336876888364,0.008107018179472483
processed_data_batch_88.npz,150,1.4272378765314362,139.66664600962284,0.02395082911111811,0.0035603194997433593,0.054745850370136635,0.9965969440308418,0.0005127045447212776,0.0006973239207008407,1.1496694340035976,138.92789068980682,0.018147944001945894,0.003292038736834649,1.4916704155653175,151.27066224232104,0.02444679767066282,0.011997005092452832,150,1.427236434374027,139.66681062865086,0.023950713365541283,0.0008709533088360658,0.05474286313696079,0.9963762133534688,0.0005126474039823611,0.0008337499770303763,1.1496445174857495,138.9263920956474,0.018148218388555085,0.0006278907241835114,1.4916834354629784,151.26803791621913,0.02444744314366182,0.010956490804408118,150,1.4271224991525515,139.69976726392701,0.023813078748195042,0.0006015363614731116,0.05465583591932127,0.9830542558298638,0.0004994705476198913,0.0007610318329965949,1.1501434715045622,138.9354061127677,0.018174504692275755,0.00038429207846888373,1.4916190768146484,151.13252613788472,0.02430988152657533,0.009778390784873458,150,1.4273992281660837,139.66558321377326,0.023873176038400654,0.0006200235745425664,0.05471496725449092,0.9783063883234475,0.0004971618779518001,0.0007235605385528395,1.1500782906743066,138.91344582594033,0.018266355822171666,0.00039954701669396765,1.4919497867509235,151.03677967894,0.024359500931235054,0.009352027400979688,150,1.4283498349882426,139.5550604280371,0.024013242553885147,0.0005209528685215362,0.05491322031462337,1.0351834554864412,0.000542875050311999,0.0007997414667769118,1.1501416830857825,138.80405787231996,0.017825290256323463,0.0002933836960291052,1.4930645701656615,151.6366428635918,0.02454875840110687,0.010174092529768353
processed_data_batch_89.npz,150,1.4306426913460268,139.67472495928422,0.023979080186148718,0.003565350594091893,0.05439398798150409,0.8989701922923606,0.0002942305964459367,0.000671738571144245,1.218095334485944,138.7852980679129,0.020840954469345273,0.0033318116939795566,1.4965196508938585,149.88534984892826,0.024353679152142507,0.011685824807693724,150,1.4306456745765714,139.67431637409317,0.023979333950730167,0.0008676103201153166,0.05439164594752182,0.8956265732857958,0.0002925053440588463,0.000812660977282021,1.2180916265481134,138.7860234186121,0.02086407015483182,0.000643415903943118,1.4965219926915314,149.8413558404676,0.024351889026783098,0.01068972758287142,150,1.4305629816588006,139.7063092244883,0.02384030670706392,0.0005874034358204018,0.054283883736564856,0.8941744794577673,0.0002989002051619683,0.0006255352453290766,1.2185012413575846,138.86031119054576,0.020649220427744086,0.00038312260013068425,1.4962827174239153,149.8600252462079,0.02421503069433775,0.008104499368555635,150,1.4308203859505642,139.6756966750792,0.0238985535693241,0.0006239799186990287,0.05436604486549284,0.9069318947706868,0.0003035200668037021,0.0007116909786360771,1.2183868290139428,138.77728566765214,0.02063190612676006,0.00043680740937704056,1.4967297937362412,149.9977656829639,0.024277490862294547,0.009202379450576682,150,1.4317176931395366,139.56512257263034,0.02404318648712829,0.0005264122179706488,0.05464864854307495,0.9830502840543189,0.00033750519688205335,0.0007467447106713744,1.2188008289129484,138.63936257309697,0.020344161551917154,0.0002897039132664248,1.4975543645807792,150.84208139584692,0.024457401821601263,0.00951798851525563
processed_data_batch_90.npz,150,1.4369657797832924,139.7985789851373,0.023914103760962944,0.003668594421472246,0.05976123247515885,1.8448533761345787,0.0007461669883834897,0.0013325403358919528,0.9476633238663762,138.58862447737317,0.0171654579802494,0.0033403191957836003,1.4862844678141807,160.15701287637083,0.024447363308075263,0.015719817551155178,150,1.4369686660028218,139.79827833159945,0.023914241969685564,0.0010190320947290217,0.059765371132533884,1.8444374845600147,0.0007462473576142226,0.0015943530422012882,0.9476188885753205,138.58717218927742,0.017174345783097938,0.0006563503018795656,1.4863324457912443,160.14321346530087,0.024450029093727146,0.015177482537381116,150,1.4368548445866187,139.8329856966355,0.023774312936532243,0.0007392154150608758,0.0596712225051913,1.843470125735943,0.0007508574392335336,0.0014151177290026276,0.9478495615205869,138.66738587619608,0.016869638406148395,0.00039530999404203157,1.4860600601914975,160.26124114750675,0.024296527462753195,0.01274649958313979,150,1.4371204900669787,139.80060013101465,0.023833537061172118,0.0007683337623951179,0.0597450809803875,1.8449858023638164,0.0007469034875902144,0.0014751517106628735,0.9475341172899051,138.5936592135847,0.016979188782303836,0.00040908216089089805,1.486306002779939,160.2521178354584,0.02436475561305432,0.013947949066806895,150,1.4381387458091197,139.67878125770775,0.023983055612397153,0.0006539711959458299,0.059910374221819586,1.870482771251126,0.0007444784180868793,0.0014004983149348998,0.947879504862348,138.41338034700655,0.016755474940090144,0.00033053538393344544,1.487630500259303,160.8968625881113,0.02454195987166701,0.014551611480675845
processed_data_batch_91.npz,150,1.4248987288305102,139.60306035035765,0.024017398670324475,0.003526629613446317,0.062351922011895905,0.3450742080936225,0.0002596429978987252,0.00022475656121204307,1.0256132619815859,137.90177942231836,0.022138858250700024,0.0033646392457010064,1.4893356200432981,140.45271407142187,0.024547619179381294,0.006046607212203716,150,1.4248951861596877,139.6034847908151,0.02401708766429526,0.0008327365348391819,0.06235027069714101,0.3450595971102837,0.0002596363039968385,0.0003504130798239507,1.025614426870533,137.90214240083807,0.02214022817948201,0.0006425386209690211,1.4893469330846987,140.45119456534493,0.024544763330217913,0.004720868644257555,150,1.4247660136535565,139.63953146091106,0.023876615295534774,0.0005726096627665626,0.06225108875147315,0.3454633260203136,0.00026077999832661695,0.000345269458760319,1.0262679965001766,137.93560064437517,0.021996673907359283,0.00038300014174382494,1.489480742690904,140.45142942150514,0.024478835392856748,0.004313932088684268,150,1.4250700534060954,139.60326721477236,0.023937494335439916,0.0005973225470862419,0.06234231767327612,0.3448213523683743,0.0002616879016934705,0.00035816457863192087,1.0256656485880045,137.9065303287728,0.02205335795243849,0.00040836166298258896,1.4896551397175877,140.4565741232546,0.024498798909403624,0.004542024004331342,150,1.4259926653191868,139.49098869699014,0.024080849215533533,0.0004917833753332806,0.0625178744745932,0.34607465828083656,0.0002602114427023903,0.0003631263603903718,1.0257581831514375,137.77452609885424,0.022196867223033254,0.00030307609973051155,1.4906254720350958,140.35539842315606,0.024621295872161702,0.004465878023200656
processed_data_batch_92.npz,150,1.4361936376773967,139.62273386620635,0.02399569174602662,0.003527605943080343,0.04791424410537083,0.33116894141287645,0.0001861535578849674,0.0001239589849601948,1.0761177818169145,138.66204159887133,0.02273133034496193,0.003346803760633517,1.4889026672060384,140.42106294530808,0.02449172770183721,0.004755293779984149,150,1.4361958133263923,139.62244474475025,0.02399597475974934,0.0008009757175937745,0.0479158471678582,0.3312565499444522,0.0001859780196661104,0.0001316586895288436,1.0760943159308538,138.65674570662495,0.022734001708631008,0.000605346907812325,1.4888704783073505,140.4270813726751,0.02449427512329708,0.002025828500257739,150,1.4360298773952223,139.66357161934897,0.023852467195957433,0.0005312862659795118,0.047835376089386476,0.3259858101269136,0.00018291412982510824,0.00011509255694699955,1.076749523000377,138.7544095653993,0.022603561607627352,0.00038827510997210314,1.488545830633841,140.47279108352188,0.02430847420480884,0.0011940741853283506,150,1.436338521467181,139.62619552580887,0.023914412661653242,0.0005586848363335104,0.04789303139653187,0.3283520224015097,0.0001846169782335618,0.00010064476853114505,1.0763730881144054,138.70382484482977,0.022629150878955652,0.0004153175188000858,1.488780969650729,140.4415541409792,0.02437662970665884,0.0012093915445879878,150,1.4373173529619812,139.5084499685387,0.024059858428341296,0.0004571639934710242,0.04802114712993479,0.3339638551518901,0.00018919955668607392,0.00011263913351700304,1.0765497952650518,138.50921982283162,0.022790600683879635,0.0002944978368734344,1.4904109854467693,140.32513425758106,0.024546846551702108,0.0011456435128040056
processed_data_batch_93.npz,150,1.4342983938853964,139.6204223292332,0.023977160300491095,0.0035282720679432698,0.047818521482091376,0.346186416083061,0.0002541047013467153,0.0001715129153729746,1.2325504501281639,138.7008090842797,0.023609521734474684,0.00334726683027797,1.489306206387187,141.02212787701973,0.025889819477527425,0.005321097704908368,150,1.434302123062739,139.62003877759008,0.02397726633076464,0.0008219599259441529,0.04781819646953546,0.346413761638066,0.00025432879456710765,0.00027664142394221266,1.2325314585779292,138.69337795551436,0.023606701831346236,0.0006477296357724565,1.4892804493560685,141.01808599520817,0.025892098689895643,0.0038431644688385193,150,1.4341392796958492,139.65884099722064,0.023835290070122313,0.0005660851467024984,0.04775158216274877,0.3472701645362324,0.00025133196896668617,0.0002830194749028002,1.2330017923416103,138.75365599470683,0.02347752927894427,0.00036794512550630896,1.4896457329892576,141.12737608776138,0.02571850186960923,0.0036532140843945162,150,1.4344402833402234,139.62341479504647,0.023896295678845707,0.0005840754164806245,0.04780746547979571,0.3463590834787096,0.00025185032799390013,0.00029029114878793984,1.23293401487006,138.74148455416764,0.023549163794139957,0.0004062560794593158,1.4895901747858942,141.09391201944047,0.025790698008348732,0.0037589943107056993,150,1.4354391140021814,139.5052512654145,0.024041961865832833,0.00047909321332775703,0.047966782522293874,0.3537644782649693,0.0002566321348028327,0.0003035160415415047,1.2331525976766262,138.55315986017885,0.023671369373678478,0.00028693564331288743,1.4907673138689055,140.94143220922956,0.025941557734977496,0.0037761036799804485
processed_data_batch_94.npz,150,1.4357397866173907,139.6309795290201,0.0238846337704188,0.0036635782737916376,0.04263743055515815,0.8307799996991784,0.00045148984248288116,0.0011082523203746377,1.2496298869800329,133.40454090387914,0.020797790981730086,0.0033518793576399674,1.4929298408057228,145.96613373034896,0.02686308127078326,0.01543421743818333,150,1.4357423582542772,139.63069128587935,0.02388466418396254,0.0009948917506026726,0.042629317076461004,0.8288470630038851,0.0004505410433039235,0.0013479164950891936,1.2498598380839376,133.41535223700632,0.020813912411521602,0.0006552825759433906,1.4929685125140242,145.9339056560754,0.026856632377961157,0.014816235249860095,150,1.43562724990609,139.66722106743885,0.02374350741410898,0.000716636766837207,0.042466669608277004,0.8081817612491656,0.00044153921325309803,0.001201336096648711,1.2533643715775937,133.4871327377862,0.02081265467234974,0.0003841568083728896,1.4927891301535767,145.60037035159536,0.02666254223074778,0.0127295084027108,150,1.435893290544813,139.63369384467612,0.02380444301226966,0.0007379749255685687,0.042614636837151686,0.8264999706702447,0.0004494788885992311,0.0011990145411605692,1.2501993986754611,133.49154510583287,0.02069800079043662,0.0004189211217616801,1.4928416946656047,145.97194524161975,0.02671553408446594,0.012602210472426637,150,1.436874186392559,139.51448554099488,0.02395063242888042,0.000612880814435476,0.04269630425421842,0.7456440224852197,0.0004175758546243612,0.0010367610351438828,1.2575052035585403,134.05892726595252,0.021326056243444615,0.00028695653104905954,1.4942704892616567,144.8755066968163,0.026559291209518533,0.010452323142349096
processed_data_batch_95.npz,150,1.4331377917062516,139.6054128810356,0.023795204796287692,0.0035644092760439266,0.06008991809337696,0.48101854578436565,0.0003325052087107503,0.0005561487791344056,0.9816701438949641,134.9394998179813,0.02146760037621363,0.00336483898304276,1.4902222441054327,140.5680514443566,0.026578147587690035,0.010241445817167997,150,1.433138097138838,139.60534664026568,0.02379528564710741,0.0008669394276512491,0.06008837418639013,0.48090621624796615,0.0003327570630058759,0.0007178228358826848,0.9816890163796397,134.9429897615548,0.02146654998573951,0.0006205331972680371,1.490225971825868,140.56144620841658,0.026577569521072215,0.009359138180311007,150,1.433032920810363,139.6394567788155,0.023655510045147845,0.0005972787189026081,0.06003117525302006,0.48074431520014055,0.00033177889541655364,0.0006560097206458126,0.9819564642508133,134.9925254299814,0.021313993972752545,0.00036844041670698716,1.4897044589295259,140.64372461785902,0.026406367245029243,0.00828700918980738,150,1.43331203549629,139.60514662258382,0.02371708629343906,0.0006262908287589331,0.06011296922266048,0.4750033068881668,0.0003294732365126864,0.0006544771989595219,0.9812685100065749,135.02590371636532,0.02136538236188733,0.0004110349232486746,1.490275081357387,140.5812264999623,0.02643332108807976,0.008300319345960532,150,1.434214047397866,139.49756734917003,0.023855449733583257,0.0005117846893174148,0.060275904201751655,0.42508848877442096,0.00030433847189249933,0.0005488705843040134,0.9817829411406542,135.73132547586764,0.021525184420837132,0.00030563080430850894,1.4914817130795075,140.51132939476344,0.026083536692058654,0.006832410823079183
processed_data_batch_96.npz,150,1.4316292196872549,139.61196889278358,0.02390477295026635,0.0035448595894881675,0.06734771407980411,0.5955268589411644,0.00023271696554983236,0.0002921711588959674,1.017025071831646,138.62522994784806,0.02341813961053599,0.0033390840849276894,1.491133338371749,145.43218563125603,0.025165062576464583,0.006817347870416749,150,1.4316278231093027,139.61203804517731,0.023904808992299815,0.0008452219339348144,0.06734193068265847,0.5961307096526741,0.00023271129191315882,0.00044482268642303483,1.017041203422748,138.62312143816217,0.02341642729818482,0.00064742056008174,1.4911273801610494,145.43617105682412,0.025166202647125924,0.005768535674284979,150,1.4314732420205727,139.65271262608638,0.023760707026494857,0.0005749382516381922,0.06725992512277358,0.5931286325687176,0.00023035587705584872,0.0004228631417713457,1.017465689323626,138.70119465169054,0.02327060761367999,0.00036883513299498165,1.4909655382985807,145.42907085958277,0.024991234557782294,0.00535158159544912,150,1.431773899470323,139.61605269147023,0.023823742537575517,0.0006067731095996405,0.06735064798005506,0.593467276492744,0.0002309964050444624,0.0004400718062160068,1.016588334618802,138.65087243764816,0.023347801753759383,0.00043088028675926555,1.4912350168728046,145.42122332144504,0.02509958532892755,0.005602678466117406,150,1.4327334465934745,139.50027164660418,0.023967274221528546,0.0005123014252262007,0.0675696024574367,0.5997880221792837,0.0002343278162498117,0.0004689082414430908,1.017234198080876,138.47728899974481,0.023493911095783554,0.000279788237082622,1.492722095222337,145.36802898663518,0.02518861448577776,0.005879448092500278
processed_data_batch_97.npz,150,1.425041637336937,139.6118502118606,0.024060029346888095,0.0035161842995470546,0.062370847715307445,0.32334099603829614,0.0002666743137214526,9.815459341451618e-05,1.1776668043638794,138.73113584832382,0.02222711437701066,0.0032974344061671513,1.5272430598892377,140.3499859054628,0.024518315857050398,0.004094455266406946,150,1.4250415555693432,139.61192100936591,0.024059866388255084,0.0008226079981890538,0.06236985320948269,0.3236559420536818,0.0002668023555621131,0.0001714144904563545,1.1776138178465254,138.73036100103283,0.022225831884716985,0.0006232058993935759,1.5272580639357902,140.35082693298838,0.02451905114144921,0.0021704909389865666,150,1.4249315355494991,139.6470269002152,0.02391922825572859,0.0005585648687868774,0.06227087215947595,0.3222595931638106,0.000266993571463182,0.00019038160947089825,1.1781881249650081,138.77052819077633,0.022105053932027996,0.00034868178568777254,1.5273162089825791,140.38161342507587,0.024394024326023646,0.002014172522035832,150,1.4251976021429411,139.61395624186818,0.023978488948615196,0.0005861589346853729,0.06233254111788695,0.32354414474608634,0.000267781060514455,0.00018273497078537056,1.1781727368903647,138.76271171326124,0.022144805596334367,0.00037077768751731237,1.5271866983736548,140.36675818701556,0.024439509802803086,0.001999159426942322,150,1.42613758736364,139.49866798959565,0.024126525116182636,0.0004880343553924691,0.06252471358258112,0.32764588639701575,0.0002665887794085207,0.0001825344976396194,1.1781933837151202,138.64366066466386,0.02233343034760169,0.0002718655494489676,1.528502349054465,140.24178819719688,0.02459093187303582,0.0018447384225126033
processed_data_batch_98.npz,150,1.4390871498951636,139.69386321554632,0.023980306441585247,0.0035076478109201535,0.04669190937419522,0.344212789429917,0.00016186255341837992,6.816652860669597e-05,1.1238266505345407,139.04644865124968,0.02354036550011103,0.0033524588551795886,1.4938456447028985,140.78921304208484,0.024399707260192634,0.003688615625750564,150,1.4390848437205772,139.69411961059507,0.02398018486123616,0.0007952322154315131,0.04669461576180758,0.34379940494600536,0.00016181642803925504,8.17867354840539e-05,1.1238569399012925,139.04346152356172,0.023540442127984465,0.0006486225385864752,1.4938322076100394,140.78551866997208,0.024399383359653696,0.001067084080775913,150,1.4389646052846183,139.7296965764018,0.023839697577173892,0.0005281013073318754,0.04663670987784298,0.3410086608871744,0.0001612053912718965,7.654515364714649e-05,1.1241995396612279,139.07528671438533,0.023403285743777823,0.00037395894418710163,1.4938502030575525,140.74962746412004,0.024301686590940546,0.0008097813238406596,150,1.4392572465576863,139.6948060757547,0.023900529329593384,0.0005568948238355764,0.04667023005125813,0.34227899807314444,0.00016036608296700317,7.897281650519481e-05,1.1241676585316092,139.0480840139957,0.023471563481022355,0.000404789407714362,1.494149364627291,140.74922515318744,0.024350975787326427,0.0008756384604492595,150,1.440217191248594,139.5784094034874,0.02404546004871133,0.00046199910116815864,0.0467786222590603,0.3525165302474341,0.00016872974336341,0.00010359282536302911,1.1242935556948084,138.88660310534092,0.023593432645370446,0.0002992584968829496,1.4950044216858063,140.724088623911,0.024477402746616677,0.0008708618344617792
processed_data_batch_99.npz,150,1.4350053173189656,139.53010735867875,0.02390595495777367,0.003564879644234105,0.05036757995965384,1.0412790465134454,0.00035278580557366614,0.000621336300291684,1.23007139891351,127.4593934449838,0.02329881589441246,0.0033505884008705254,1.4956636855794956,140.52219747306845,0.02768110362520308,0.011072493894849045,150,1.4350088576676676,139.52968833432917,0.023906184080050165,0.000862742695169323,0.05036562762700879,1.0412317329411254,0.00035272785882073724,0.0007834979918079713,1.23008892386858,127.45819353428578,0.023293984595362905,0.0006479807716555509,1.495661998527482,140.52351689542897,0.02768084976920446,0.010349312493449767,150,1.4348585264602876,139.56657772584995,0.02376687456482487,0.0005958817988271091,0.050300175755557584,1.047290405572068,0.0003614210970506274,0.0006878429917807759,1.2305300887720334,127.4064415408266,0.023188785081619333,0.000376534081709031,1.495586420349905,140.53365133654214,0.027659861145416662,0.008897590386183523,150,1.4351537514161075,139.53083628109025,0.023828454990008463,0.0006220053190131217,0.05034427409910696,1.048679606269729,0.00035947872818241485,0.0007240554688505858,1.2304764072583818,127.35483281330065,0.023249349903303223,0.00043079754645864934,1.495953222105731,140.51733788461533,0.027710493304672935,0.009382626501356376,150,1.4361909028675595,139.41115593169732,0.023971271162904966,0.0005196867489436184,0.0505593445523941,1.0965166441256964,0.0003792882215649457,0.0007638239946483787,1.2304490174639582,126.67301020462092,0.023338540913310165,0.00027081403093807336,1.4968717564441234,140.4304473958714,0.02807105029827784,0.009754957200053333
processed_data_batch_100.npz,150,1.429237810455005,139.5619316230871,0.023782153691614117,0.0035572754814440486,0.06071937872827471,0.3781017926950816,0.0004127434773646324,0.0003717518497702002,1.1244015561390914,136.7446295741634,0.021734520830548734,0.0033517178669638993,1.511280241535415,140.36589769853285,0.02746148308606017,0.006905996710987011,150,1.4292426689178428,139.56136171995044,0.02378245385841362,0.0008765914345643663,0.060716681743309554,0.3780886885561889,0.0004125449266025921,0.0005615089027436741,1.1244090501774298,136.7452334588511,0.02173553554008015,0.0006449293338763682,1.5112874304447192,140.363408275444,0.027459454164872468,0.00591641901021873,150,1.429129934279512,139.59535804898857,0.023643294707249546,0.0006174805779965775,0.06064116939740354,0.3734130399891584,0.00041604727582387503,0.0005738342064841814,1.124788248379383,136.79899778069094,0.021582202041701463,0.00035709294778363005,1.5111201926868827,140.34235949184998,0.027373768889192518,0.005683042462885568,150,1.429390380996348,139.56282643188143,0.02370392437532717,0.0006362874446897733,0.06069601690745974,0.3800712811697737,0.0004142948264395891,0.0005794811091857083,1.1247602167461623,136.68185830258585,0.02168510276179472,0.0004146485320455398,1.5110778486665601,140.34781291868828,0.027419445021158822,0.005814883399683712,150,1.4303797226897237,139.44536323245256,0.02384580647038275,0.0005302732543709258,0.06088176545282403,0.37985784943711615,0.00041560116092956577,0.0005895246683113159,1.124653766825742,136.6460197842701,0.02176618369359836,0.00031122921664707544,1.5122070490196131,140.30721593477566,0.02751717619557735,0.005815388628237008
processed_data_batch_101.npz,150,1.4382533299976872,139.63979700120618,0.02381419174496816,0.0035179485773541965,0.04591204780063307,0.30110513545768214,0.00014758754807075582,7.259219512250728e-05,1.1965887048050874,138.7859966764155,0.02315969368149306,0.003347697617194942,1.4958368514541152,140.23899196732822,0.02410071631438518,0.0037614037816622605,150,1.4382555593680264,139.6395996507871,0.02381411840981503,0.0008019948543286694,0.04590654386554735,0.3009053834614906,0.00014749532659077844,7.624553829031907e-05,1.1966018723408172,138.78671306927492,0.023164478556702138,0.0006287147880952488,1.4958235098856316,140.2400601064576,0.024102016215892304,0.0010160580627822373,150,1.4381268916851588,139.67475894332637,0.023675465014143634,0.0005361280649570224,0.04585078753714974,0.30272280081256425,0.00014686080163996943,8.431238050221765e-05,1.1971185474672235,138.81491082377153,0.02302231744443504,0.00034462398362321636,1.495976025904788,140.29500183544232,0.02397107279533391,0.0007981898155439833,150,1.438422545695946,139.63919908114622,0.023737244662520075,0.0005633355623771191,0.04589243679068266,0.3009802533238195,0.00014605739235024553,7.703111628122666e-05,1.197004851598847,138.8159831140358,0.023070757828157148,0.00039726647154261904,1.4960858274303779,140.2217839445155,0.024018915786420788,0.000825095119531311,150,1.4393872365186935,139.52536879118463,0.023877790981720885,0.0004611592229780527,0.046019798433353055,0.3050720525462165,0.00015089466945451057,9.484423208489137e-05,1.1970064523320143,138.65573746510222,0.023184320581265575,0.00029764619090111224,1.4974998747715733,140.1396486587473,0.024226907212230395,0.000811006384162223
