 21 9350.261124 1.089E-30 3.079E-05.06490.072 2462.67570.73-.014087       3 0 0 33       1 0 0 01                    R 52e     3355532430 9 9 711   107.0  105.0
 21 9350.395894 2.068E-29 2.667E-05.06940.089 1704.94190.73-.011412       3 0 0 33       1 0 0 01                    R 28e     3366632430 9 9 711    59.0   57.0
 21 9350.436362 1.890E-30 2.058E-07.06370.070 1333.76790.72-.014199       1 2 2 32       0 0 0 01                    P 58e     3355532430 9 9 711   115.0  117.0
 21 9350.610896 3.098E-30 1.978E-08.09490.127    0.00000.69-.004481       5 0 0 11       0 0 0 01                    R  0e     3366632430 9 9 711     3.0    1.0
 21 9350.693807 1.569E-30 1.793E-04.06660.077 2707.40490.74-.013006       3 1 1 33       1 1 1 02                    P 44f     3365632430 9 9 711    87.0   89.0
 21 9350.711256 1.527E-30 3.037E-05.06530.073 2382.42160.74-.013894       3 0 0 33       1 0 0 01                    R 50e     3355532430 9 9 711   103.0  101.0
 21 9350.815333 1.783E-29 2.693E-05.06890.088 1750.96060.74-.011670       3 0 0 33       1 0 0 01                    R 30e     3366632430 9 9 711    63.0   61.0
 21 9350.958942 5.837E-27 1.967E-05.06800.084  519.53500.74-.012304       2 0 0 33       0 0 0 01                    P 36e     3666632430 9 9 711    71.0   73.0
 21 9351.079965 2.106E-30 2.995E-05.06570.074 2305.27510.74-.013697       3 0 0 33       1 0 0 01                    R 48e     3365632430 9 9 711    99.0   97.0
 21 9351.157852 1.509E-29 2.721E-05.06850.086 1800.09570.74-.011921       3 0 0 33       1 0 0 01                    R 32e     3366632430 9 9 711    67.0   65.0
 21 9351.367868 2.858E-30 2.956E-05.06610.075 2231.23730.74-.013495       3 0 0 33       1 0 0 01                    R 46e     3365632430 9 9 711    95.0   93.0
 21 9351.423069 1.254E-29 2.751E-05.06810.084 1852.34660.74-.012165       3 0 0 33       1 0 0 01                    R 34e     3366632430 9 9 711    71.0   69.0
 21 9351.438586 1.109E-30 2.810E-04.07590.103 2630.49180.68-.010078       4 0 0 34       2 0 0 03                    P 14e     3366632430 9 9 711    27.0   29.0
 21 9351.528299 1.732E-30 1.699E-04.06680.078 2671.22530.75-.012921       3 1 1 33       1 1 1 02                    P 43e     3365632430 9 9 711    85.0   87.0
 21 9351.575280 3.816E-30 2.919E-05.06650.077 2160.30910.74-.013287       3 0 0 33       1 0 0 01                    R 44e     3365632430 9 9 711    91.0   89.0
 21 9351.610591 1.023E-29 2.781E-05.06780.083 1907.71230.74-.012402       3 0 0 33       1 0 0 01                    R 36e     3366632430 9 9 711    75.0   73.0
 21 9351.702803 5.010E-30 2.883E-05.06680.078 2092.49160.75-.013075       3 0 0 33       1 0 0 01                    R 42e     3365632430 9 9 711    87.0   85.0
 21 9351.720008 8.206E-30 2.814E-05.06750.081 1966.19230.75-.012632       3 0 0 33       1 0 0 01                    R 38e     3366632430 9 9 711    79.0   77.0
 21 9351.750893 6.467E-30 2.848E-05.06710.080 2027.78570.75-.012856       3 0 0 33       1 0 0 01                    R 40e     3366632430 9 9 711    83.0   81.0
 21 9352.164427 9.182E-30 2.541E-08.08800.120    2.34130.70-.004844       5 0 0 11       0 0 0 01                    R  2e     3366632430 9 9 711     7.0    5.0
 21 9353.468706 1.054E-30 2.831E-04.07740.105 2609.37540.68-.009809       4 0 0 34       2 0 0 03                    P 12e     3366632430 9 9 711    23.0   25.0
 21 9353.595081 2.453E-30 1.792E-07.06420.070 1244.22040.73-.014042       1 2 2 32       0 0 0 01                    P 56e     3355532430 9 9 711   111.0  113.0
 21 9353.613234 7.167E-27 1.957E-05.06830.085  464.17170.74-.012122       2 0 0 33       0 0 0 01                    P 34e     3666632430 9 9 711    67.0   69.0
 21 9353.712108 1.487E-29 2.691E-08.08470.116    7.80430.69-.005485       5 0 0 11       0 0 0 01                    R  4e     3366632430 9 9 711    11.0    9.0
 21 9353.735001 2.100E-30 1.808E-04.06700.079 2639.35360.75-.012834       3 1 1 33       1 1 1 02                    P 42f     3365632430 9 9 711    83.0   85.0
 21 9354.133104 1.537E-30 2.030E-04.06260.068 2808.24800.71-.014450       3 0 0 33       1 0 0 02                    P 62e     3355532430 9 9 711   123.0  125.0
 21 9354.559971 2.317E-30 1.729E-04.06710.080 2604.89030.75-.012747       3 1 1 33       1 1 1 02                    P 41e     3365632430 9 9 711    81.0   83.0
 21 9355.254001 1.991E-29 2.755E-08.08220.112   16.38900.68-.006045       5 0 0 11       0 0 0 01                    R  6e     3366632430 9 9 711    15.0   13.0
 21 9356.202732 8.643E-27 1.948E-05.06870.087  411.92250.74-.011938       2 0 0 33       0 0 0 01                    P 32e     3666632430 9 9 711    63.0   65.0
 21 9356.698777 3.114E-30 1.551E-07.06470.071 1157.77410.73-.013884       1 2 2 32       0 0 0 01                    P 54e     3355532430 9 9 711   107.0  109.0
 21 9356.712852 2.760E-30 1.822E-04.06730.080 2574.42230.75-.012660       3 1 1 33       1 1 1 02                    P 40f     3366632430 9 9 711    79.0   81.0
 21 9356.790211 2.409E-29 2.787E-08.08010.109   28.09510.68-.006519       5 0 0 11       0 0 0 01                    R  8e     3366632430 9 9 711    19.0   17.0
 21 9357.537513 3.036E-30 1.754E-04.06750.081 2541.66900.75-.012571       3 1 1 33       1 1 1 02                    P 39e     3366632430 9 9 711    77.0   79.0
 21 9358.009794 2.365E-30 2.028E-04.06320.069 2712.47950.72-.014299       3 0 0 33       1 0 0 02                    P 60e     3355532430 9 9 711   119.0  121.0
 21 9358.320879 2.727E-29 2.802E-08.07820.107   42.92250.68-.006931       5 0 0 11       0 0 0 01                    R 10e     3366632430 9 9 711    23.0   21.0
 21 9358.727690 1.023E-26 1.940E-05.06920.088  362.78830.74-.011752       2 0 0 33       0 0 0 01                    P 30e     3666632430 9 9 711    59.0   61.0
 21 9358.813099 1.164E-30 3.918E-04.06780.083 2893.20070.74-.012394       2 0 0 42       0 0 0 11                    P 37e     3366632430 9 9 711    73.0   75.0
 21 9359.625854 3.559E-30 1.834E-04.06760.082 2512.61220.75-.012483       3 1 1 33       1 1 1 02                    P 38f     3366632430 9 9 711    75.0   77.0
 21 9359.747053 3.865E-30 1.335E-07.06510.072 1074.43060.74-.013723       1 2 2 32       0 0 0 01                    P 52e     3355532430 9 9 711   103.0  105.0
 21 9359.846189 2.937E-29 2.806E-08.07660.104   60.87090.68-.007297       5 0 0 11       0 0 0 01                    R 12e     3366632430 9 9 711    27.0   25.0
 21 9360.456714 3.897E-30 1.774E-04.06780.083 2481.56240.74-.012394       3 1 1 33       1 1 1 02                    P 37e     3366632430 9 9 711    73.0   75.0
 21 9360.797113 1.033E-30 4.711E-04.07350.099 2804.35750.70-.010550       4 0 0 33       2 0 0 02                    P 18e     3366632430 9 9 711    35.0   37.0
 21 9361.139147 1.128E-30 8.243E-05.06760.082 2584.44300.75-.012483       2 3 3 32       0 3 3 01                    P 38f     3366632430 9 9 711    75.0   77.0
 21 9361.188350 1.188E-26 1.933E-05.06970.090  316.76990.73-.011563       2 0 0 33       0 0 0 01                    P 28e     3666632430 9 9 711    55.0   57.0
 21 9361.366361 3.038E-29 2.801E-08.07520.102   81.94010.69-.007628       5 0 0 11       0 0 0 01                    R 14e     3366632430 9 9 711    31.0   29.0
 21 9361.729992 1.449E-30 3.924E-04.06810.084 2836.72980.74-.012213       2 0 0 42       0 0 0 11                    P 35e     3366632430 9 9 711    69.0   71.0
 21 9361.809231 3.581E-30 2.027E-04.06370.070 2619.80750.72-.014146       3 0 0 33       1 0 0 02                    P 58e     3355532430 9 9 711   115.0  117.0
 21 9362.472804 4.504E-30 1.844E-04.06800.084 2453.92450.74-.012304       3 1 1 33       1 1 1 02                    P 36f     3366632430 9 9 711    71.0   73.0
 21 9362.581873 1.270E-30 8.253E-05.06780.083 2554.65290.74-.012394       2 3 3 32       0 3 3 01                    P 37e     3366632430 9 9 711    73.0   75.0
 21 9362.739617 4.689E-30 1.141E-07.06550.074  994.19130.74-.013559       1 2 2 32       0 0 0 01                    P 50e     3355532430 9 9 711    99.0  101.0
 21 9362.881657 3.039E-29 2.793E-08.07400.100  106.12970.70-.007934       5 0 0 11       0 0 0 01                    R 16e     3366632430 9 9 711    35.0   33.0
 21 9362.947442 1.055E-30 4.760E-04.07460.101 2777.09400.69-.010322       4 0 0 33       2 0 0 02                    P 16e     3366632430 9 9 711    31.0   33.0
 21 9363.314275 4.905E-30 1.792E-04.06810.084 2424.57170.74-.012213       3 1 1 33       1 1 1 02                    P 35e     3366632430 9 9 711    69.0   71.0
 21 9363.584938 1.352E-26 1.927E-05.07020.092  273.86800.73-.011370       2 0 0 33       0 0 0 01                    P 26e     3666632430 9 9 711    51.0   53.0
 21 9364.007001 1.424E-30 8.265E-05.06800.084 2525.64540.74-.012304       2 3 3 32       0 3 3 01                    P 36f     3366632430 9 9 711    71.0   73.0
 21 9364.392377 2.951E-29 2.780E-08.07300.098  133.43930.70-.008221       5 0 0 11       0 0 0 01                    R 18e     3366632430 9 9 711    39.0   37.0
 21 9364.569714 1.771E-30 3.930E-04.06850.086 2783.34800.74-.012031       2 0 0 42       0 0 0 11                    P 33e     3366632430 9 9 711    65.0   67.0
 21 9365.028468 1.043E-30 4.807E-04.07590.103 2752.94510.68-.010078       4 0 0 33       2 0 0 02                    P 14e     3366632430 9 9 711    27.0   29.0
 21 9365.068397 1.022E-30 1.775E-04.06700.079 2783.21020.75-.012834       3 1 1 32       1 1 1 01                    P 42f     3365632430 9 9 711    83.0   85.0
 21 9365.252735 5.593E-30 1.854E-04.06830.085 2398.36040.74-.012122       3 1 1 33       1 1 1 02                    P 34f     3366632430 9 9 711    67.0   69.0
 21 9365.414387 1.589E-30 8.276E-05.06810.084 2497.42030.74-.012213       2 3 3 32       0 3 3 01                    P 35e     3366632430 9 9 711    69.0   71.0
 21 9365.531443 5.336E-30 2.026E-04.06420.070 2530.23390.73-.013990       3 0 0 33       1 0 0 02                    P 56e     3355532430 9 9 711   111.0  113.0
 21 9365.676253 5.556E-30 9.694E-08.06590.075  917.05730.74-.013393       1 2 2 32       0 0 0 01                    P 48e     3365632430 9 9 711    95.0   97.0
 21 9365.898860 2.789E-29 2.764E-08.07200.096  163.86840.71-.008491       5 0 0 11       0 0 0 01                    R 20e     3366632430 9 9 711    43.0   41.0
 21 9365.917664 1.508E-26 1.923E-05.07090.094  234.08340.72-.011174       2 0 0 33       0 0 0 01                    P 24e     3666632430 9 9 711    47.0   49.0
 21 9366.107587 6.052E-30 1.808E-04.06850.086 2370.69800.74-.012031       3 1 1 33       1 1 1 02                    P 33e     3366632430 9 9 711    65.0   67.0
 21 9366.214702 1.169E-30 1.760E-04.06710.080 2748.76860.75-.012747       3 1 1 32       1 1 1 01                    P 41e     3365632430 9 9 711    81.0   83.0
 21 9366.583106 1.311E-30 7.886E-05.06400.070 2628.47380.72-.014068       2 2 2 32       0 2 2 01                    P 57f     3355532430 9 9 711   113.0  115.0
 21 9366.804138 1.765E-30 8.287E-05.06830.085 2469.97790.74-.012122       2 3 3 32       0 3 3 01                    P 34f     3366632430 9 9 711    67.0   69.0
 21 9367.332281 2.125E-30 3.937E-04.06890.088 2733.05620.74-.011845       2 0 0 42       0 0 0 11                    P 31e     3366632430 9 9 711    61.0   63.0
 21 9367.401484 2.572E-29 2.746E-08.07120.095  197.41660.72-.008749       5 0 0 11       0 0 0 01                    R 22e     3366632430 9 9 711    47.0   45.0
 21 9367.964865 6.813E-30 1.862E-04.06870.087 2345.92090.74-.011938       3 1 1 33       1 1 1 02                    P 32f     3366632430 9 9 711    63.0   65.0
 21 9368.136303 1.337E-30 1.781E-04.06730.080 2718.31800.75-.012660       3 1 1 32       1 1 1 01                    P 40f     3366632430 9 9 711    79.0   81.0
 21 9368.176149 1.951E-30 8.297E-05.06850.086 2443.31820.74-.012031       2 3 3 32       0 3 3 01                    P 33e     3366632430 9 9 711    65.0   67.0
 21 9368.186722 1.646E-26 1.921E-05.07160.095  197.41660.71-.010973       2 0 0 33       0 0 0 01                    P 22e     3666632430 9 9 711    43.0   45.0
 21 9368.556796 6.427E-30 8.174E-08.06630.076  843.03010.74-.013225       1 2 2 32       0 0 0 01                    P 46e     3365632430 9 9 711    91.0   93.0
 21 9368.834555 7.321E-30 1.822E-04.06890.088 2319.94220.74-.011845       3 1 1 33       1 1 1 02                    P 31e     3366632430 9 9 711    61.0   63.0
 21 9368.900664 2.317E-29 2.725E-08.07050.093  234.08340.72-.008995       5 0 0 11       0 0 0 01                    R 24e     3366632430 9 9 711    51.0   49.0
 21 9368.965889 1.387E-30 6.843E-05.06420.070 2583.91970.73-.013990       2 2 2 32       0 2 2 01                    P 56e     3355532430 9 9 711   111.0  113.0
 21 9369.176466 7.822E-30 2.026E-04.06470.071 2443.76040.73-.013832       3 0 0 33       1 0 0 02                    P 54e     3355532430 9 9 711   107.0  109.0
 21 9369.282752 1.515E-30 1.766E-04.06750.081 2685.58900.75-.012571       3 1 1 32       1 1 1 01                    P 39e     3366632430 9 9 711    77.0   79.0
 21 9369.530493 2.147E-30 8.310E-05.06870.087 2417.44140.74-.011938       2 3 3 32       0 3 3 01                    P 32f     3366632430 9 9 711    63.0   65.0
 21 9370.017710 2.502E-30 3.946E-04.06940.089 2685.85510.73-.011658       2 0 0 42       0 0 0 11                    P 29e     3366632430 9 9 711    57.0   59.0
 21 9370.073892 1.840E-30 7.475E-05.06450.071 2540.15630.73-.013912       2 2 2 32       0 2 2 01                    P 55f     3355532430 9 9 711   109.0  111.0
 21 9370.392288 1.755E-26 1.919E-05.07250.097  163.86840.71-.010766       2 0 0 33       0 0 0 01                    P 20e     3666632430 9 9 711    39.0   41.0
 21 9370.396855 2.043E-29 2.704E-08.06990.091  273.86800.73-.009232       5 0 0 11       0 0 0 01                    R 26e     3366632430 9 9 711    55.0   53.0
 21 9370.608555 8.139E-30 1.870E-04.06920.088 2296.60700.74-.011752       3 1 1 33       1 1 1 02                    P 30f     3366632430 9 9 711    59.0   61.0
 21 9370.619288 1.947E-30 1.134E-07.06870.087 1080.39290.74-.009931       5 1 1 11       0 1 1 01                    P 32f     3466632636 9 9 711    63.0   65.0
 21 9370.867097 2.350E-30 8.317E-05.06890.088 2392.34750.74-.011845       2 3 3 32       0 3 3 01                    P 31e     3366632430 9 9 711    61.0   63.0
 21 9371.129889 1.718E-30 1.786E-04.06760.082 2656.54690.75-.012483       3 1 1 32       1 1 1 01                    P 38f     3366632430 9 9 711    75.0   77.0
 21 9371.381123 7.252E-30 6.838E-08.06660.077  772.11070.74-.013054       1 2 2 32       0 0 0 01                    P 44e     3365632430 9 9 711    87.0   89.0
 21 9371.457544 1.069E-30 2.641E-04.07820.107 2591.38660.68-.008464       4 0 0 34       2 0 0 03                    R 10e     3366632430 9 9 711    23.0   21.0
 21 9371.493477 8.680E-30 1.835E-04.06940.089 2272.30520.73-.011658       3 1 1 33       1 1 1 02                    P 29e     3366632430 9 9 711    57.0   59.0
 21 9371.657746 1.297E-30 1.834E-04.06320.069 2814.74520.72-.014299       3 0 0 32       1 0 0 01                    P 60e     3355532430 9 9 711   119.0  121.0
 21 9371.890550 1.765E-29 2.684E-08.06940.089  316.76990.73-.009461       5 0 0 11       0 0 0 01                    R 28e     3366632430 9 9 711    59.0   57.0
 21 9372.184708 2.336E-30 1.144E-07.06920.088 1031.12900.74-.009782       5 1 1 11       0 1 1 01                    P 30f     3466632636 9 9 711    59.0   61.0
 21 9372.186008 2.560E-30 8.326E-05.06920.088 2368.03680.74-.011752       2 3 3 32       0 3 3 01                    P 30f     3366632430 9 9 711    59.0   61.0
 21 9372.274850 1.929E-30 1.773E-04.06780.083 2625.52330.74-.012394       3 1 1 32       1 1 1 01                    P 37e     3366632430 9 9 711    73.0   75.0
 21 9372.423015 2.241E-30 7.529E-05.06470.071 2497.16000.73-.013832       2 2 2 32       0 2 2 01                    P 54e     3355532430 9 9 711   107.0  109.0
 21 9372.534524 1.826E-26 1.920E-05.07350.099  133.43930.70-.010550       2 0 0 33       0 0 0 01                    P 18e     3666632430 9 9 711    35.0   37.0
 21 9372.554937 1.160E-30 2.665E-04.07660.104 2609.37540.68-.008889       4 0 0 34       2 0 0 03                    R 12e     3366632430 9 9 711    27.0   25.0
 21 9372.626018 2.887E-30 3.954E-04.06990.091 2641.74570.73-.011467       2 0 0 42       0 0 0 11                    P 27e     3366632430 9 9 711    53.0   55.0
 21 9372.744342 1.128E-29 2.025E-04.06510.072 2360.38860.74-.013672       3 0 0 33       1 0 0 02                    P 52e     3355532430 9 9 711   103.0  105.0
 21 9373.183282 9.530E-30 1.878E-04.06970.090 2250.41970.73-.011563       3 1 1 33       1 1 1 02                    P 28f     3366632430 9 9 711    55.0   57.0
 21 9373.382279 1.496E-29 2.665E-08.06890.088  362.78830.74-.009682       5 0 0 11       0 0 0 01                    R 30e     3366632430 9 9 711    63.0   61.0
 21 9373.394170 2.296E-30 6.404E-05.06490.072 2454.95160.73-.013752       2 2 2 32       0 2 2 01                    P 53f     3355532430 9 9 711   105.0  107.0
 21 9373.487174 2.776E-30 8.338E-05.06940.089 2344.50920.73-.011658       2 3 3 32       0 3 3 01                    P 29e     3366632430 9 9 711    57.0   59.0
 21 9373.577356 1.210E-30 2.683E-04.07520.102 2630.49180.69-.009275       4 0 0 34       2 0 0 03                    R 14e     3366632430 9 9 711    31.0   29.0
 21 9373.760197 2.748E-30 1.154E-07.06970.090  984.98890.73-.009631       5 1 1 11       0 1 1 01                    P 28f     3466632636 9 9 711    55.0   57.0
 21 9373.909718 1.239E-30 6.586E-08.06890.088 1054.76060.74-.009857       5 1 1 11       0 1 1 01                    P 31e     3466632636 9 9 711    61.0   63.0
 21 9374.049062 2.168E-30 1.792E-04.06800.084 2597.89790.74-.012304       3 1 1 32       1 1 1 01                    P 36f     3366632430 9 9 711    71.0   73.0
 21 9374.058344 1.290E-30 7.288E-05.05980.066 2660.79230.68-.015099       2 1 1 32       0 1 1 01                    P 71e     3655532430 9 9 711   141.0  143.0
 21 9374.082947 1.008E-29 1.847E-04.06990.091 2227.78800.73-.011467       3 1 1 33       1 1 1 02                    P 27e     3366632430 9 9 711    53.0   55.0
 21 9374.149133 7.975E-30 5.672E-08.06700.079  704.30050.75-.012881       1 2 2 32       0 0 0 01                    P 42e     3365632430 9 9 711    83.0   85.0
 21 9374.524713 1.222E-30 2.701E-04.07400.100 2654.73520.70-.009631       4 0 0 34       2 0 0 03                    R 16e     3366632430 9 9 711    35.0   33.0
 21 9374.613572 1.849E-26 1.923E-05.07460.101  106.12970.69-.010322       2 0 0 33       0 0 0 01                    P 16e     3666632430 9 9 711    31.0   33.0
 21 9374.770625 2.994E-30 8.347E-05.06970.090 2321.76500.73-.011563       2 3 3 32       0 3 3 01                    P 28f     3366632430 9 9 711    55.0   57.0
 21 9374.872609 1.244E-29 2.647E-08.06850.086  411.92250.74-.009896       5 0 0 11       0 0 0 01                    R 32e     3366632430 9 9 711    67.0   65.0
 21 9375.157221 3.264E-30 3.964E-04.07050.093 2600.72850.72-.011273       2 0 0 42       0 0 0 11                    P 25e     3366632430 9 9 711    49.0   51.0
 21 9375.190897 2.411E-30 1.778E-04.06810.084 2568.57240.74-.012213       3 1 1 32       1 1 1 01                    P 35e     3366632430 9 9 711    69.0   71.0
 21 9375.271412 1.522E-30 6.871E-08.06940.089 1007.13340.73-.009707       5 1 1 11       0 1 1 01                    P 29e     3466632636 9 9 711    57.0   59.0
 21 9375.336793 3.167E-30 1.164E-07.07020.092  941.97350.73-.009478       5 1 1 11       0 1 1 01                    P 26f     3466632636 9 9 711    51.0   53.0
 21 9375.396914 1.198E-30 2.715E-04.07300.098 2682.10510.70-.009965       4 0 0 34       2 0 0 03                    R 18e     3366632430 9 9 711    39.0   37.0
 21 9375.492838 1.978E-30 1.846E-04.06370.070 2722.07220.72-.014146       3 0 0 32       1 0 0 01                    P 58e     3355532430 9 9 711   115.0  117.0
 21 9375.688614 1.093E-29 1.885E-04.07020.092 2207.35980.73-.011370       3 1 1 33       1 1 1 02                    P 26f     3366632430 9 9 711    51.0   53.0
 21 9375.848402 3.386E-30 7.875E-05.06510.072 2413.51360.74-.013672       2 2 2 32       0 2 2 01                    P 52e     3355532430 9 9 711   103.0  105.0
 21 9376.036325 3.212E-30 8.354E-05.06990.091 2299.80410.73-.011467       2 3 3 32       0 3 3 01                    P 27e     3366632430 9 9 711    53.0   55.0
 21 9376.193861 1.145E-30 2.730E-04.07200.096 2712.60090.71-.010279       4 0 0 34       2 0 0 03                    R 20e     3366632430 9 9 711    43.0   41.0
 21 9376.235109 1.600E-29 2.025E-04.06550.074 2280.12000.74-.013509       3 0 0 33       1 0 0 02                    P 50e     3355532430 9 9 711    99.0  101.0
 21 9376.362143 1.016E-29 2.631E-08.06810.084  464.17170.74-.010104       5 0 0 11       0 0 0 01                    R 34e     3366632430 9 9 711    71.0   69.0
 21 9376.414835 2.216E-30 4.314E-05.06530.073 2372.86130.74-.011267       5 2 2 11       0 2 2 01                    P 51f     3355532430 9 9 711   101.0  103.0
 21 9376.601783 1.146E-29 1.858E-04.07050.093 2186.39130.72-.011273       3 1 1 33       1 1 1 02                    P 25e     3366632430 9 9 711    49.0   51.0
 21 9376.623649 1.833E-30 7.170E-08.06990.091  962.62560.73-.009555       5 1 1 11       0 1 1 01                    P 27e     3466632636 9 9 711    53.0   55.0
 21 9376.629558 1.816E-26 1.929E-05.07590.103   81.94010.68-.010078       2 0 0 33       0 0 0 01                    P 14e     3666632430 9 9 711    27.0   29.0
 21 9376.860747 8.538E-30 4.661E-08.06730.080  639.60040.75-.012706       1 2 2 32       0 0 0 01                    P 40e     3366632430 9 9 711    79.0   81.0
 21 9376.893755 2.685E-30 1.796E-04.06830.085 2542.37180.74-.012122       3 1 1 32       1 1 1 01                    P 34f     3366632430 9 9 711    67.0   69.0
 21 9376.913973 3.573E-30 1.174E-07.07090.094  902.08360.72-.009322       5 1 1 11       0 1 1 01                    P 24f     3466632636 9 9 711    47.0   49.0
 21 9376.915447 1.067E-30 2.741E-04.07120.095 2746.22190.72-.010580       4 0 0 34       2 0 0 03                    R 22e     3366632430 9 9 711    47.0   45.0
 21 9377.284292 3.428E-30 8.361E-05.07020.092 2278.62670.73-.011370       2 3 3 32       0 3 3 01                    P 26f     3366632430 9 9 711    51.0   53.0
 21 9377.557327 1.322E-30 5.882E-05.06020.066 2608.55590.69-.015029       2 1 1 32       0 1 1 01                    P 70f     3655532430 9 9 711   139.0  141.0
 21 9377.611334 3.613E-30 3.975E-04.07120.095 2562.80430.72-.011074       2 0 0 42       0 0 0 11                    P 23e     3366632430 9 9 711    45.0   47.0
 21 9377.851523 8.168E-30 2.621E-08.06780.083  519.53500.74-.010305       5 0 0 11       0 0 0 01                    R 36e     3366632430 9 9 711    75.0   73.0
 21 9377.972486 2.166E-30 7.497E-08.07050.093  921.23800.72-.009400       5 1 1 11       0 1 1 01                    P 25e     3466632636 9 9 711    49.0   51.0
 21 9378.030827 2.958E-30 1.784E-04.06850.086 2514.73720.74-.012031       3 1 1 32       1 1 1 01                    P 33e     3366632430 9 9 711    65.0   67.0
 21 9378.103737 2.030E-30 6.928E-05.06050.066 2551.01120.69-.014959       2 1 1 32       0 1 1 01                    P 69e     3655532430 9 9 711   137.0  139.0
 21 9378.124193 1.227E-29 1.892E-04.07090.094 2167.42810.72-.011174       3 1 1 33       1 1 1 02                    P 24f     3366632430 9 9 711    47.0   49.0
 21 9378.250875 2.120E-30 4.129E-05.06530.073 2372.86130.74-.013591       2 2 2 32       0 2 2 01                    P 51f     3355532430 9 9 711   101.0  103.0
 21 9378.491934 3.943E-30 1.185E-07.07160.095  865.31980.71-.009163       5 1 1 11       0 1 1 01                    P 22f     3466632636 9 9 711    43.0   45.0
 21 9378.514501 3.639E-30 8.368E-05.07050.093 2258.23280.72-.011273       2 3 3 32       0 3 3 01                    P 25e     3366632430 9 9 711    49.0   51.0
 21 9378.582589 1.722E-26 1.939E-05.07740.105   60.87090.68-.009809       2 0 0 33       0 0 0 01                    P 12e     3666632430 9 9 711    23.0   25.0
 21 9379.048982 1.275E-29 1.870E-04.07120.095 2148.11590.72-.011074       3 1 1 33       1 1 1 02                    P 23e     3366632430 9 9 711    45.0   47.0
 21 9379.055233 1.392E-30 1.923E-05.06570.074 2293.88680.74-.011133       5 2 2 11       0 2 2 01                    P 49f     3365632430 9 9 711    97.0   99.0
 21 9379.220346 4.932E-30 8.074E-05.06550.074 2332.98210.74-.013509       2 2 2 32       0 2 2 01                    P 50e     3355532430 9 9 711    99.0  101.0
 21 9379.260595 2.964E-30 1.856E-04.06420.070 2632.50220.73-.013990       3 0 0 32       1 0 0 01                    P 56e     3355532430 9 9 711   111.0  113.0
 21 9379.337217 2.506E-30 7.844E-08.07120.095  882.97130.72-.009243       5 1 1 11       0 1 1 01                    P 23e     3466632636 9 9 711    45.0   47.0
 21 9379.341424 6.461E-30 2.616E-08.06750.081  578.01160.75-.010501       5 0 0 11       0 0 0 01                    R 38e     3366632430 9 9 711    79.0   77.0
 21 9379.515900 8.888E-30 3.791E-08.06760.082  578.01160.75-.012529       1 2 2 32       0 0 0 01                    P 38e     3366632430 9 9 711    75.0   77.0
 21 9379.648933 2.232E-29 2.024E-04.06590.075 2202.95620.74-.013344       3 0 0 33       1 0 0 02                    P 48e     3365632430 9 9 711    95.0   97.0
 21 9379.663921 3.264E-30 1.801E-04.06870.087 2489.96950.74-.011938       3 1 1 32       1 1 1 01                    P 32f     3366632430 9 9 711    63.0   65.0
 21 9379.726960 3.841E-30 8.374E-05.07090.094 2238.62270.72-.011174       2 3 3 32       0 3 3 01                    P 24f     3366632430 9 9 711    47.0   49.0
 21 9379.988370 3.909E-30 3.987E-04.07200.096 2527.97370.71-.010870       2 0 0 42       0 0 0 11                    P 21e     3366632430 9 9 711    41.0   43.0
 21 9380.069688 4.250E-30 1.196E-07.07250.097  831.68280.71-.008999       5 1 1 11       0 1 1 01                    P 20f     3466632636 9 9 711    39.0   41.0
 21 9380.472756 1.564E-26 1.954E-05.07910.108   42.92250.68-.009504       2 0 0 33       0 0 0 01                    P 10e     3666632430 9 9 711    19.0   21.0
 21 9380.489720 1.347E-29 1.899E-04.07160.095 2130.62550.71-.010973       3 1 1 33       1 1 1 02                    P 22f     3366632430 9 9 711    43.0   45.0
 21 9380.704169 2.837E-30 8.218E-08.07200.096  847.82620.71-.009082       5 1 1 11       0 1 1 01                    P 21e     3466632636 9 9 711    41.0   43.0
 21 9380.794595 3.561E-30 1.789E-04.06890.088 2464.01850.74-.011845       3 1 1 32       1 1 1 01                    P 31e     3366632430 9 9 711    61.0   63.0
 21 9380.832556 5.037E-30 2.620E-08.06710.080  639.60040.75-.010691       5 0 0 11       0 0 0 01                    R 40e     3366632430 9 9 711    83.0   81.0
 21 9380.921654 4.032E-30 8.380E-05.07120.095 2219.79620.72-.011074       2 3 3 32       0 3 3 01                    P 23e     3366632430 9 9 711    45.0   47.0
 21 9381.211650 4.734E-30 6.544E-05.06570.074 2293.88680.74-.013427       2 2 2 32       0 2 2 01                    P 49f     3365632430 9 9 711    97.0   99.0
 21 9381.222927 1.818E-30 4.921E-05.06080.066 2500.15230.69-.014888       2 1 1 32       0 1 1 01                    P 68f     3655532430 9 9 711   135.0  137.0
 21 9381.423678 1.386E-29 1.881E-04.07200.096 2112.96250.71-.010870       3 1 1 33       1 1 1 02                    P 21e     3366632430 9 9 711    41.0   43.0
 21 9381.647549 4.465E-30 1.208E-07.07350.099  801.17310.70-.008829       5 1 1 11       0 1 1 01                    P 18f     3466632636 9 9 711    35.0   37.0
 21 9382.055718 2.710E-30 5.677E-05.06110.067 2444.32380.70-.014817       2 1 1 32       0 1 1 01                    P 67e     3655532430 9 9 711   133.0  135.0
 21 9382.074444 3.139E-30 8.626E-08.07300.098  815.80310.70-.008915       5 1 1 11       0 1 1 01                    P 19e     3466632636 9 9 711    37.0   39.0
 21 9382.098585 4.207E-30 8.384E-05.07160.095 2201.75360.71-.010973       2 3 3 32       0 3 3 01                    P 22f     3366632430 9 9 711    43.0   45.0
 21 9382.114537 8.985E-30 3.048E-08.06800.084  519.53500.74-.012349       1 2 2 32       0 0 0 01                    P 36e     3366632430 9 9 711    71.0   73.0
 21 9382.288341 4.129E-30 4.002E-04.07300.098 2496.23730.70-.010659       2 0 0 42       0 0 0 11                    P 19e     3366632430 9 9 711    37.0   39.0
 21 9382.300129 1.344E-26 1.980E-05.08110.111   28.09510.68-.009148       2 0 0 33       0 0 0 01                    P  8e     3666632430 9 9 711    15.0   17.0
 21 9382.325664 3.874E-30 2.633E-08.06680.078  704.30050.75-.010877       5 0 0 11       0 0 0 01                    R 42e     3365632430 9 9 711    87.0   85.0
 21 9382.359529 3.892E-30 1.806E-04.06920.088 2440.69170.74-.011752       3 1 1 32       1 1 1 01                    P 30f     3366632430 9 9 711    59.0   61.0
 21 9382.529333 7.001E-30 8.204E-05.06590.075 2255.56680.74-.013344       2 2 2 32       0 2 2 01                    P 48e     3365632430 9 9 711    95.0   97.0
 21 9382.784945 1.445E-29 1.908E-04.07250.097 2096.95250.71-.010766       3 1 1 33       1 1 1 02                    P 20f     3366632430 9 9 711    39.0   41.0
 21 9382.957218 4.368E-30 1.865E-04.06470.071 2546.03630.73-.013832       3 0 0 32       1 0 0 01                    P 54e     3355532430 9 9 711   107.0  109.0
 21 9382.985687 3.062E-29 2.024E-04.06630.076 2128.89870.74-.013176       3 0 0 33       1 0 0 02                    P 46e     3365632430 9 9 711    91.0   93.0
 21 9383.224527 4.561E-30 1.220E-07.07460.101  773.79110.69-.008650       5 1 1 11       0 1 1 01                    P 16f     3466632636 9 9 711    31.0   33.0
 21 9383.257740 4.363E-30 8.387E-05.07200.096 2184.49490.71-.010870       2 3 3 32       0 3 3 01                    P 21e     3366632430 9 9 711    41.0   43.0
 21 9383.449358 3.386E-30 9.068E-08.07400.100  786.90270.70-.008741       5 1 1 11       0 1 1 01                    P 17e     3466632636 9 9 711    33.0   35.0
 21 9383.482162 4.203E-30 1.794E-04.06940.089 2416.41710.73-.011658       3 1 1 32       1 1 1 01                    P 29e     3366632430 9 9 711    57.0   59.0
 21 9383.725115 1.470E-29 1.893E-04.07300.098 2080.93170.70-.010659       3 1 1 33       1 1 1 02                    P 19e     3366632430 9 9 711    37.0   39.0
 21 9383.821524 2.944E-30 2.661E-08.06650.077  772.11070.74-.011057       5 0 0 11       0 0 0 01                    R 44e     3365632430 9 9 711    91.0   89.0
 21 9383.839583 1.144E-30 9.731E-05.05540.064 2779.36870.64-.015953       2 0 0 32       0 0 0 01                    P 84e     3655532430 9 9 711   167.0  169.0
 21 9384.064763 1.067E-26 2.026E-05.08340.114   16.38900.68-.008713       2 0 0 33       0 0 0 01                    P  6e     3666632430 9 9 711    11.0   13.0
 21 9384.323636 7.607E-30 7.590E-05.06610.075 2218.02950.74-.013260       2 2 2 32       0 2 2 01                    P 47f     3365632430 9 9 711    93.0   95.0
 21 9384.399118 4.495E-30 8.387E-05.07250.097 2168.02020.71-.010766       2 3 3 32       0 3 3 01                    P 20f     3366632430 9 9 711    39.0   41.0
 21 9384.511255 4.249E-30 4.019E-04.07400.100 2467.59560.70-.010438       2 0 0 42       0 0 0 11                    P 17e     3366632430 9 9 711    33.0   35.0
 21 9384.656609 8.806E-30 2.420E-08.06830.085  464.17170.74-.012167       1 2 2 32       0 0 0 01                    P 34e     3366632430 9 9 711    67.0   69.0
 21 9384.800874 4.516E-30 1.233E-07.07590.103  749.53740.68-.008457       5 1 1 11       0 1 1 01                    P 14f     3466632636 9 9 711    27.0   29.0
 21 9384.831868 3.549E-30 9.545E-08.07520.102  761.12540.69-.008556       5 1 1 11       0 1 1 01                    P 15e     3466632636 9 9 711    29.0   31.0
 21 9384.957350 1.010E-30 4.541E-04.07820.107 2713.99320.68-.008464       4 0 0 33       2 0 0 02                    R 10e     3366632430 9 9 711    23.0   21.0
 21 9384.980554 4.549E-30 1.810E-04.06970.090 2394.53920.73-.011563       3 1 1 32       1 1 1 01                    P 28f     3366632430 9 9 711    55.0   57.0
 21 9385.009657 1.510E-29 1.916E-04.07350.099 2066.41000.70-.010550       3 1 1 33       1 1 1 02                    P 18f     3366632430 9 9 711    35.0   37.0
 21 9385.320944 2.214E-30 2.707E-08.06610.075  843.03010.74-.011233       5 0 0 11       0 0 0 01                    R 46e     3365632430 9 9 711    95.0   93.0
 21 9385.522709 4.602E-30 8.388E-05.07300.098 2152.32960.70-.010659       2 3 3 32       0 3 3 01                    P 19e     3366632430 9 9 711    37.0   39.0
 21 9385.766692 7.416E-27 2.123E-05.08620.118    7.80430.69-.008151       2 0 0 33       0 0 0 01                    P  4e     3666632430 9 9 711     7.0    9.0
 21 9385.770499 9.724E-30 8.296E-05.06630.076 2181.26900.74-.013176       2 2 2 32       0 2 2 01                    P 46e     3365632430 9 9 711    91.0   93.0
 21 9385.822470 4.487E-30 5.862E-05.06170.067 2340.73210.70-.014672       2 1 1 32       0 1 1 01                    P 65e     3655532430 9 9 711   129.0  131.0
 21 9385.952632 1.517E-29 1.904E-04.07400.100 2052.02410.70-.010438       3 1 1 33       1 1 1 02                    P 17e     3366632430 9 9 711    33.0   35.0
 21 9386.062160 1.092E-30 4.564E-04.07660.104 2731.91140.68-.008889       4 0 0 33       2 0 0 02                    R 12e     3366632430 9 9 711    27.0   25.0
 21 9386.093480 4.863E-30 1.800E-04.06990.091 2371.93370.73-.011467       3 1 1 32       1 1 1 01                    P 27e     3366632430 9 9 711    53.0   55.0
 21 9386.224584 3.599E-30 1.006E-07.07660.104  738.47160.68-.008354       5 1 1 11       0 1 1 01                    P 13e     3466632636 9 9 711    25.0   27.0
 21 9386.245552 4.129E-29 2.023E-04.06660.077 2057.94880.74-.013006       3 0 0 33       1 0 0 02                    P 44e     3365632430 9 9 711    87.0   89.0
 21 9386.376247 4.310E-30 1.247E-07.07740.105  728.41230.68-.008245       5 1 1 11       0 1 1 01                    P 12f     3466632636 9 9 711    23.0   25.0
 21 9386.580828 6.329E-30 1.874E-04.06510.072 2462.67570.74-.013672       3 0 0 32       1 0 0 01                    P 52e     3355532430 9 9 711   103.0  105.0
 21 9386.628510 4.677E-30 8.384E-05.07350.099 2137.42300.70-.010550       2 3 3 32       0 3 3 01                    P 18f     3366632430 9 9 711    35.0   37.0
 21 9386.657118 4.248E-30 4.040E-04.07520.102 2442.04910.69-.010203       2 0 0 42       0 0 0 11                    P 15e     3366632430 9 9 711    29.0   31.0
 21 9386.824760 1.652E-30 2.778E-08.06570.074  917.05730.74-.011404       5 0 0 11       0 0 0 01                    R 48e     3365632430 9 9 711    99.0   97.0
 21 9387.096267 1.135E-30 4.577E-04.07520.102 2752.94510.69-.009275       4 0 0 33       2 0 0 02                    R 14e     3366632430 9 9 711    31.0   29.0
 21 9387.142072 8.351E-30 1.895E-08.06870.087  411.92250.74-.011982       1 2 2 32       0 0 0 01                    P 32e     3366632430 9 9 711    63.0   65.0
 21 9387.163678 1.534E-29 1.924E-04.07460.101 2038.99840.69-.010322       3 1 1 33       1 1 1 02                    P 16f     3366632430 9 9 711    31.0   33.0
 21 9387.405932 3.811E-27 2.480E-05.09030.123    2.34130.69-.007278       2 0 0 33       0 0 0 01                    P  2e     3666632430 9 9 711     3.0    5.0
 21 9387.452972 1.096E-29 8.029E-05.06650.077 2145.29050.74-.013092       2 2 2 32       0 2 2 01                    P 45f     3365632430 9 9 711    89.0   91.0
 21 9387.526903 5.208E-30 1.814E-04.07020.092 2351.51260.73-.011370       3 1 1 32       1 1 1 01                    P 26f     3366632430 9 9 711    51.0   53.0
 21 9387.630924 3.505E-30 1.061E-07.07820.107  718.94190.68-.008129       5 1 1 11       0 1 1 01                    P 11e     3466632636 9 9 711    21.0   23.0
 21 9387.716512 4.719E-30 8.379E-05.07400.100 2123.30070.70-.010438       2 3 3 32       0 3 3 01                    P 17e     3366632430 9 9 711    33.0   35.0
 21 9387.950273 3.933E-30 1.263E-07.07910.108  710.41630.68-.008005       5 1 1 11       0 1 1 01                    P 10f     3466632636 9 9 711    19.0   21.0
 21 9388.060671 1.140E-30 4.580E-04.07400.100 2777.09400.70-.009631       4 0 0 33       2 0 0 02                    R 16e     3366632430 9 9 711    35.0   33.0
 21 9388.105645 1.521E-29 1.917E-04.07520.102 2026.24040.69-.010203       3 1 1 33       1 1 1 02                    P 15e     3366632430 9 9 711    29.0   31.0
 21 9388.333835 1.226E-30 2.884E-08.06530.073  994.19130.74-.011570       5 0 0 11       0 0 0 01                    R 50e     3355532430 9 9 711   103.0  101.0
 21 9388.582084 2.105E-30 9.775E-05.05610.064 2649.65610.65-.015828       2 0 0 32       0 0 0 01                    P 82e     3655532430 9 9 711   163.0  165.0
 21 9388.628399 5.509E-30 1.805E-04.07050.093 2330.56900.72-.011273       3 1 1 32       1 1 1 01                    P 25e     3366632430 9 9 711    49.0   51.0
 21 9388.725933 4.109E-30 4.067E-04.07660.104 2419.59810.68-.009947       2 0 0 42       0 0 0 11                    P 13e     3366632430 9 9 711    25.0   27.0
 21 9388.786710 4.723E-30 8.369E-05.07460.101 2109.96250.69-.010322       2 3 3 32       0 3 3 01                    P 16f     3366632430 9 9 711    31.0   33.0
 21 9388.940825 1.324E-29 8.365E-05.06660.077 2110.09010.74-.013006       2 2 2 32       0 2 2 01                    P 44e     3365632430 9 9 711    87.0   89.0
 21 9388.956643 1.111E-30 4.574E-04.07300.098 2804.35750.70-.009965       4 0 0 33       2 0 0 02                    R 18e     3366632430 9 9 711    39.0   37.0
 21 9389.055238 3.241E-30 1.119E-07.08010.109  702.53630.68-.007870       5 1 1 11       0 1 1 01                    P  9e     3466632636 9 9 711    17.0   19.0
 21 9389.246857 1.511E-29 1.935E-04.07590.103 2014.71820.68-.010078       3 1 1 33       1 1 1 02                    P 14f     3366632430 9 9 711    27.0   29.0
 21 9389.428578 5.475E-29 2.024E-04.06700.079 1990.10800.75-.012834       3 0 0 33       1 0 0 02                    P 42e     3365632430 9 9 711    83.0   85.0
 21 9389.435771 6.071E-30 5.026E-05.06230.068 2240.23750.71-.014524       2 1 1 32       0 1 1 01                    P 63e     3655532430 9 9 711   125.0  127.0
 21 9389.522822 3.385E-30 1.281E-07.08110.111  695.54950.68-.007722       5 1 1 11       0 1 1 01                    P  8f     3466632636 9 9 711    15.0   17.0
 21 9389.570888 7.645E-30 1.459E-08.06920.088  362.78830.74-.011795       1 2 2 32       0 0 0 01                    P 30e     3366632430 9 9 711    59.0   61.0
 21 9389.648332 3.059E-30 5.124E-05.06140.067 2394.84820.70-.014744       2 1 1 32       0 1 1 01                    P 66f     3655532430 9 9 711   131.0  133.0
 21 9389.747241 1.932E-27 1.244E-05.09490.127    0.00000.69-.005491       2 0 0 33       0 0 0 01                    R  0e     3666632430 9 9 711     3.0    1.0
 21 9389.785789 1.053E-30 4.559E-04.07200.096 2834.73540.71-.010279       4 0 0 33       2 0 0 02                    R 20e     3366632430 9 9 711    43.0   41.0
 21 9389.839098 4.686E-30 8.352E-05.07520.102 2097.40870.69-.010203       2 3 3 32       0 3 3 01                    P 15e     3366632430 9 9 711    29.0   31.0
 21 9389.996748 5.576E-30 1.737E-04.07090.094 2311.61260.72-.011174       3 1 1 32       1 1 1 01                    P 24f     3366632430 9 9 711    47.0   49.0
 21 9390.130345 9.018E-30 1.882E-04.06550.074 2382.42160.74-.013509       3 0 0 32       1 0 0 01                    P 50e     3355532430 9 9 711    99.0  101.0
 21 9390.183639 1.474E-29 1.932E-04.07660.104 2003.58080.68-.009947       3 1 1 33       1 1 1 02                    P 13e     3366632430 9 9 711    25.0   27.0
 21 9390.501721 2.787E-30 1.180E-07.08220.112  689.25530.68-.007558       5 1 1 11       0 1 1 01                    P  7e     3466632636 9 9 711    13.0   15.0
 21 9390.545703 1.505E-29 8.236E-05.06680.078 2075.67110.75-.012921       2 2 2 32       0 2 2 01                    P 43f     3365632430 9 9 711    85.0   87.0
 21 9390.717701 3.823E-30 4.102E-04.07820.107 2400.24310.68-.009662       2 0 0 42       0 0 0 11                    P 11e     3366632430 9 9 711    21.0   23.0
 21 9390.873672 4.607E-30 8.331E-05.07590.103 2085.63920.68-.010078       2 3 3 32       0 3 3 01                    P 14f     3366632430 9 9 711    27.0   29.0
 21 9391.084593 5.791E-30 1.716E-04.07120.095 2292.32370.72-.011074       3 1 1 32       1 1 1 01                    P 23e     3366632430 9 9 711    45.0   47.0
 21 9391.093715 2.671E-30 1.302E-07.08340.114  683.81240.68-.007374       5 1 1 11       0 1 1 01                    P  6f     3466632636 9 9 711    11.0   13.0
 21 9391.229709 5.741E-27 1.602E-05.08800.120    2.34130.70-.006010       2 0 0 33       0 0 0 01                    R  2e     3666632430 9 9 711     7.0    5.0
 21 9391.259066 1.435E-29 1.947E-04.07740.105 1993.57010.68-.009809       3 1 1 33       1 1 1 02                    P 12f     3366632430 9 9 711    23.0   25.0
 21 9391.890427 4.481E-30 8.298E-05.07660.104 2074.65420.68-.009947       2 3 3 32       0 3 3 01                    P 13e     3366632430 9 9 711    25.0   27.0
 21 9391.943019 6.738E-30 1.104E-08.06970.090  316.76990.73-.011604       1 2 2 32       0 0 0 01                    P 28e     3366632430 9 9 711    55.0   57.0
 21 9391.974775 2.133E-30 1.243E-07.08470.116  679.09890.69-.007165       5 1 1 11       0 1 1 01                    P  5e     3466632636 9 9 711     9.0   11.0
 21 9392.037923 1.768E-29 8.416E-05.06700.079 2042.03130.75-.012834       2 2 2 32       0 2 2 01                    P 42e     3365632430 9 9 711    83.0   85.0
 21 9392.186167 1.372E-29 1.947E-04.07820.107 1984.04590.68-.009662       3 1 1 33       1 1 1 02                    P 11e     3366632430 9 9 711    21.0   23.0
 21 9392.398372 6.403E-30 1.824E-04.07160.095 2274.83980.71-.010973       3 1 1 32       1 1 1 01                    P 22f     3366632430 9 9 711    43.0   45.0
 21 9392.534828 7.134E-29 2.024E-04.06730.080 1925.37750.75-.012660       3 0 0 33       1 0 0 02                    P 40e     3366632430 9 9 711    79.0   81.0
 21 9392.632418 3.388E-30 4.151E-04.08010.109 2383.98440.68-.009334       2 0 0 42       0 0 0 11                    P  9e     3366632430 9 9 711    17.0   19.0
 21 9392.649398 9.341E-27 1.704E-05.08470.116    7.80430.69-.006773       2 0 0 33       0 0 0 01                    R  4e     3666632430 9 9 711    11.0    9.0
 21 9392.889359 4.307E-30 8.252E-05.07740.105 2064.45360.68-.009809       2 3 3 32       0 3 3 01                    P 12f     3366632430 9 9 711    23.0   25.0
 21 9392.988825 5.888E-30 6.194E-05.06210.068 2292.64530.71-.014598       2 1 1 32       0 1 1 01                    P 64f     3655532430 9 9 711   127.0  129.0
 21 9393.200196 1.303E-29 1.962E-04.07910.108 1975.55420.68-.009504       3 1 1 33       1 1 1 02                    P 10f     3366632430 9 9 711    19.0   21.0
 21 9393.250405 3.811E-30 9.813E-05.05680.064 2523.02190.65-.015700       2 0 0 32       0 0 0 01                    P 80e     3655532430 9 9 711   159.0  161.0
 21 9393.472128 6.626E-30 1.818E-04.07200.096 2257.19830.71-.010870       3 1 1 32       1 1 1 01                    P 21e     3366632430 9 9 711    41.0   43.0
 21 9393.580881 2.006E-29 8.343E-05.06710.080 2009.17250.75-.012747       2 2 2 32       0 2 2 01                    P 41f     3365632430 9 9 711    81.0   83.0
 21 9393.605078 1.263E-29 1.889E-04.06590.075 2305.27510.74-.013344       3 0 0 32       1 0 0 01                    P 48e     3365632430 9 9 711    95.0   97.0
 21 9393.870463 4.084E-30 8.188E-05.07820.107 2055.03740.68-.009662       2 3 3 32       0 3 3 01                    P 11e     3366632430 9 9 711    21.0   23.0
 21 9394.006242 1.258E-26 1.755E-05.08220.112   16.38900.68-.007429       2 0 0 33       0 0 0 01                    R  6e     3666632430 9 9 711    15.0   13.0
 21 9394.112841 1.213E-29 1.965E-04.08010.109 1967.63600.68-.009334       3 1 1 33       1 1 1 02                    P  9e     3366632430 9 9 711    17.0   19.0
 21 9394.258430 5.696E-30 8.172E-09.07020.092  273.86800.73-.011411       1 2 2 32       0 0 0 01                    P 26e     3366632430 9 9 711    51.0   53.0
 21 9394.470077 2.812E-30 4.227E-04.08220.112 2370.82230.68-.008942       2 0 0 42       0 0 0 11                    P  7e     3366632430 9 9 711    13.0   15.0
 21 9394.721161 6.860E-30 1.831E-04.07250.097 2241.19470.71-.010766       3 1 1 32       1 1 1 01                    P 20f     3366632430 9 9 711    39.0   41.0
 21 9394.833737 3.809E-30 8.096E-05.07910.108 2046.40590.68-.009504       2 3 3 32       0 3 3 01                    P 10f     3366632430 9 9 711    19.0   21.0
 21 9394.953420 5.080E-30 4.211E-05.06230.068 2240.23730.71-.013304       3 2 2 21       0 1 1 01                    P 63e     4355531221 9 9 711   125.0  127.0
 21 9395.059327 2.314E-29 8.446E-05.06730.080 1977.09380.75-.012660       2 2 2 32       0 2 2 01                    P 40e     3366632430 9 9 711    79.0   81.0
 21 9395.070155 1.115E-29 1.979E-04.08110.111 1960.67110.68-.009148       3 1 1 33       1 1 1 02                    P  8f     3366632430 9 9 711    15.0   17.0
 21 9395.300154 1.533E-26 1.788E-05.08010.109   28.09510.68-.007984       2 0 0 33       0 0 0 01                    R  8e     3666632430 9 9 711    19.0   17.0
 21 9395.564371 9.135E-29 2.025E-04.06760.082 1863.75860.75-.012483       3 0 0 33       1 0 0 02                    P 38e     3366632430 9 9 711    75.0   77.0
 21 9395.778007 7.013E-30 1.826E-04.07300.098 2225.19330.70-.010659       3 1 1 32       1 1 1 01                    P 19e     3366632430 9 9 711    37.0   39.0
 21 9395.779177 3.481E-30 7.961E-05.08010.109 2038.55880.68-.009334       2 3 3 32       0 3 3 01                    P  9e     3366632430 9 9 711    17.0   19.0
 21 9395.963337 1.001E-29 1.988E-04.08220.112 1954.35140.68-.008942       3 1 1 33       1 1 1 02                    P  7e     3366632430 9 9 711    13.0   15.0
 21 9396.022340 9.570E-30 3.338E-05.06350.069 2048.54660.72-.013029       3 2 2 21       0 1 1 01                    P 59e     4355531221 9 9 711   117.0  119.0
 21 9396.230667 2.112E-30 4.369E-04.08470.116 2360.75690.69-.008453       2 0 0 42       0 0 0 11                    P  5e     3366632430 9 9 711     9.0   11.0
 21 9396.415652 1.051E-29 7.057E-05.06260.068 2193.54520.71-.014450       2 1 1 32       0 1 1 01                    P 62f     3655532430 9 9 711   123.0  125.0
 21 9396.517085 4.600E-30 5.905E-09.07090.094  234.08340.72-.011214       1 2 2 32       0 0 0 01                    P 24e     3366632430 9 9 711    47.0   49.0
 21 9396.531029 1.751E-26 1.814E-05.07820.107   42.92250.68-.008464       2 0 0 33       0 0 0 01                    R 10e     3666632430 9 9 711    23.0   21.0
 21 9396.548377 2.610E-29 8.397E-05.06750.081 1945.79590.75-.012571       2 2 2 32       0 2 2 01                    P 39f     3366632430 9 9 711    77.0   79.0
 21 9396.706777 3.098E-30 7.760E-05.08110.111 2031.49640.68-.009148       2 3 3 32       0 3 3 01                    P  8f     3366632430 9 9 711    15.0   17.0
 21 9396.868865 8.759E-30 2.003E-04.08340.114 1948.92090.68-.008713       3 1 1 33       1 1 1 02                    P  6f     3366632430 9 9 711    11.0   13.0
 21 9396.970101 7.161E-30 1.837E-04.07350.099 2210.67790.70-.010550       3 1 1 32       1 1 1 01                    P 18f     3366632430 9 9 711    35.0   37.0
 21 9397.004554 1.740E-29 1.897E-04.06630.076 2231.23730.74-.013176       3 0 0 32       1 0 0 01                    P 46e     3365632430 9 9 711    91.0   93.0
 21 9397.616536 2.657E-30 7.450E-05.08220.112 2025.21870.68-.008942       2 3 3 32       0 3 3 01                    P  7e     3366632430 9 9 711    13.0   15.0
 21 9397.698745 1.905E-26 1.835E-05.07660.104   60.87090.68-.008889       2 0 0 33       0 0 0 01                    R 12e     3666632430 9 9 711    27.0   25.0
 21 9397.737389 7.375E-30 2.015E-04.08470.116 1944.19240.69-.008453       3 1 1 33       1 1 1 02                    P  5e     3366632430 9 9 711     9.0   11.0
 21 9397.844092 6.787E-30 9.843E-05.05750.065 2399.46790.66-.015571       2 0 0 32       0 0 0 01                    P 78e     3655532430 9 9 711   155.0  157.0
 21 9397.868650 1.128E-30 2.836E-05.05640.064 2523.02190.65-.016354       2 0 0 33       0 0 0 01                    R 80e     3655532430 9 9 711   163.0  161.0
 21 9397.914173 1.312E-30 4.724E-04.08800.120 2353.78850.70-.007781       2 0 0 42       0 0 0 11                    P  3e     3366632430 9 9 711     5.0    7.0
 21 9398.001792 2.967E-29 8.452E-05.06760.082 1915.27870.75-.012483       2 2 2 32       0 2 2 01                    P 38e     3366632430 9 9 711    75.0   77.0
 21 9398.008122 7.225E-30 1.833E-04.07400.100 2196.30940.70-.010438       3 1 1 32       1 1 1 01                    P 17e     3366632430 9 9 711    33.0   35.0
 21 9398.019420 1.010E-29 5.390E-05.06290.069 2142.84180.71-.013168       3 2 2 21       0 1 1 01                    P 61e     4355531221 9 9 711   121.0  123.0
 21 9398.030817 8.939E-30 4.771E-05.06290.069 2142.84200.71-.014375       2 1 1 32       0 1 1 01                    P 61e     3655532430 9 9 711   121.0  123.0
 21 9398.156663 1.912E-30 2.447E-08.06630.076  843.00810.74-.012077       3 1 1 21       0 0 0 01                    P 46e     3465632636 9 9 711    91.0   93.0
 21 9398.508448 2.150E-30 6.938E-05.08340.114 2019.72560.68-.008713       2 3 3 32       0 3 3 01                    P  6f     3366632430 9 9 711    11.0   13.0
 21 9398.517274 1.149E-28 2.025E-04.06800.084 1805.25230.74-.012304       3 0 0 33       1 0 0 02                    P 36e     3366632430 9 9 711    71.0   73.0
 21 9398.596261 5.879E-30 2.027E-04.08620.118 1940.30390.69-.008151       3 1 1 33       1 1 1 02                    P  4f     3366632430 9 9 711     7.0    9.0
 21 9398.718953 3.528E-30 4.144E-09.07160.095  197.41660.71-.011012       1 2 2 32       0 0 0 01                    P 22e     3366632430 9 9 711    43.0   45.0
 21 9398.803161 1.993E-26 1.852E-05.07520.102   81.94010.69-.009275       2 0 0 33       0 0 0 01                    R 14e     3666632430 9 9 711    31.0   29.0
 21 9399.006176 1.892E-30 1.067E-07.08620.118  672.06750.69-.005171       5 1 1 11       0 1 1 01                    R  3e     3466632636 9 9 711     9.0    7.0
 21 9399.030209 1.970E-30 2.786E-05.05710.064 2399.46790.66-.016215       2 0 0 33       0 0 0 01                    R 78e     3655532430 9 9 711   159.0  157.0
 21 9399.033710 1.010E-29 2.343E-05.06400.070 1957.35390.72-.012889       3 2 2 21       0 1 1 01                    P 57e     4355531221 9 9 711   113.0  115.0
 21 9399.144938 7.270E-30 1.844E-04.07460.101 2183.28970.69-.010322       3 1 1 32       1 1 1 01                    P 16f     3366632430 9 9 711    31.0   33.0
 21 9399.382510 1.566E-30 6.038E-05.08470.116 2015.01710.69-.008453       2 3 3 32       0 3 3 01                    P  5e     3366632430 9 9 711     9.0   11.0
 21 9399.434796 4.247E-30 2.019E-04.08800.120 1937.15910.70-.007781       3 1 1 33       1 1 1 02                    P  3e     3366632430 9 9 711     5.0    7.0
 21 9399.441319 3.317E-29 8.404E-05.06780.083 1885.54220.74-.012394       2 2 2 32       0 2 2 01                    P 37f     3366632430 9 9 711    73.0   75.0
 21 9399.701213 2.366E-30 1.108E-07.08470.116  675.20490.69-.005485       5 1 1 11       0 1 1 01                    R  4f     3466632636 9 9 711    11.0    9.0
 21 9399.844118 2.019E-26 1.870E-05.07400.100  106.12970.70-.009631       2 0 0 33       0 0 0 01                    R 16e     3666632430 9 9 711    35.0   33.0
 21 9399.889808 1.764E-29 7.684E-05.06320.069 2097.54970.72-.014299       2 1 1 32       0 1 1 01                    P 60f     3655532430 9 9 711   119.0  121.0
 21 9400.115122 3.388E-30 2.737E-05.05780.065 2278.99630.66-.016073       2 0 0 33       0 0 0 01                    R 76e     3655532430 9 9 711   155.0  153.0
 21 9400.162051 7.227E-30 1.842E-04.07520.102 2170.54690.69-.010203       3 1 1 32       1 1 1 01                    P 15e     3366632430 9 9 711    29.0   31.0
 21 9400.252289 2.418E-30 1.894E-04.09030.123 1934.82030.69-.007278       3 1 1 33       1 1 1 02                    P  2f     3366632430 9 9 711     3.0    5.0
 21 9400.328430 2.356E-29 1.905E-04.06660.077 2160.30910.74-.013006       3 0 0 32       1 0 0 01                    P 44e     3365632430 9 9 711    87.0   89.0
 21 9400.630142 2.382E-30 2.260E-08.06660.077  772.11060.74-.011923       3 1 1 21       0 0 0 01                    P 44e     3465632636 9 9 711    87.0   89.0
 21 9400.658088 2.847E-30 1.150E-07.08340.114  679.09890.68-.005777       5 1 1 11       0 1 1 01                    R  5e     3466632636 9 9 711    13.0   11.0
 21 9400.821440 1.988E-26 1.887E-05.07300.098  133.43930.70-.009965       2 0 0 33       0 0 0 01                    R 18e     3666632430 9 9 711    39.0   37.0
 21 9400.860205 3.713E-29 8.404E-05.06800.084 1856.58700.74-.012304       2 2 2 32       0 2 2 01                    P 36e     3366632430 9 9 711    71.0   73.0
 21 9400.863999 2.553E-30 2.810E-09.07250.097  163.86840.71-.010804       1 2 2 32       0 0 0 01                    P 20e     3366632430 9 9 711    39.0   41.0
 21 9401.122824 5.734E-30 2.688E-05.05850.065 2161.60910.67-.015927       2 0 0 33       0 0 0 01                    R 74e     3655532430 9 9 711   151.0  149.0
 21 9401.192909 1.669E-29 5.829E-05.06350.069 2048.54690.72-.014223       2 1 1 32       0 1 1 01                    P 59e     3655532430 9 9 711   117.0  119.0
 21 9401.245703 7.152E-30 1.852E-04.07590.103 2159.03060.68-.010078       3 1 1 32       1 1 1 01                    P 14f     3366632430 9 9 711    27.0   29.0
 21 9401.259924 3.258E-30 1.167E-07.08220.112  683.81240.68-.006045       5 1 1 11       0 1 1 01                    R  6f     3466632636 9 9 711    15.0   13.0
 21 9401.393602 1.419E-28 2.026E-04.06830.085 1749.86000.74-.012122       3 0 0 33       1 0 0 02                    P 34e     3366632430 9 9 711    67.0   69.0
 21 9401.734931 1.907E-26 1.904E-05.07200.096  163.86840.71-.010279       2 0 0 33       0 0 0 01                    R 20e     3666632430 9 9 711    43.0   41.0
 21 9401.773578 1.345E-30 6.325E-05.09030.123 1934.82030.69-.006464       3 1 1 33       1 1 1 02                    Q  2f     3366632430 9 9 711     5.0    5.0
 21 9401.820936 2.440E-30 1.898E-04.09490.127 1933.25170.69-.005969       3 1 1 33       1 1 1 02                    Q  1e     3366632430 9 9 711     3.0    3.0
 21 9401.882830 1.020E-29 1.600E-05.06450.071 1869.26460.73-.012746       3 2 2 21       0 1 1 01                    P 55e     4355531221 9 9 711   109.0  111.0
 21 9402.049771 9.527E-30 2.633E-05.05920.065 2047.30810.68-.015778       2 0 0 33       0 0 0 01                    R 72e     3655532430 9 9 711   147.0  145.0
 21 9402.200070 4.160E-30 5.445E-06.06470.071 1828.20610.73-.012674       3 2 2 21       0 1 1 01                    P 54f     4355531221 9 9 711   107.0  109.0
 21 9402.239701 6.990E-30 1.852E-04.07660.104 2147.90620.68-.009947       3 1 1 32       1 1 1 01                    P 13e     3366632430 9 9 711    25.0   27.0
 21 9402.252638 4.111E-29 8.352E-05.06810.084 1828.41260.74-.012213       2 2 2 32       0 2 2 01                    P 35f     3366632430 9 9 711    69.0   71.0
 21 9402.260296 1.142E-30 1.149E-06.06050.066 1827.97240.69-.012898       5 0 0 11       0 0 0 01                    R 68e     3355532430 9 9 711   139.0  137.0
 21 9402.336245 3.641E-30 1.182E-07.08110.111  689.25530.68-.006291       5 1 1 11       0 1 1 01                    R  7e     3466632636 9 9 711    17.0   15.0
 21 9402.362551 1.191E-29 9.881E-05.05820.065 2278.99630.67-.015439       2 0 0 32       0 0 0 01                    P 76e     3655532430 9 9 711   151.0  153.0
 21 9402.584380 1.787E-26 1.922E-05.07120.095  197.41660.72-.010580       2 0 0 33       0 0 0 01                    R 22e     3666632430 9 9 711    47.0   45.0
 21 9402.817073 4.010E-30 1.201E-07.08010.109  695.54950.68-.006519       5 1 1 11       0 1 1 01                    R  8f     3466632636 9 9 711    19.0   17.0
 21 9402.857666 1.473E-29 2.437E-05.05980.066 1936.09530.68-.015626       2 0 0 33       0 0 0 01                    R 70e     3655532430 9 9 711   143.0  141.0
 21 9402.952192 1.726E-30 1.827E-09.07350.099  133.43930.70-.010587       1 2 2 32       0 0 0 01                    P 18e     3366632430 9 9 711    35.0   37.0
 21 9402.984550 1.126E-30 2.739E-05.08220.112 2025.21870.68-.008186       2 3 3 32       0 3 3 01                    Q  7e     3366632430 9 9 711    15.0   15.0
 21 9403.086276 2.929E-30 2.096E-08.06700.079  704.30040.75-.011767       3 1 1 21       0 0 0 01                    P 42e     3465632636 9 9 711    83.0   85.0
 21 9403.109646 1.336E-30 3.652E-05.08340.114 2019.72560.68-.007914       2 3 3 32       0 3 3 01                    Q  6f     3366632430 9 9 711    13.0   13.0
 21 9403.199111 1.758E-30 3.521E-04.08620.118 2353.78850.69-.006401       2 0 0 42       0 0 0 11                    R  3e     3366632430 9 9 711     9.0    7.0
 21 9403.216872 1.620E-30 5.115E-05.08470.116 2015.01710.69-.007613       2 3 3 32       0 3 3 01                    Q  5e     3366632430 9 9 711    11.0   11.0
 21 9403.272462 6.785E-30 1.862E-04.07740.105 2137.90100.68-.009809       3 1 1 32       1 1 1 01                    P 12f     3366632430 9 9 711    23.0   25.0
 21 9403.306227 2.026E-30 7.671E-05.08620.118 2011.09340.69-.007276       2 3 3 32       0 3 3 01                    Q  4f     3366632430 9 9 711     9.0    9.0
 21 9403.342225 2.442E-30 1.140E-04.09030.123 1933.25170.69-.005649       3 1 1 33       1 1 1 02                    R  1e     3366632430 9 9 711     5.0    3.0
 21 9403.369560 1.637E-26 1.939E-05.07050.093  234.08340.72-.010867       2 0 0 33       0 0 0 01                    R 24e     3666632430 9 9 711    51.0   49.0
 21 9403.375097 2.824E-29 8.110E-05.06370.070 2004.66030.72-.014146       2 1 1 32       0 1 1 01                    P 58f     3655532430 9 9 711   115.0  117.0
 21 9403.377712 2.667E-30 1.279E-04.08800.120 2007.95440.70-.006896       2 3 3 32       0 3 3 01                    Q  3e     3366632430 9 9 711     7.0    7.0
 21 9403.576454 3.135E-29 1.912E-04.06700.079 2092.49160.75-.012834       3 0 0 32       1 0 0 01                    P 42e     3365632430 9 9 711    83.0   85.0
 21 9403.625379 4.509E-29 8.260E-05.06830.085 1801.01980.74-.012122       2 2 2 32       0 2 2 01                    P 34e     3366632430 9 9 711    67.0   69.0
 21 9403.784569 2.429E-29 2.445E-05.06050.066 1827.97240.69-.015471       2 0 0 33       0 0 0 01                    R 68e     3655532430 9 9 711   139.0  137.0
 21 9404.036515 4.255E-30 1.194E-07.07910.108  702.53630.68-.006732       5 1 1 11       0 1 1 01                    R  9e     3466632636 9 9 711    21.0   19.0
 21 9404.079868 4.312E-30 1.449E-04.08800.120 1934.82030.70-.006010       3 1 1 33       1 1 1 02                    R  2f     3366632430 9 9 711     7.0    5.0
 21 9404.090225 1.468E-26 1.957E-05.06990.091  273.86800.73-.011144       2 0 0 33       0 0 0 01                    R 26e     3666632430 9 9 711    55.0   53.0
 21 9404.193419 1.721E-28 2.028E-04.06870.087 1697.58250.74-.011938       3 0 0 33       1 0 0 02                    P 32e     3366632430 9 9 711    63.0   65.0
 21 9404.241021 6.496E-30 1.864E-04.07820.107 2128.38770.68-.009662       3 1 1 32       1 1 1 01                    P 11e     3366632430 9 9 711    21.0   23.0
 21 9404.372247 4.601E-30 1.224E-07.07820.107  710.41630.68-.006931       5 1 1 11       0 1 1 01                    R 10f     3466632636 9 9 711    23.0   21.0
 21 9404.450174 2.899E-29 6.734E-05.06400.070 1957.35410.72-.014068       2 1 1 32       0 1 1 01                    P 57e     3655532430 9 9 711   113.0  115.0
 21 9404.465091 4.014E-29 2.497E-05.06110.067 1722.94130.70-.015312       2 0 0 33       0 0 0 01                    R 66e     3655532430 9 9 711   135.0  133.0
 21 9404.535455 2.552E-30 3.661E-04.08340.114 2360.75690.68-.007115       2 0 0 42       0 0 0 11                    R  5e     3366632430 9 9 711    13.0   11.0
 21 9404.605310 1.010E-29 1.089E-05.06490.072 1784.28060.73-.012601       3 2 2 21       0 1 1 01                    P 53e     4355531221 9 9 711   105.0  107.0
 21 9404.746113 1.290E-26 1.975E-05.06940.089  316.76990.73-.011412       2 0 0 33       0 0 0 01                    R 28e     3666632430 9 9 711    59.0   57.0
 21 9404.770686 5.996E-30 1.585E-04.08620.118 1937.15910.69-.006401       3 1 1 33       1 1 1 02                    R  3e     3366632430 9 9 711     9.0    7.0
 21 9404.833090 4.460E-30 4.042E-06.06510.072 1744.64430.74-.012528       3 2 2 21       0 1 1 01                    P 52f     4355531221 9 9 711   103.0  105.0
 21 9404.971947 4.936E-29 8.192E-05.06850.086 1774.40790.74-.012031       2 2 2 32       0 2 2 01                    P 33f     3366632430 9 9 711    65.0   67.0
 21 9404.983501 1.076E-30 1.126E-09.07460.101  106.12970.69-.010359       1 2 2 32       0 0 0 01                    P 16e     3366632430 9 9 711    31.0   33.0
 21 9405.099865 6.321E-29 2.470E-05.06170.067 1621.00360.70-.015149       2 0 0 33       0 0 0 01                    R 64e     3655532430 9 9 711   131.0  129.0
 21 9405.225283 6.156E-30 1.874E-04.07910.108 2119.90110.68-.009504       3 1 1 32       1 1 1 01                    P 10f     3366632430 9 9 711    19.0   21.0
 21 9405.336949 1.112E-26 1.994E-05.06890.088  362.78830.74-.011670       2 0 0 33       0 0 0 01                    R 30e     3666632430 9 9 711    63.0   61.0
 21 9405.485838 7.567E-30 1.662E-04.08470.116 1940.30390.69-.006773       3 1 1 33       1 1 1 02                    R  4f     3366632430 9 9 711    11.0    9.0
 21 9405.503437 3.550E-30 1.950E-08.06730.080  639.60030.75-.011609       3 1 1 21       0 0 0 01                    P 40e     3466632636 9 9 711    79.0   81.0
 21 9405.667094 9.769E-29 2.435E-05.06230.068 1522.16110.71-.014982       2 0 0 33       0 0 0 01                    R 62e     3655532430 9 9 711   127.0  125.0
 21 9405.754293 4.678E-30 1.194E-07.07740.105  718.94190.68-.007119       5 1 1 11       0 1 1 01                    R 11e     3466632636 9 9 711    25.0   23.0
 21 9405.794565 3.246E-30 3.741E-04.08110.111 2370.82230.68-.007717       2 0 0 42       0 0 0 11                    R  7e     3366632430 9 9 711    17.0   15.0
 21 9405.862439 9.411E-27 2.016E-05.06850.086  411.92250.74-.011921       2 0 0 33       0 0 0 01                    R 32e     3666632430 9 9 711    67.0   65.0
 21 9405.925961 5.018E-30 1.242E-07.07660.104  728.41230.68-.007297       5 1 1 11       0 1 1 01                    R 12f     3466632636 9 9 711    27.0   25.0
 21 9406.122372 9.018E-30 1.709E-04.08340.114 1944.19240.68-.007115       3 1 1 33       1 1 1 02                    R  5e     3366632430 9 9 711    13.0   11.0
 21 9406.164202 1.485E-28 2.400E-05.06290.069 1426.41530.71-.014811       2 0 0 33       0 0 0 01                    R 60e     3655532430 9 9 711   123.0  121.0
 21 9406.165965 5.740E-30 1.880E-04.08010.109 2111.99170.68-.009334       3 1 1 32       1 1 1 01                    P  9e     3366632430 9 9 711    17.0   19.0
 21 9406.279244 5.220E-29 7.886E-05.06870.087 1748.57800.74-.011938       2 2 2 32       0 2 2 01                    P 32e     3366632430 9 9 711    63.0   65.0
 21 9406.322277 7.816E-27 2.037E-05.06810.084  464.17170.74-.012165       2 0 0 33       0 0 0 01                    R 34e     3666632430 9 9 711    71.0   69.0
 21 9406.590782 2.222E-28 2.367E-05.06350.069 1333.76790.72-.014637       2 0 0 33       0 0 0 01                    R 58e     3655532430 9 9 711   119.0  117.0
 21 9406.716142 6.375E-27 2.058E-05.06780.083  519.53500.74-.012402       2 0 0 33       0 0 0 01                    R 36e     3666632430 9 9 711    75.0   73.0
 21 9406.748437 4.099E-29 1.919E-04.06730.080 2027.78570.75-.012660       3 0 0 32       1 0 0 01                    P 40e     3366632430 9 9 711    79.0   81.0
 21 9406.805558 2.057E-29 9.918E-05.05880.065 2161.60910.67-.015305       2 0 0 32       0 0 0 01                    P 74e     3655532430 9 9 711   147.0  149.0
 21 9406.820329 1.038E-29 1.744E-04.08220.112 1948.92090.68-.007429       3 1 1 33       1 1 1 02                    R  6f     3366632430 9 9 711    15.0   13.0
 21 9406.844600 4.365E-29 8.401E-05.06420.070 1914.87870.73-.013990       2 1 1 32       0 1 1 01                    P 56f     3655532430 9 9 711   111.0  113.0
 21 9406.916793 2.048E-28 2.031E-04.06920.088 1648.42100.74-.011752       3 0 0 33       1 0 0 02                    P 30e     3366632430 9 9 711    59.0   61.0
 21 9406.946955 3.271E-28 2.333E-05.06400.070 1244.22040.72-.014458       2 0 0 33       0 0 0 01                    R 56e     3655532430 9 9 711   115.0  113.0
 21 9406.976399 3.812E-30 3.792E-04.07910.108 2383.98440.68-.008232       2 0 0 42       0 0 0 11                    R  9e     3366632430 9 9 711    21.0   19.0
 21 9407.043698 5.110E-27 2.081E-05.06750.081  578.01160.75-.012632       2 0 0 33       0 0 0 01                    R 38e     3666632430 9 9 711    79.0   77.0
 21 9407.104228 5.268E-30 1.891E-04.08110.111 2105.03120.68-.009148       3 1 1 32       1 1 1 01                    P  8f     3366632430 9 9 711    15.0   17.0
 21 9407.140589 1.606E-30 4.979E-05.08470.116 2011.09340.69-.006773       2 3 3 32       0 3 3 01                    R  4f     3366632430 9 9 711    11.0    9.0
 21 9407.230240 1.000E-29 7.531E-06.06530.073 1702.40300.74-.012454       3 2 2 21       0 1 1 01                    P 51e     4355531221 9 9 711   101.0  103.0
 21 9407.233015 4.739E-28 2.300E-05.06450.071 1157.77410.73-.014274       2 0 0 33       0 0 0 01                    R 54e     3655532430 9 9 711   111.0  109.0
 21 9407.238226 1.876E-30 3.439E-06.06830.085 1801.01980.74-.010079       5 2 2 11       0 2 2 01                    P 34e     3366632430 9 9 711    67.0   69.0
 21 9407.304597 4.025E-27 2.105E-05.06710.080  639.60040.75-.012856       2 0 0 33       0 0 0 01                    R 40e     3666632430 9 9 711    83.0   81.0
 21 9407.397428 1.159E-29 1.765E-04.08110.111 1954.35140.68-.007717       3 1 1 33       1 1 1 02                    R  7e     3366632430 9 9 711    17.0   15.0
 21 9407.409745 1.146E-30 2.331E-06.06810.084 1828.41260.74-.010152       5 2 2 11       0 2 2 01                    P 35f     3366632430 9 9 711    69.0   71.0
 21 9407.417310 4.780E-30 3.050E-06.06550.074 1664.19450.74-.012380       3 2 2 21       0 1 1 01                    P 50f     4355531221 9 9 711    99.0  101.0
 21 9407.449325 6.757E-28 2.269E-05.06490.072 1074.43060.73-.014087       2 0 0 33       0 0 0 01                    R 52e     3655532430 9 9 711   107.0  105.0
 21 9407.478240 5.258E-30 1.256E-07.07520.102  749.53740.69-.007628       5 1 1 11       0 1 1 01                    R 14f     3466632636 9 9 711    31.0   29.0
 21 9407.485668 4.911E-30 1.189E-07.07590.103  738.47160.68-.007466       5 1 1 11       0 1 1 01                    R 13e     3466632636 9 9 711    29.0   27.0
 21 9407.498481 3.116E-27 2.129E-05.06680.078  704.30050.75-.013075       2 0 0 33       0 0 0 01                    R 42e     3665632430 9 9 711    87.0   85.0
 21 9407.580356 5.651E-29 7.809E-05.06890.088 1723.52920.74-.011845       2 2 2 32       0 2 2 01                    P 31f     3366632430 9 9 711    61.0   63.0
 21 9407.596276 9.479E-28 2.239E-05.06530.073  994.19130.74-.013894       2 0 0 33       0 0 0 01                    R 50e     3655532430 9 9 711   103.0  101.0
 21 9407.624976 2.373E-27 2.156E-05.06650.077  772.11070.74-.013287       2 0 0 33       0 0 0 01                    R 44e     3665632430 9 9 711    91.0   89.0
 21 9407.674268 1.308E-27 2.210E-05.06570.074  917.05730.74-.013697       2 0 0 33       0 0 0 01                    R 48e     3665632430 9 9 711    99.0   97.0
 21 9407.683702 1.777E-27 2.183E-05.06610.075  843.03010.74-.013495       2 0 0 33       0 0 0 01                    R 46e     4665632430 9 9 711    95.0   93.0
 21 9407.769391 4.720E-29 7.412E-05.06450.071 1869.26490.73-.013912       2 1 1 32       0 1 1 01                    P 55e     3655532430 9 9 711   109.0  111.0
 21 9407.818070 2.217E-30 5.929E-05.08340.114 2015.01710.68-.007115       2 3 3 32       0 3 3 01                    R  5e     3366632430 9 9 711    13.0   11.0
 21 9407.880916 4.241E-30 1.820E-08.06760.082  578.01150.75-.011449       3 1 1 21       0 0 0 01                    P 38e     3466632636 9 9 711    75.0   77.0
 21 9408.014491 4.729E-30 1.900E-04.08220.112 2098.71840.68-.008942       3 1 1 32       1 1 1 01                    P  7e     3366632430 9 9 711    13.0   15.0
 21 9408.080914 4.234E-30 3.830E-04.07740.105 2400.24310.68-.008682       2 0 0 42       0 0 0 11                    R 11e     3366632430 9 9 711    25.0   23.0
 21 9408.083346 1.272E-29 1.787E-04.08010.109 1960.67110.68-.007984       3 1 1 33       1 1 1 02                    R  8f     3366632430 9 9 711    19.0   17.0
 21 9408.477660 2.753E-30 6.529E-05.08220.112 2019.72560.68-.007429       2 3 3 32       0 3 3 01                    R  6f     3366632430 9 9 711    15.0   13.0
 21 9408.596062 1.366E-29 1.796E-04.07910.108 1967.63600.68-.008232       3 1 1 33       1 1 1 02                    R  9e     3366632430 9 9 711    21.0   19.0
 21 9408.785927 5.530E-29 7.023E-05.06920.088 1699.26250.74-.011752       2 2 2 32       0 2 2 01                    P 30e     3366632430 9 9 711    59.0   61.0
 21 9408.909346 4.135E-30 1.912E-04.08340.114 2093.29160.68-.008713       3 1 1 32       1 1 1 01                    P  6f     3366632430 9 9 711    11.0   13.0
 21 9409.029549 5.327E-30 1.269E-07.07400.100  773.79110.70-.007934       5 1 1 11       0 1 1 01                    R 16f     3466632636 9 9 711    35.0   33.0
 21 9409.048088 2.632E-30 4.372E-06.06850.086 1774.40790.74-.010005       5 2 2 11       0 2 2 01                    P 33f     3366632430 9 9 711    65.0   67.0
 21 9409.069106 4.994E-30 7.549E-06.06870.087 1748.57800.74-.009931       5 2 2 11       0 2 2 01                    P 32e     2366632430 9 9 711    63.0   65.0
 21 9409.108062 4.505E-30 3.860E-04.07590.103 2419.59810.68-.009087       2 0 0 42       0 0 0 11                    R 13e     3366632430 9 9 711    29.0   27.0
 21 9409.119358 3.227E-30 6.936E-05.08110.111 2025.21870.68-.007717       2 3 3 32       0 3 3 01                    R  7e     3366632430 9 9 711    17.0   15.0
 21 9409.226658 4.968E-30 1.180E-07.07460.101  761.12540.69-.007784       5 1 1 11       0 1 1 01                    R 15e     3466632636 9 9 711    33.0   31.0
 21 9409.274907 1.454E-29 1.815E-04.07820.107 1975.55420.68-.008464       3 1 1 33       1 1 1 02                    R 10f     3366632430 9 9 711    23.0   21.0
 21 9409.563769 2.389E-28 2.033E-04.06970.090 1602.37630.73-.011563       3 0 0 33       1 0 0 02                    P 28e     3366632430 9 9 711    55.0   57.0
 21 9409.718541 1.518E-29 1.817E-04.07740.105 1984.04590.68-.008682       3 1 1 33       1 1 1 02                    R 11e     3366632430 9 9 711    25.0   23.0
 21 9409.743160 3.644E-30 7.226E-05.08010.109 2031.49640.68-.007984       2 3 3 32       0 3 3 01                    R  8f     3366632430 9 9 711    19.0   17.0
 21 9409.778090 9.950E-30 5.323E-06.06570.074 1623.63340.74-.012305       3 2 2 21       0 1 1 01                    P 49e     4365631221 9 9 711    97.0   99.0
 21 9409.786561 3.482E-30 1.924E-04.08470.116 2088.56800.69-.008453       3 1 1 32       1 1 1 01                    P  5e     3366632430 9 9 711     9.0   11.0
 21 9409.844236 5.266E-29 1.926E-04.06760.082 1966.19230.75-.012483       3 0 0 32       1 0 0 01                    P 38e     3366632430 9 9 711    75.0   77.0
 21 9409.956750 5.130E-30 2.344E-06.06590.075 1586.85820.74-.012229       3 2 2 21       0 1 1 01                    P 48f     4365631221 9 9 711    95.0   97.0
 21 9410.041317 5.932E-29 6.959E-05.06940.089 1675.77720.73-.011658       2 2 2 32       0 2 2 01                    P 29f     3366632430 9 9 711    57.0   59.0
 21 9410.057793 4.625E-30 3.885E-04.07460.101 2442.04910.69-.009457       2 0 0 42       0 0 0 11                    R 15e     3366632430 9 9 711    33.0   31.0
 21 9410.217836 4.992E-30 1.704E-08.06800.084  519.53500.74-.011287       3 1 1 21       0 0 0 01                    P 36e     3466632636 9 9 711    71.0   73.0
 21 9410.280155 6.563E-29 8.604E-05.06470.071 1828.20620.73-.013832       2 1 1 32       0 1 1 01                    P 54f     3655532430 9 9 711   107.0  109.0
 21 9410.349063 4.007E-30 7.442E-05.07910.108 2038.55880.68-.008232       2 3 3 32       0 3 3 01                    R  9e     3366632430 9 9 711    21.0   19.0
 21 9410.395043 1.580E-29 1.834E-04.07660.104 1993.57010.68-.008889       3 1 1 33       1 1 1 02                    R 12f     3366632430 9 9 711    27.0   25.0
 21 9410.579388 5.239E-30 1.280E-07.07300.098  801.17310.70-.008221       5 1 1 11       0 1 1 01                    R 18f     3466632636 9 9 711    39.0   37.0
 21 9410.640673 2.774E-30 1.934E-04.08620.118 2084.68240.69-.008151       3 1 1 32       1 1 1 01                    P  4f     3366632430 9 9 711     7.0    9.0
 21 9410.729939 6.223E-30 8.605E-06.06890.088 1723.52920.74-.009857       5 2 2 11       0 2 2 01                    P 31f     2366632430 9 9 711    61.0   63.0
 21 9410.765195 1.613E-29 1.830E-04.07590.103 2003.58080.68-.009087       3 1 1 33       1 1 1 02                    R 13e     3366632430 9 9 711    29.0   27.0
 21 9410.930051 4.604E-30 3.906E-04.07350.099 2467.59560.70-.009800       2 0 0 42       0 0 0 11                    R 17e     3366632430 9 9 711    37.0   35.0
 21 9410.937065 4.318E-30 7.607E-05.07820.107 2046.40590.68-.008464       2 3 3 32       0 3 3 01                    R 10f     3366632430 9 9 711    23.0   21.0
 21 9410.967807 1.302E-29 1.654E-05.06920.088 1699.26250.74-.009782       5 2 2 11       0 2 2 01                    P 30e     2366632430 9 9 711    59.0   61.0
 21 9410.974844 4.870E-30 1.170E-07.07350.099  786.90270.70-.008080       5 1 1 11       0 1 1 01                    R 17e     3466632636 9 9 711    37.0   35.0
 21 9411.089919 4.993E-29 5.437E-05.06970.090 1653.07420.73-.011563       2 2 2 32       0 2 2 01                    P 28e     3366632430 9 9 711    55.0   57.0
 21 9411.113180 7.301E-29 7.880E-05.06490.072 1784.28080.73-.013752       2 1 1 32       0 1 1 01                    P 53e     3655532430 9 9 711   105.0  107.0
 21 9411.172745 3.495E-29 9.948E-05.05950.066 2047.30810.68-.015168       2 0 0 32       0 0 0 01                    P 72e     3655532430 9 9 711   143.0  145.0
 21 9411.443805 1.649E-29 1.848E-04.07520.102 2014.71820.69-.009275       3 1 1 33       1 1 1 02                    R 14f     3366632430 9 9 711    31.0   29.0
 21 9411.482137 2.004E-30 1.927E-04.08800.120 2081.54070.70-.007781       3 1 1 32       1 1 1 01                    P  3e     3366632430 9 9 711     5.0    7.0
 21 9411.507163 4.577E-30 7.737E-05.07740.105 2055.03740.68-.008682       2 3 3 32       0 3 3 01                    R 11e     3366632430 9 9 711    25.0   23.0
 21 9411.724780 4.460E-30 3.925E-04.07250.097 2496.23730.71-.010124       2 0 0 42       0 0 0 11                    R 19e     3366632430 9 9 711    41.0   39.0
 21 9411.736415 1.652E-29 1.839E-04.07460.101 2026.24040.69-.009457       3 1 1 33       1 1 1 02                    R 15e     3366632430 9 9 711    33.0   31.0
 21 9412.059353 4.786E-30 7.843E-05.07660.104 2064.45360.68-.008889       2 3 3 32       0 3 3 01                    R 12f     3366632430 9 9 711    27.0   25.0
 21 9412.128934 5.017E-30 1.290E-07.07200.096  831.68280.71-.008491       5 1 1 11       0 1 1 01                    R 20f     3466632636 9 9 711    43.0   41.0
 21 9412.134412 2.732E-28 2.036E-04.07020.092 1559.44940.73-.011370       3 0 0 33       1 0 0 02                    P 26e     3366632430 9 9 711    51.0   53.0
 21 9412.262470 9.900E-30 3.826E-06.06610.075 1547.97290.74-.012154       3 2 2 21       0 1 1 01                    P 47e     4365631221 9 9 711    93.0   95.0
 21 9412.297255 5.325E-29 5.411E-05.06990.091 1631.15270.73-.011467       2 2 2 32       0 2 2 01                    P 27f     3366632430 9 9 711    53.0   55.0
 21 9412.298226 1.141E-30 1.808E-04.09030.123 2079.20380.69-.007278       3 1 1 32       1 1 1 01                    P  2f     3366632430 9 9 711     3.0    5.0
 21 9412.421260 1.664E-29 1.859E-04.07400.100 2038.99840.70-.009631       3 1 1 33       1 1 1 02                    R 16f     3366632430 9 9 711    35.0   33.0
 21 9412.441920 4.213E-30 3.943E-04.07160.095 2527.97370.71-.010431       2 0 0 42       0 0 0 11                    R 21e     3366632430 9 9 711    45.0   43.0
 21 9412.453940 5.480E-30 1.823E-06.06630.076 1512.63640.74-.012077       3 2 2 21       0 1 1 01                    P 46f     4365631221 9 9 711    91.0   93.0
 21 9412.492762 1.489E-29 1.748E-05.06940.089 1675.77720.73-.009707       5 2 2 11       0 2 2 01                    P 29f     2366632430 9 9 711    57.0   59.0
 21 9412.514563 5.785E-30 1.599E-08.06830.085  464.17160.74-.011123       3 1 1 21       0 0 0 01                    P 34e     3466632636 9 9 711    67.0   69.0
 21 9412.593634 4.945E-30 7.929E-05.07590.103 2074.65420.68-.009087       2 3 3 32       0 3 3 01                    R 13e     3366632430 9 9 711    29.0   27.0
 21 9412.632658 1.640E-29 1.846E-04.07350.099 2052.02410.70-.009800       3 1 1 33       1 1 1 02                    R 17e     3366632430 9 9 711    37.0   35.0
 21 9412.727269 4.643E-30 1.159E-07.07250.097  815.80310.71-.008358       5 1 1 11       0 1 1 01                    R 19e     3466632636 9 9 711    41.0   39.0
 21 9412.863745 6.645E-29 1.933E-04.06800.084 1907.71230.74-.012304       3 0 0 32       1 0 0 01                    P 36e     3366632430 9 9 711    71.0   73.0
 21 9412.988799 3.007E-29 3.276E-05.06970.090 1653.07420.73-.009631       5 2 2 11       0 2 2 01                    P 28e     2366632430 9 9 711    55.0   57.0
 21 9413.081409 3.888E-30 3.958E-04.07090.094 2562.80430.72-.010725       2 0 0 42       0 0 0 11                    R 23e     3366632430 9 9 711    49.0   47.0
 21 9413.110002 5.056E-30 8.001E-05.07520.102 2085.63920.69-.009275       2 3 3 32       0 3 3 01                    R 14f     3366632430 9 9 711    31.0   29.0
 21 9413.164930 3.799E-29 3.620E-05.07020.092 1610.01380.73-.009478       5 2 2 11       0 2 2 01                    P 26e     3366632430 9 9 711    51.0   53.0
 21 9413.327500 1.631E-29 1.869E-04.07300.098 2066.41000.70-.009965       3 1 1 33       1 1 1 02                    R 18f     3366632430 9 9 711    39.0   37.0
 21 9413.454449 1.582E-29 1.850E-04.07250.097 2080.93170.71-.010124       3 1 1 33       1 1 1 02                    R 19e     3366632430 9 9 711    41.0   39.0
 21 9413.608456 5.121E-30 8.062E-05.07460.101 2097.40870.69-.009457       2 3 3 32       0 3 3 01                    R 15e     3366632430 9 9 711    33.0   31.0
 21 9413.643182 3.511E-30 3.974E-04.07020.092 2600.72850.73-.011007       2 0 0 42       0 0 0 11                    R 25e     3366632430 9 9 711    53.0   51.0
 21 9413.669876 9.636E-29 8.749E-05.06510.072 1744.64440.74-.013672       2 1 1 32       0 1 1 01                    P 52f     3655532430 9 9 711   103.0  105.0
 21 9413.677773 4.689E-30 1.299E-07.07120.095  865.31980.72-.008749       5 1 1 11       0 1 1 01                    R 22f     3466632636 9 9 711    47.0   45.0
 21 9413.865407 1.151E-30 1.811E-04.09490.127 2077.63660.69-.005969       3 1 1 32       1 1 1 01                    Q  1e     3366632430 9 9 711     3.0    3.0
 21 9414.088996 5.143E-30 8.115E-05.07400.100 2109.96250.70-.009631       2 3 3 32       0 3 3 01                    R 16f     3366632430 9 9 711    35.0   33.0
 21 9414.127173 3.104E-30 3.988E-04.06970.090 2641.74570.73-.011279       2 0 0 42       0 0 0 11                    R 27e     3366632430 9 9 711    57.0   55.0
 21 9414.162642 1.556E-29 1.876E-04.07200.096 2096.95250.71-.010279       3 1 1 33       1 1 1 02                    R 20f     3366632430 9 9 711    43.0   41.0
 21 9414.202395 1.488E-29 1.853E-04.07160.095 2112.96250.71-.010431       3 1 1 33       1 1 1 02                    R 21e     3366632430 9 9 711    45.0   43.0
 21 9414.316230 4.004E-29 3.598E-05.07050.093 1589.65660.72-.009400       5 2 2 11       0 2 2 01                    P 25f     3366632430 9 9 711    49.0   51.0
 21 9414.394725 3.275E-29 3.329E-05.06990.091 1631.15270.73-.009555       5 2 2 11       0 2 2 01                    P 27f     2366632430 9 9 711    53.0   55.0
 21 9414.450874 1.086E-28 8.191E-05.06530.073 1702.40320.74-.013591       2 1 1 32       0 1 1 01                    P 51e     3655532430 9 9 711   101.0  103.0
 21 9414.482317 4.318E-30 1.148E-07.07160.095  847.82620.71-.008621       5 1 1 11       0 1 1 01                    R 21e     3466632636 9 9 711    45.0   43.0
 21 9414.533316 2.690E-30 4.002E-04.06920.088 2685.85510.74-.011542       2 0 0 42       0 0 0 11                    R 29e     3366632430 9 9 711    61.0   59.0
 21 9414.551617 5.123E-30 8.159E-05.07350.099 2123.30070.70-.009800       2 3 3 32       0 3 3 01                    R 17e     3366632430 9 9 711    37.0   35.0
 21 9414.628771 3.060E-28 2.040E-04.07090.094 1519.64110.72-.011174       3 0 0 33       1 0 0 02                    P 24e     3366632430 9 9 711    47.0   49.0
 21 9414.692230 9.860E-30 2.800E-06.06650.077 1475.42290.74-.012001       3 2 2 21       0 1 1 01                    P 45e     4365631221 9 9 711    89.0   91.0
 21 9414.770409 6.597E-30 1.505E-08.06870.087  411.92240.74-.010957       3 1 1 21       0 0 0 01                    P 32e     3466632636 9 9 711    63.0   65.0
 21 9414.861543 2.287E-30 4.017E-04.06870.087 2733.05620.74-.011797       2 0 0 42       0 0 0 11                    R 31e     3366632430 9 9 711    65.0   63.0
 21 9414.877193 1.367E-29 1.855E-04.07090.094 2148.11590.72-.010725       3 1 1 33       1 1 1 02                    R 23e     3366632430 9 9 711    49.0   47.0
 21 9414.910420 5.810E-30 1.432E-06.06660.077 1441.53060.74-.011923       3 2 2 21       0 1 1 01                    P 44f     4365631221 9 9 711    87.0   89.0
 21 9414.926837 1.448E-29 1.882E-04.07120.095 2130.62550.72-.010580       3 1 1 33       1 1 1 02                    R 22f     3366632430 9 9 711    47.0   45.0
 21 9414.996325 5.066E-30 8.200E-05.07300.098 2137.42300.70-.009965       2 3 3 32       0 3 3 01                    R 18f     3366632430 9 9 711    39.0   37.0
 21 9415.065737 2.732E-29 2.328E-05.07090.094 1570.08210.72-.009322       5 2 2 11       0 2 2 01                    P 24e     3366632430 9 9 711    47.0   49.0
 21 9415.111785 1.907E-30 4.029E-04.06830.085 2783.34800.74-.012044       2 0 0 42       0 0 0 11                    R 33e     3366632430 9 9 711    69.0   67.0
 21 9415.157436 5.377E-29 5.127E-05.07020.092 1610.01380.73-.011370       2 2 2 32       0 2 2 01                    P 26e     2366632430 9 9 711    51.0   53.0
 21 9415.226693 4.283E-30 1.308E-07.07050.093  902.08360.72-.008995       5 1 1 11       0 1 1 01                    R 24f     3466632636 9 9 711    51.0   49.0
 21 9415.283974 1.562E-30 4.044E-04.06800.084 2836.72980.74-.012284       2 0 0 42       0 0 0 11                    R 35e     3366632430 9 9 711    73.0   71.0
 21 9415.378045 1.256E-30 4.057E-04.06760.082 2893.20070.75-.012518       2 0 0 42       0 0 0 11                    R 37e     3366632430 9 9 711    77.0   75.0
 21 9415.386217 1.153E-30 1.089E-04.09030.123 2077.63660.69-.005649       3 1 1 32       1 1 1 01                    R  1e     3366632430 9 9 711     5.0    3.0
 21 9415.423113 4.974E-30 8.234E-05.07250.097 2152.32960.71-.010124       2 3 3 32       0 3 3 01                    R 19e     3366632430 9 9 711    41.0   39.0
 21 9415.463836 5.845E-29 9.977E-05.06020.066 1936.09530.69-.015029       2 0 0 32       0 0 0 01                    P 70e     3655532430 9 9 711   139.0  141.0
 21 9415.479652 1.227E-29 1.854E-04.07020.092 2186.39130.73-.011007       3 1 1 33       1 1 1 02                    R 25e     3366632430 9 9 711    53.0   51.0
 21 9415.620277 1.317E-29 1.886E-04.07050.093 2167.42810.72-.010867       3 1 1 33       1 1 1 02                    R 24f     3366632430 9 9 711    51.0   49.0
 21 9415.806883 8.233E-29 1.941E-04.06830.085 1852.34660.74-.012122       3 0 0 32       1 0 0 01                    P 34e     3366632430 9 9 711    67.0   69.0
 21 9415.831988 4.852E-30 8.266E-05.07200.096 2168.02020.71-.010279       2 3 3 32       0 3 3 01                    R 20f     3366632430 9 9 711    43.0   41.0
 21 9416.010720 1.078E-29 1.853E-04.06970.090 2227.78800.73-.011279       3 1 1 33       1 1 1 02                    R 27e     3366632430 9 9 711    57.0   55.0
 21 9416.119306 2.035E-30 1.383E-04.08800.120 2079.20380.70-.006010       3 1 1 32       1 1 1 01                    R  2f     3366632430 9 9 711     7.0    5.0
 21 9416.152786 2.810E-29 2.283E-05.07120.095 1551.28950.72-.009243       5 2 2 11       0 2 2 01                    P 23f     3366632430 9 9 711    45.0   47.0
 21 9416.222940 4.702E-30 8.294E-05.07160.095 2184.49490.71-.010431       2 3 3 32       0 3 3 01                    R 21e     3366632430 9 9 711    45.0   43.0
 21 9416.239186 3.923E-30 1.137E-07.07090.094  882.97130.72-.008873       5 1 1 11       0 1 1 01                    R 23e     3466632636 9 9 711    49.0   47.0
 21 9416.243200 1.172E-29 1.890E-04.06990.091 2207.35980.73-.011144       3 1 1 33       1 1 1 02                    R 26f     3366632430 9 9 711    55.0   53.0
 21 9416.467953 5.755E-29 5.174E-05.07050.093 1589.65660.72-.011273       2 2 2 32       0 2 2 01                    P 25f     2366632430 9 9 711    49.0   51.0
 21 9416.471519 9.278E-30 1.850E-04.06920.088 2272.30520.74-.011542       3 1 1 33       1 1 1 02                    R 29e     3366632430 9 9 711    61.0   59.0
 21 9416.595981 4.530E-30 8.320E-05.07120.095 2201.75360.72-.010580       2 3 3 32       0 3 3 01                    R 22f     3366632430 9 9 711    47.0   45.0
 21 9416.775597 3.828E-30 1.316E-07.06990.091  941.97350.73-.009232       5 1 1 11       0 1 1 01                    R 26f     3466632636 9 9 711    55.0   53.0
 21 9416.795904 1.022E-29 1.894E-04.06940.089 2250.41970.73-.011412       3 1 1 33       1 1 1 02                    R 28f     3366632430 9 9 711    59.0   57.0
 21 9416.813841 2.831E-30 1.514E-04.08620.118 2081.54070.69-.006401       3 1 1 32       1 1 1 01                    R  3e     3366632430 9 9 711     9.0    7.0
 21 9416.863399 7.823E-30 1.846E-04.06870.087 2319.94220.74-.011797       3 1 1 33       1 1 1 02                    R 31e     3366632430 9 9 711    65.0   63.0
 21 9416.866675 2.035E-29 1.585E-05.07160.095 1533.27970.71-.009163       5 2 2 11       0 2 2 01                    P 22e     3366632430 9 9 711    43.0   45.0
 21 9416.951092 4.337E-30 8.342E-05.07090.094 2219.79620.72-.010725       2 3 3 32       0 3 3 01                    R 23e     3366632430 9 9 711    49.0   47.0
 21 9416.985159 7.399E-30 1.421E-08.06920.088  362.78820.74-.010788       3 1 1 21       0 0 0 01                    P 30e     3466632636 9 9 711    59.0   61.0
 21 9417.005967 1.385E-28 8.855E-05.06550.074 1664.19460.74-.013509       2 1 1 32       0 1 1 01                    P 50f     3655532430 9 9 711    99.0  101.0
 21 9417.046892 3.352E-28 2.045E-04.07160.095 1482.95210.71-.010973       3 0 0 33       1 0 0 02                    P 22e     3366632430 9 9 711    43.0   45.0
 21 9417.073180 9.810E-30 2.082E-06.06680.078 1405.98450.75-.011845       3 2 2 21       0 1 1 01                    P 43e     4365631221 9 9 711    85.0   87.0
 21 9417.188008 6.464E-30 1.839E-04.06830.085 2370.69800.74-.012044       3 1 1 33       1 1 1 02                    R 33e     3366632430 9 9 711    69.0   67.0
 21 9417.278763 8.723E-30 1.896E-04.06890.088 2296.60700.74-.011670       3 1 1 33       1 1 1 02                    R 30f     3366632430 9 9 711    63.0   61.0
 21 9417.288295 4.130E-30 8.364E-05.07050.093 2238.62270.72-.010867       2 3 3 32       0 3 3 01                    R 24f     3366632430 9 9 711    51.0   49.0
 21 9417.327130 6.120E-30 1.136E-06.06700.079 1373.54190.75-.011767       3 2 2 21       0 1 1 01                    P 42f     4365631221 9 9 711    83.0   85.0
 21 9417.418131 7.569E-29 6.452E-05.07090.094 1570.08210.72-.011174       2 2 2 32       0 2 2 01                    P 24e     2366632430 9 9 711    47.0   49.0
 21 9417.447380 5.236E-30 1.829E-04.06800.084 2424.57170.74-.012284       3 1 1 33       1 1 1 02                    R 35e     3366632430 9 9 711    73.0   71.0
 21 9417.518530 3.573E-30 1.588E-04.08470.116 2084.68240.69-.006773       3 1 1 32       1 1 1 01                    R  4f     3366632430 9 9 711    11.0    9.0
 21 9417.607560 3.910E-30 8.382E-05.07020.092 2258.23280.73-.011007       2 3 3 32       0 3 3 01                    R 25e     3366632430 9 9 711    53.0   51.0
 21 9417.644071 4.157E-30 1.816E-04.06760.082 2481.56240.75-.012518       3 1 1 33       1 1 1 02                    R 37e     3366632430 9 9 711    77.0   75.0
 21 9417.692240 7.302E-30 1.896E-04.06850.086 2345.92090.74-.011921       3 1 1 33       1 1 1 02                    R 32f     3366632430 9 9 711    67.0   65.0
 21 9417.760775 1.569E-28 8.408E-05.06570.074 1623.63350.74-.013427       2 1 1 32       0 1 1 01                    P 49e     3665632430 9 9 711    97.0   99.0
 21 9417.781323 3.234E-30 1.799E-04.06730.080 2541.66900.75-.012745       3 1 1 33       1 1 1 02                    R 39e     3366632430 9 9 711    81.0   79.0
 21 9417.863289 2.463E-30 1.775E-04.06700.079 2604.89030.75-.012966       3 1 1 33       1 1 1 02                    R 41e     3365632430 9 9 711    85.0   83.0
 21 9417.884299 1.336E-30 1.703E-04.06630.076 2740.67270.74-.013392       3 1 1 33       1 1 1 02                    R 45e     3365632430 9 9 711    93.0   91.0
 21 9417.889698 2.037E-29 1.531E-05.07200.096 1516.05210.71-.009082       5 2 2 11       0 2 2 01                    P 21f     3366632430 9 9 711    41.0   43.0
 21 9417.895319 1.835E-30 1.744E-04.06660.077 2671.22530.74-.013182       3 1 1 33       1 1 1 02                    R 43e     3365632430 9 9 711    89.0   87.0
 21 9417.908923 3.682E-30 8.400E-05.06990.091 2278.62670.73-.011144       2 3 3 32       0 3 3 01                    R 26f     3366632430 9 9 711    55.0   53.0
 21 9418.011249 3.487E-30 1.125E-07.07020.092  921.23800.73-.009115       5 1 1 11       0 1 1 01                    R 25e     3466632636 9 9 711    53.0   51.0
 21 9418.036913 5.995E-30 1.896E-04.06810.084 2398.36040.74-.012165       3 1 1 33       1 1 1 02                    R 34f     3366632430 9 9 711    71.0   69.0
 21 9418.164863 4.262E-30 1.633E-04.08340.114 2088.56800.68-.007115       3 1 1 32       1 1 1 01                    R  5e     3366632430 9 9 711    13.0   11.0
 21 9418.192337 3.449E-30 8.416E-05.06970.090 2299.80410.73-.011279       2 3 3 32       0 3 3 01                    R 27e     3366632430 9 9 711    57.0   55.0
 21 9418.283364 1.294E-30 7.916E-06.06700.079 2092.49160.75-.011767       4 1 1 21       1 0 0 01                    P 42e     3465632636 9 9 711    83.0   85.0
 21 9418.313507 4.829E-30 1.894E-04.06780.083 2453.92450.74-.012402       3 1 1 33       1 1 1 02                    R 36f     3366632430 9 9 711    75.0   73.0
 21 9418.324808 3.351E-30 1.324E-07.06940.089  984.98890.73-.009461       5 1 1 11       0 1 1 01                    R 28f     3466632636 9 9 711    59.0   57.0
 21 9418.457859 3.214E-30 8.430E-05.06940.089 2321.76500.73-.011412       2 3 3 32       0 3 3 01                    R 28f     3366632430 9 9 711    59.0   57.0
 21 9418.522929 3.817E-30 1.891E-04.06750.081 2512.61220.75-.012632       3 1 1 33       1 1 1 02                    R 38f     3366632430 9 9 711    79.0   77.0
 21 9418.611932 1.594E-29 1.163E-05.07250.097 1499.60730.71-.008999       5 2 2 11       0 2 2 01                    P 20e     3366632430 9 9 711    39.0   41.0
 21 9418.657640 8.022E-29 6.520E-05.07120.095 1551.28950.72-.011074       2 2 2 32       0 2 2 01                    P 23f     2366632430 9 9 711    45.0   47.0
 21 9418.666323 2.960E-30 1.885E-04.06710.080 2574.42230.75-.012856       3 1 1 33       1 1 1 02                    R 40f     3366632430 9 9 711    83.0   81.0
 21 9418.673590 1.001E-28 1.948E-04.06870.087 1800.09570.74-.011938       3 0 0 32       1 0 0 01                    P 32e     3366632430 9 9 711    63.0   65.0
 21 9418.705419 2.980E-30 8.445E-05.06920.088 2344.50920.74-.011542       2 3 3 32       0 3 3 01                    R 29e     3366632430 9 9 711    61.0   59.0
 21 9418.716885 1.232E-30 1.849E-04.06610.075 2778.57500.74-.013495       3 1 1 33       1 1 1 02                    R 46f     3365632430 9 9 711    95.0   93.0
 21 9418.745135 2.253E-30 1.877E-04.06680.078 2639.35360.75-.013075       3 1 1 33       1 1 1 02                    R 42f     3365632430 9 9 711    87.0   85.0
 21 9418.761205 1.682E-30 1.864E-04.06650.077 2707.40490.74-.013287       3 1 1 33       1 1 1 02                    R 44f     3365632430 9 9 711    91.0   89.0
 21 9418.843836 4.904E-30 1.667E-04.08220.112 2093.29160.68-.007429       3 1 1 32       1 1 1 01                    R  6f     3366632430 9 9 711    15.0   13.0
 21 9418.935101 2.749E-30 8.457E-05.06890.088 2368.03680.74-.011670       2 3 3 32       0 3 3 01                    R 30f     3366632430 9 9 711    63.0   61.0
 21 9419.146804 2.524E-30 8.470E-05.06870.087 2392.34750.74-.011797       2 3 3 32       0 3 3 01                    R 31e     3366632430 9 9 711    65.0   63.0
 21 9419.158619 8.156E-30 1.344E-08.06970.090  316.76980.73-.010618       3 1 1 21       0 0 0 01                    P 28e     3466632636 9 9 711    55.0   57.0
 21 9419.340651 2.306E-30 8.482E-05.06850.086 2417.44140.74-.011921       2 3 3 32       0 3 3 01                    R 32f     3366632430 9 9 711    67.0   65.0
 21 9419.388816 3.587E-28 2.050E-04.07250.097 1449.38310.71-.010766       3 0 0 33       1 0 0 02                    P 20e     3366632430 9 9 711    39.0   41.0
 21 9419.409180 9.720E-30 1.569E-06.06710.080 1339.65910.75-.011688       3 2 2 21       0 1 1 01                    P 41e     4365631221 9 9 711    81.0   83.0
 21 9419.439272 5.484E-30 1.689E-04.08110.111 2098.71840.68-.007717       3 1 1 32       1 1 1 01                    R  7e     3366632430 9 9 711    17.0   15.0
 21 9419.516496 2.096E-30 8.490E-05.06830.085 2443.31820.74-.012044       2 3 3 32       0 3 3 01                    R 33e     3366632430 9 9 711    69.0   67.0
 21 9419.577936 1.557E-29 1.110E-05.07300.098 1483.94500.70-.008915       5 2 2 11       0 2 2 01                    P 19f     3366632430 9 9 711    37.0   39.0
 21 9419.674514 1.897E-30 8.501E-05.06810.084 2469.97790.74-.012165       2 3 3 32       0 3 3 01                    R 34f     3366632430 9 9 711    71.0   69.0
 21 9419.678589 9.619E-29 1.000E-04.06080.066 1827.97240.69-.014888       2 0 0 32       0 0 0 01                    P 68e     3655532430 9 9 711   135.0  137.0
 21 9419.695885 9.271E-29 7.227E-05.07160.095 1533.27970.71-.010973       2 2 2 32       0 2 2 01                    P 22e     2366632430 9 9 711    43.0   45.0
 21 9419.704610 6.370E-30 9.071E-07.06730.080 1308.67150.75-.011609       3 2 2 21       0 1 1 01                    P 40f     4366631221 9 9 711    79.0   81.0
 21 9419.779212 3.035E-30 1.114E-07.06970.090  962.62560.73-.009348       5 1 1 11       0 1 1 01                    R 27e     3466632636 9 9 711    57.0   55.0
 21 9419.814502 1.709E-30 8.511E-05.06800.084 2497.42030.74-.012284       2 3 3 32       0 3 3 01                    R 35e     3366632430 9 9 711    73.0   71.0
 21 9419.883188 2.876E-30 1.333E-07.06890.088 1031.12900.74-.009682       5 1 1 11       0 1 1 01                    R 30f     3466632636 9 9 711    63.0   61.0
 21 9419.936700 1.532E-30 8.519E-05.06780.083 2525.64540.74-.012402       2 3 3 32       0 3 3 01                    R 36f     3366632430 9 9 711    75.0   73.0
 21 9420.040833 1.367E-30 8.525E-05.06760.082 2554.65290.75-.012518       2 3 3 32       0 3 3 01                    R 37e     3366632430 9 9 711    77.0   75.0
 21 9420.095140 6.016E-30 1.709E-04.08010.109 2105.03120.68-.007984       3 1 1 32       1 1 1 01                    R  8f     3366632430 9 9 711    19.0   17.0
 21 9420.127223 1.214E-30 8.529E-05.06750.081 2584.44300.75-.012632       2 3 3 32       0 3 3 01                    R 38f     3366632430 9 9 711    79.0   77.0
 21 9420.195503 1.074E-30 8.538E-05.06730.080 2615.01510.75-.012745       2 3 3 32       0 3 3 01                    R 39e     3366632430 9 9 711    81.0   79.0
 21 9420.283222 1.953E-28 8.942E-05.06590.075 1586.85820.74-.013344       2 1 1 32       0 1 1 01                    P 48f     3665632430 9 9 711    95.0   97.0
 21 9420.322507 1.297E-29 9.092E-06.07350.099 1469.06550.70-.008829       5 2 2 11       0 2 2 01                    P 18e     3366632430 9 9 711    35.0   37.0
 21 9420.454920 1.729E-30 8.117E-06.06730.080 2027.78560.75-.011609       4 1 1 21       1 0 0 01                    P 40e     3466632636 9 9 711    79.0   81.0
 21 9420.637057 6.472E-30 1.721E-04.07910.108 2111.99170.68-.008232       3 1 1 32       1 1 1 01                    R  9e     3366632430 9 9 711    21.0   19.0
 21 9420.880281 9.711E-29 7.303E-05.07200.096 1516.05210.71-.010870       2 2 2 32       0 2 2 01                    P 21f     3366632430 9 9 711    41.0   43.0
 21 9421.028406 2.209E-28 8.553E-05.06610.075 1547.97300.74-.013260       2 1 1 32       0 1 1 01                    P 47e     3665632430 9 9 711    93.0   95.0
 21 9421.241223 1.242E-29 8.624E-06.07400.100 1454.96860.70-.008741       5 2 2 11       0 2 2 01                    P 17f     3366632430 9 9 711    33.0   35.0
 21 9421.272347 6.882E-30 1.737E-04.07820.107 2119.90110.68-.008464       3 1 1 32       1 1 1 01                    R 10f     3366632430 9 9 711    23.0   21.0
 21 9421.289854 8.825E-30 1.273E-08.07020.092  273.86800.73-.010445       3 1 1 21       0 0 0 01                    P 26e     3466632636 9 9 711    51.0   53.0
 21 9421.438928 2.421E-30 1.341E-07.06850.086 1080.39290.74-.009896       5 1 1 11       0 1 1 01                    R 32f     3466632636 9 9 711    67.0   65.0
 21 9421.463811 1.195E-28 1.957E-04.06920.088 1750.96060.74-.011752       3 0 0 32       1 0 0 01                    P 30e     3366632430 9 9 711    59.0   61.0
 21 9421.536918 2.588E-30 1.103E-07.06920.088 1007.13340.74-.009572       5 1 1 11       0 1 1 01                    R 29e     3466632636 9 9 711    61.0   59.0
 21 9421.654580 3.743E-28 2.057E-04.07350.099 1418.93480.70-.010550       3 0 0 33       1 0 0 02                    P 18e     3366632430 9 9 711    35.0   37.0
 21 9421.702830 9.580E-30 1.197E-06.06750.081 1276.44740.75-.011529       3 2 2 21       0 1 1 01                    P 39e     4366631221 9 9 711    77.0   79.0
 21 9421.758213 7.204E-30 1.743E-04.07740.105 2128.38770.68-.008682       3 1 1 32       1 1 1 01                    R 11e     3366632430 9 9 711    25.0   23.0
 21 9421.945995 1.052E-28 7.680E-05.07250.097 1499.60730.71-.010766       2 2 2 32       0 2 2 01                    P 20e     3366632430 9 9 711    39.0   41.0
 21 9422.008437 1.077E-29 7.463E-06.07460.101 1441.65470.69-.008650       5 2 2 11       0 2 2 01                    P 16e     3366632430 9 9 711    31.0   33.0
 21 9422.043130 6.560E-30 7.292E-07.06760.082 1246.92040.75-.011449       3 2 2 21       0 1 1 01                    P 38f     4366631221 9 9 711    75.0   77.0
 21 9422.375349 7.485E-30 1.757E-04.07660.104 2137.90100.68-.008889       3 1 1 32       1 1 1 01                    R 12f     3366632430 9 9 711    27.0   25.0
 21 9422.602490 2.264E-30 8.303E-06.06760.082 1966.19230.75-.011449       4 1 1 21       1 0 0 01                    P 38e     3466632636 9 9 711    75.0   77.0
 21 9422.802736 7.668E-30 1.759E-04.07590.103 2147.90620.68-.009087       3 1 1 32       1 1 1 01                    R 13e     3366632430 9 9 711    29.0   27.0
 21 9422.889893 1.015E-29 7.076E-06.07520.102 1429.12360.69-.008556       5 2 2 11       0 2 2 01                    P 15f     3366632430 9 9 711    29.0   31.0
 21 9422.992533 2.000E-30 1.349E-07.06810.084 1132.78020.74-.010104       5 1 1 11       0 1 1 01                    R 34f     3466632636 9 9 711    71.0   69.0
 21 9423.083729 1.087E-28 7.753E-05.07300.098 1483.94500.70-.010659       2 2 2 32       0 2 2 01                    P 19f     3366632430 9 9 711    37.0   39.0
 21 9423.295033 2.163E-30 1.090E-07.06870.087 1054.76060.74-.009790       5 1 1 11       0 1 1 01                    R 31e     3466632636 9 9 711    65.0   63.0
 21 9423.379511 9.365E-30 1.209E-08.07090.094  234.08330.72-.010268       3 1 1 21       0 0 0 01                    P 24e     3466632636 9 9 711    47.0   49.0
 21 9423.404030 7.821E-30 1.772E-04.07520.102 2159.03060.69-.009275       3 1 1 32       1 1 1 01                    R 14f     3366632430 9 9 711    31.0   29.0
 21 9423.498092 2.701E-28 9.006E-05.06630.076 1512.63650.74-.013176       2 1 1 32       0 1 1 01                    P 46f     3665632430 9 9 711    91.0   93.0
 21 9423.674866 9.013E-30 6.375E-06.07590.103 1417.37550.68-.008457       5 2 2 11       0 2 2 01                    P 14e     3366632430 9 9 711    27.0   29.0
 21 9423.770631 7.871E-30 1.772E-04.07460.101 2170.54690.69-.009457       3 1 1 32       1 1 1 01                    R 15e     3366632430 9 9 711    33.0   31.0
 21 9423.816799 1.558E-28 1.003E-04.06140.067 1722.94130.70-.014744       2 0 0 32       0 0 0 01                    P 66e     3655532430 9 9 711   131.0  133.0
 21 9423.844215 3.801E-28 2.066E-04.07460.101 1391.60780.69-.010322       3 0 0 33       1 0 0 02                    P 16e     3366632430 9 9 711    31.0   33.0
 21 9423.955930 9.360E-30 9.217E-07.06780.083 1216.35080.74-.011368       3 2 2 21       0 1 1 01                    P 37e     4366631221 9 9 711    73.0   75.0
 21 9424.147089 1.135E-28 7.963E-05.07350.099 1469.06550.70-.010550       2 2 2 32       0 2 2 01                    P 18e     2366632430 9 9 711    35.0   37.0
 21 9424.177491 1.399E-28 1.966E-04.06970.090 1704.94190.73-.011563       3 0 0 32       1 0 0 01                    P 28e     3366632430 9 9 711    55.0   57.0
 21 9424.244235 3.043E-28 8.659E-05.06650.077 1475.42300.74-.013092       2 1 1 32       0 1 1 01                    P 45e     3665632430 9 9 711    89.0   91.0
 21 9424.342790 6.660E-30 5.884E-07.06800.084 1188.28960.74-.011287       3 2 2 21       0 1 1 01                    P 36f     4366631221 9 9 711    71.0   73.0
 21 9424.358279 7.902E-30 1.785E-04.07400.100 2183.28970.70-.009631       3 1 1 32       1 1 1 01                    R 16f     3366632430 9 9 711    35.0   33.0
 21 9424.528168 8.362E-30 6.057E-06.07660.104 1406.41030.68-.008354       5 2 2 11       0 2 2 01                    P 13f     3366632430 9 9 711    25.0   27.0
 21 9424.548391 1.622E-30 1.357E-07.06780.083 1188.28960.74-.010305       5 1 1 11       0 1 1 01                    R 36f     3466632636 9 9 711    75.0   73.0
 21 9424.661942 7.829E-30 1.782E-04.07350.099 2196.30940.70-.009800       3 1 1 32       1 1 1 01                    R 17e     3366632430 9 9 711    37.0   35.0
 21 9424.724739 2.905E-30 8.473E-06.06800.084 1907.71220.74-.011287       4 1 1 21       1 0 0 01                    P 36e     3466632636 9 9 711    71.0   73.0
 21 9425.054286 1.773E-30 1.078E-07.06830.085 1105.50650.74-.010001       5 1 1 11       0 1 1 01                    R 33e     3466632636 9 9 711    69.0   67.0
 21 9425.238018 7.752E-30 1.795E-04.07300.098 2210.67790.70-.009965       3 1 1 32       1 1 1 01                    R 18f     3366632430 9 9 711    39.0   37.0
 21 9425.242695 1.155E-28 8.027E-05.07400.100 1454.96860.70-.010438       2 2 2 32       0 2 2 01                    P 17f     2366632430 9 9 711    33.0   35.0
 21 9425.324639 7.489E-30 5.613E-06.07740.105 1396.22820.68-.008245       5 2 2 11       0 2 2 01                    P 12e     3366632430 9 9 711    23.0   25.0
 21 9425.426860 9.732E-30 1.150E-08.07160.095  197.41660.71-.010088       3 1 1 21       0 0 0 01                    P 22e     3466632636 9 9 711    43.0   45.0
 21 9425.477040 7.570E-30 1.790E-04.07250.097 2225.19330.71-.010124       3 1 1 32       1 1 1 01                    R 19e     3366632430 9 9 711    41.0   39.0
 21 9425.957745 3.742E-28 2.077E-04.07590.103 1367.40260.68-.010078       3 0 0 33       1 0 0 02                    P 14e     3366632430 9 9 711    27.0   29.0
 21 9426.043455 7.402E-30 1.804E-04.07200.096 2241.19470.71-.010279       3 1 1 32       1 1 1 01                    R 20f     3366632430 9 9 711    43.0   41.0
 21 9426.106708 1.292E-30 1.365E-07.06750.081 1246.92040.75-.010501       5 1 1 11       0 1 1 01                    R 38f     3466632636 9 9 711    79.0   77.0
 21 9426.157380 6.831E-30 5.358E-06.07820.107 1386.82910.68-.008129       5 2 2 11       0 2 2 01                    P 11f     3366632430 9 9 711    21.0   23.0
 21 9426.169730 9.040E-30 7.143E-07.06810.084 1159.37020.74-.011205       3 2 2 21       0 1 1 01                    P 35e     4366631221 9 9 711    69.0   71.0
 21 9426.172904 1.206E-30 1.901E-06.06450.071 1869.26460.73-.011528       5 1 1 11       0 1 1 01                    P 55e     3455532636 9 9 711   109.0  111.0
 21 9426.209989 6.764E-30 1.702E-04.07160.095 2257.19830.71-.010431       3 1 1 32       1 1 1 01                    R 21e     3366632430 9 9 711    45.0   43.0
 21 9426.288876 1.175E-28 8.150E-05.07460.101 1441.65470.69-.010322       2 2 2 32       0 2 2 01                    P 16e     3366632430 9 9 711    31.0   33.0
 21 9426.603560 6.650E-30 4.756E-07.06830.085 1132.78020.74-.011123       3 2 2 21       0 1 1 01                    P 34f     4366631221 9 9 711    67.0   69.0
 21 9426.648094 3.668E-28 9.061E-05.06660.077 1441.53070.74-.013006       2 1 1 32       0 1 1 01                    P 44f     3665632430 9 9 711    87.0   89.0
 21 9426.769557 6.588E-30 1.730E-04.07120.095 2274.83980.72-.010580       3 1 1 32       1 1 1 01                    R 22f     3366632430 9 9 711    47.0   45.0
 21 9426.814560 1.606E-28 1.977E-04.07020.092 1662.04020.73-.011370       3 0 0 32       1 0 0 01                    P 26e     3366632430 9 9 711    51.0   53.0
 21 9426.815961 1.424E-30 1.064E-07.06800.084 1159.37020.74-.010205       5 1 1 11       0 1 1 01                    R 35e     3466632636 9 9 711    73.0   71.0
 21 9426.819998 3.647E-30 8.617E-06.06830.085 1852.34640.74-.011123       4 1 1 21       1 0 0 01                    P 34e     3466632636 9 9 711    67.0   69.0
 21 9426.873736 6.574E-30 1.803E-04.07090.094 2292.32370.72-.010725       3 1 1 32       1 1 1 01                    R 23e     3366632430 9 9 711    49.0   47.0
 21 9426.959439 6.088E-30 5.062E-06.07910.108 1378.21320.68-.008005       5 2 2 11       0 2 2 01                    P 10e     3366632430 9 9 711    19.0   21.0
 21 9427.344959 1.175E-28 8.199E-05.07520.102 1429.12360.69-.010203       2 2 2 32       0 2 2 01                    P 15f     3366632430 9 9 711    29.0   31.0
 21 9427.401918 4.108E-28 8.740E-05.06680.078 1405.98470.75-.012921       2 1 1 32       0 1 1 01                    P 43e     3665632430 9 9 711    85.0   87.0
 21 9427.426891 6.284E-30 1.819E-04.07050.093 2311.61260.72-.010867       3 1 1 32       1 1 1 01                    R 24f     3366632430 9 9 711    51.0   49.0
 21 9427.431656 9.887E-30 1.094E-08.07250.097  163.86840.71-.009902       3 1 1 21       0 0 0 01                    P 20e     3466632636 9 9 711    39.0   41.0
 21 9427.458167 5.926E-30 1.809E-04.07020.092 2330.56900.73-.011007       3 1 1 32       1 1 1 01                    R 25e     3366632430 9 9 711    53.0   51.0
 21 9427.668053 1.011E-30 1.373E-07.06710.080 1308.67150.75-.010691       5 1 1 11       0 1 1 01                    R 40f     3466632636 9 9 711    83.0   81.0
 21 9427.777472 5.427E-30 4.856E-06.08010.109 1370.38040.68-.007870       5 2 2 11       0 2 2 01                    P  9f     3366632430 9 9 711    17.0   19.0
 21 9427.878285 2.483E-28 1.006E-04.06210.068 1621.00360.71-.014598       2 0 0 32       0 0 0 01                    P 64e     3655532430 9 9 711   127.0  129.0
 21 9427.965561 5.228E-30 1.815E-04.06970.090 2371.93370.73-.011279       3 1 1 32       1 1 1 01                    R 27e     3366632430 9 9 711    57.0   55.0
 21 9427.995190 3.555E-28 2.092E-04.07740.105 1346.31960.68-.009809       3 0 0 33       1 0 0 02                    P 12e     3366632430 9 9 711    23.0   25.0
 21 9428.007130 5.605E-30 1.826E-04.06990.091 2351.51260.73-.011144       3 1 1 32       1 1 1 01                    R 26f     3366632430 9 9 711    55.0   53.0
 21 9428.345100 8.620E-30 5.567E-07.06850.086 1105.50650.74-.011040       3 2 2 21       0 1 1 01                    P 33e     4366631221 9 9 711    65.0   67.0
 21 9428.366063 1.169E-28 8.277E-05.07590.103 1417.37550.68-.010078       2 2 2 32       0 2 2 01                    P 14e     3366632430 9 9 711    27.0   29.0
 21 9428.396018 4.518E-30 1.820E-04.06920.088 2416.41710.74-.011542       3 1 1 32       1 1 1 01                    R 29e     3366632430 9 9 711    61.0   59.0
 21 9428.512054 4.893E-30 1.832E-04.06940.089 2394.53920.73-.011412       3 1 1 32       1 1 1 01                    R 28f     3366632430 9 9 711    59.0   57.0
 21 9428.580312 4.735E-30 4.641E-06.08110.111 1363.33080.68-.007722       5 2 2 11       0 2 2 01                    P  8e     3366632430 9 9 711    15.0   17.0
 21 9428.581717 1.122E-30 1.049E-07.06760.082 1216.35080.75-.010404       5 1 1 11       0 1 1 01                    R 37e     3466632636 9 9 711    77.0   75.0
 21 9428.671781 1.802E-30 1.952E-06.06490.072 1784.28060.73-.012550       4 0 0 21       0 1 1 01                    P 53e     3455532636 9 9 711   105.0  107.0
 21 9428.749540 3.828E-30 1.824E-04.06870.087 2464.01850.74-.011797       3 1 1 32       1 1 1 01                    R 31e     3366632430 9 9 711    65.0   63.0
 21 9428.825350 6.530E-30 3.852E-07.06870.087 1080.39290.74-.010957       3 2 2 21       0 1 1 01                    P 32f     4366631221 9 9 711    63.0   65.0
 21 9428.886880 4.477E-30 8.730E-06.06870.087 1800.09570.74-.010957       4 1 1 21       1 0 0 01                    P 32e     3466632636 9 9 711    63.0   65.0
 21 9428.941710 4.186E-30 1.837E-04.06890.088 2440.69170.74-.011670       3 1 1 32       1 1 1 01                    R 30f     3366632430 9 9 711    63.0   61.0
 21 9429.026117 3.181E-30 1.827E-04.06830.085 2514.73720.74-.012044       3 1 1 32       1 1 1 01                    R 33e     3366632430 9 9 711    69.0   67.0
 21 9429.173090 1.160E-30 1.085E-09.07520.102   81.94010.69-.009311       1 2 2 32       0 0 0 01                    R 14e     3366632430 9 9 711    31.0   29.0
 21 9429.225746 2.595E-30 1.830E-04.06800.084 2568.57240.74-.012284       3 1 1 32       1 1 1 01                    R 35e     3366632430 9 9 711    73.0   71.0
 21 9429.296077 3.512E-30 1.842E-04.06850.086 2489.96950.74-.011921       3 1 1 32       1 1 1 01                    R 32f     3366632430 9 9 711    67.0   65.0
 21 9429.348447 2.078E-30 1.832E-04.06760.082 2625.52330.75-.012518       3 1 1 32       1 1 1 01                    R 37e     3366632430 9 9 711    77.0   75.0
 21 9429.363323 1.262E-30 1.835E-04.06700.079 2748.76860.75-.012966       3 1 1 32       1 1 1 01                    R 41e     3365632430 9 9 711    85.0   83.0
 21 9429.374913 1.805E-28 1.988E-04.07090.094 1622.25620.72-.011174       3 0 0 32       1 0 0 01                    P 24e     3366632430 9 9 711    47.0   49.0
 21 9429.384206 1.147E-28 8.317E-05.07660.104 1406.41030.68-.009947       2 2 2 32       0 2 2 01                    P 13f     2366632430 9 9 711    25.0   27.0
 21 9429.387755 4.062E-30 4.456E-06.08220.112 1357.06440.68-.007558       5 2 2 11       0 2 2 01                    P  7f     3366632430 9 9 711    13.0   15.0
 21 9429.393784 9.798E-30 1.043E-08.07350.099  133.43930.70-.009708       3 1 1 21       0 0 0 01                    P 18e     3466632636 9 9 711    35.0   37.0
 21 9429.394271 1.634E-30 1.834E-04.06730.080 2685.58900.75-.012745       3 1 1 32       1 1 1 01                    R 39e     3366632430 9 9 711    81.0   79.0
 21 9429.575140 2.891E-30 1.846E-04.06810.084 2542.37180.74-.012165       3 1 1 32       1 1 1 01                    R 34f     3366632430 9 9 711    71.0   69.0
 21 9429.731452 4.891E-28 9.106E-05.06700.079 1373.54210.75-.012834       2 1 1 32       0 1 1 01                    P 42f     3665632430 9 9 711    83.0   85.0
 21 9429.778899 2.336E-30 1.849E-04.06780.083 2597.89790.74-.012402       3 1 1 32       1 1 1 01                    R 36f     3366632430 9 9 711    75.0   73.0
 21 9429.907376 1.853E-30 1.852E-04.06750.081 2656.54690.75-.012632       3 1 1 32       1 1 1 01                    R 38f     3366632430 9 9 711    79.0   77.0
 21 9429.938694 1.105E-30 1.856E-04.06680.078 2783.21020.75-.013075       3 1 1 32       1 1 1 01                    R 42f     3365632430 9 9 711    87.0   85.0
 21 9429.956561 3.234E-28 2.112E-04.07910.108 1328.35940.68-.009504       3 0 0 33       1 0 0 02                    P 10e     3366632430 9 9 711    19.0   21.0
 21 9429.960617 1.443E-30 1.854E-04.06710.080 2718.31800.75-.012856       3 1 1 32       1 1 1 01                    R 40f     3366632430 9 9 711    83.0   81.0
 21 9430.187930 3.369E-30 4.254E-06.08340.114 1351.58130.68-.007374       5 2 2 11       0 2 2 01                    P  6e     3366632430 9 9 711    11.0   13.0
 21 9430.261787 1.908E-30 1.779E-09.07400.100  106.12970.70-.009668       1 2 2 32       0 0 0 01                    R 16e     3366632430 9 9 711    35.0   33.0
 21 9430.375729 1.115E-28 8.366E-05.07740.105 1396.22820.68-.009809       2 2 2 32       0 2 2 01                    P 12e     3366632430 9 9 711    23.0   25.0
 21 9430.482670 8.100E-30 4.358E-07.06890.088 1054.76060.74-.010873       3 2 2 21       0 1 1 01                    P 31e     4366631221 9 9 711    61.0   63.0
 21 9430.497158 5.438E-28 8.800E-05.06710.080 1339.65920.75-.012747       2 1 1 32       0 1 1 01                    P 41e     3665632430 9 9 711    81.0   83.0
 21 9430.924320 5.362E-30 8.797E-06.06920.088 1750.96060.74-.010788       4 1 1 21       1 0 0 01                    P 30e     3466632636 9 9 711    59.0   61.0
 21 9430.987347 2.658E-30 4.010E-06.08470.116 1346.88140.69-.007165       5 2 2 11       0 2 2 01                    P  5f     3366632430 9 9 711     9.0   11.0
 21 9431.008000 6.280E-30 3.115E-07.06920.088 1031.12900.74-.010788       3 2 2 21       0 1 1 01                    P 30f     4366631221 9 9 711    59.0   61.0
 21 9431.144152 2.644E-30 2.001E-06.06530.073 1702.40300.74-.012403       4 0 0 21       0 1 1 01                    P 51e     3455532636 9 9 711   101.0  103.0
 21 9431.293150 2.890E-30 2.761E-09.07300.098  133.43930.70-.010002       1 2 2 32       0 0 0 01                    R 18e     3366632430 9 9 711    39.0   37.0
 21 9431.313183 9.442E-30 9.939E-09.07460.101  106.12970.69-.009504       3 1 1 21       0 0 0 01                    P 16e     3466632636 9 9 711    31.0   33.0
 21 9431.356920 1.068E-28 8.386E-05.07820.107 1386.82910.68-.009662       2 2 2 32       0 2 2 01                    P 11f     3366632430 9 9 711    21.0   23.0
 21 9431.782722 1.903E-30 3.622E-06.08620.118 1342.96480.69-.006920       5 2 2 11       0 2 2 01                    P  4e     3366632430 9 9 711     7.0    9.0
 21 9431.841865 2.783E-28 2.143E-04.08110.111 1313.52210.68-.009148       3 0 0 33       1 0 0 02                    P  8e     3366632430 9 9 711    15.0   17.0
 21 9431.858387 1.986E-28 2.001E-04.07160.095 1585.59040.71-.010973       3 0 0 32       1 0 0 01                    P 22e     3366632430 9 9 711    43.0   45.0
 21 9431.862892 3.894E-28 1.008E-04.06260.068 1522.16110.71-.014450       2 0 0 32       0 0 0 01                    P 62e     3655532430 9 9 711   123.0  125.0
 21 9432.267162 4.087E-30 4.107E-09.07200.096  163.86840.71-.010318       1 2 2 32       0 0 0 01                    R 20e     3366632430 9 9 711    43.0   41.0
 21 9432.316170 1.010E-28 8.408E-05.07910.108 1378.21320.68-.009504       2 2 2 32       0 2 2 01                    P 10e     3366632430 9 9 711    19.0   21.0
 21 9432.582900 7.470E-30 3.414E-07.06940.089 1007.13340.73-.010703       3 2 2 21       0 1 1 01                    P 29e     4366631221 9 9 711    57.0   59.0
 21 9432.746869 6.405E-28 9.146E-05.06730.080 1308.67160.75-.012660       2 1 1 32       0 1 1 01                    P 40f     3666632430 9 9 711    79.0   81.0
 21 9432.931120 6.257E-30 8.808E-06.06970.090 1704.94190.73-.010618       4 1 1 21       1 0 0 01                    P 28e     3466632636 9 9 711    55.0   57.0
 21 9433.151350 5.920E-30 2.518E-07.06970.090  984.98890.73-.010618       3 2 2 21       0 1 1 01                    P 28f     4366631221 9 9 711    55.0   57.0
 21 9433.183802 5.445E-30 5.894E-09.07120.095  197.41660.72-.010619       1 2 2 32       0 0 0 01                    R 22e     3366632430 9 9 711    47.0   45.0
 21 9433.189472 8.811E-30 9.472E-09.07590.103   81.94010.68-.009285       3 1 1 21       0 0 0 01                    P 14e     3466632636 9 9 711    27.0   29.0
 21 9433.261009 9.376E-29 8.399E-05.08010.109 1370.38040.68-.009334       2 2 2 32       0 2 2 01                    P  9f     3366632430 9 9 711    17.0   19.0
 21 9433.526974 7.065E-28 8.851E-05.06750.081 1276.44760.75-.012571       2 1 1 32       0 1 1 01                    P 39e     3666632430 9 9 711    77.0   79.0
 21 9433.588661 3.811E-30 2.049E-06.06570.074 1623.63340.74-.012255       4 0 0 21       0 1 1 01                    P 49e     3465632636 9 9 711    97.0   99.0
 21 9433.651101 2.211E-28 2.193E-04.08340.114 1301.80820.68-.008713       3 0 0 33       1 0 0 02                    P  6e     3366632430 9 9 711    11.0   13.0
 21 9434.043052 6.888E-30 8.214E-09.07050.093  234.08340.72-.010908       1 2 2 32       0 0 0 01                    R 24e     3366632430 9 9 711    51.0   49.0
 21 9434.186346 8.531E-29 8.371E-05.08110.111 1363.33080.68-.009148       2 2 2 32       0 2 2 01                    P  8e     2366632430 9 9 711    15.0   17.0
 21 9434.264735 2.136E-28 2.017E-04.07250.097 1552.04330.71-.010766       3 0 0 32       1 0 0 01                    P 20e     3366632430 9 9 711    39.0   41.0
 21 9434.646100 6.760E-30 2.677E-07.06990.091  962.62560.73-.010532       3 2 2 21       0 1 1 01                    P 27e     4366631221 9 9 711    53.0   55.0
 21 9434.844894 8.319E-30 1.116E-08.06990.091  273.86800.73-.011186       1 2 2 32       0 0 0 01                    R 26e     3366632430 9 9 711    55.0   53.0
 21 9434.903946 1.165E-30 1.726E-06.08620.118 1342.96480.69-.006045       5 2 2 11       0 2 2 01                    Q  4e     3366632430 9 9 711     9.0    9.0
 21 9434.906330 7.093E-30 8.745E-06.07020.092 1662.04020.73-.010445       4 1 1 21       1 0 0 01                    P 26e     3466632636 9 9 711    51.0   53.0
 21 9434.916022 1.507E-30 2.827E-06.08800.120 1339.83150.70-.005730       5 2 2 11       0 2 2 01                    Q  3f     3366632430 9 9 711     7.0    7.0
 21 9434.925409 2.150E-30 5.583E-06.09030.123 1337.48150.69-.005371       5 2 2 11       0 2 2 01                    Q  2e     3366632430 9 9 711     5.0    5.0
 21 9435.022720 7.912E-30 9.016E-09.07740.105   60.87090.68-.009044       3 1 1 21       0 0 0 01                    P 12e     3466632636 9 9 711    23.0   25.0
 21 9435.095170 7.557E-29 8.301E-05.08220.112 1357.06440.68-.008942       2 2 2 32       0 2 2 01                    P  7f     3366632430 9 9 711    13.0   15.0
 21 9435.255210 5.440E-30 2.025E-07.07020.092  941.97350.73-.010445       3 2 2 21       0 1 1 01                    P 26f     4366631221 9 9 711    51.0   53.0
 21 9435.384261 1.539E-28 2.302E-04.08620.118 1293.21780.69-.008151       3 0 0 33       1 0 0 02                    P  4e     3366632430 9 9 711     7.0    9.0
 21 9435.589312 9.635E-30 1.485E-08.06940.089  316.76990.73-.011454       1 2 2 32       0 0 0 01                    R 28e     3366632430 9 9 711    59.0   57.0
 21 9435.693379 8.236E-28 9.182E-05.06760.082 1246.92050.75-.012483       2 1 1 32       0 1 1 01                    P 38f     3666632430 9 9 711    75.0   77.0
 21 9435.770489 6.009E-28 1.010E-04.06320.069 1426.41530.72-.014299       2 0 0 32       0 0 0 01                    P 60e     3655532430 9 9 711   119.0  121.0
 21 9435.985603 6.453E-29 8.158E-05.08340.114 1351.58130.68-.008713       2 2 2 32       0 2 2 01                    P  6e     3366632430 9 9 711    11.0   13.0
 21 9436.004447 5.391E-30 2.094E-06.06610.075 1547.97290.74-.012105       4 0 0 21       0 1 1 01                    P 47e     3465632636 9 9 711    93.0   95.0
 21 9436.210639 1.203E-30 9.397E-07.07120.095 1551.28950.72-.010827       2 2 2 32       0 2 2 01                    Q 23f     2366632430 9 9 711    47.0   47.0
 21 9436.276290 1.074E-29 1.939E-08.06890.088  362.78830.74-.011713       1 2 2 32       0 0 0 01                    R 30e     3366632430 9 9 711    63.0   61.0
 21 9436.447119 1.027E-30 1.296E-08.06630.076  843.00810.74-.012185       3 1 1 21       0 0 0 01                    Q 46e     3465632636 9 9 711    93.0   93.0
 21 9436.489253 9.009E-28 8.895E-05.06780.083 1216.35100.74-.012394       2 1 1 32       0 1 1 01                    P 37e     3666632430 9 9 711    73.0   75.0
 21 9436.593584 2.242E-28 2.036E-04.07350.099 1521.61540.70-.010550       3 0 0 32       1 0 0 01                    P 18e     3366632430 9 9 711    35.0   37.0
 21 9436.667492 1.384E-30 1.035E-06.07160.095 1533.27970.71-.010702       2 2 2 32       0 2 2 01                    Q 22e     2366632430 9 9 711    45.0   45.0
 21 9436.672510 5.970E-30 2.092E-07.07050.093  921.23800.72-.010357       3 2 2 21       0 1 1 01                    P 25e     4366631221 9 9 711    49.0   51.0
 21 9436.812304 6.768E-30 8.559E-09.07910.108   42.92250.68-.008771       3 1 1 21       0 0 0 01                    P 10e     3466632636 9 9 711    19.0   21.0
 21 9436.849075 7.788E-30 8.591E-06.07090.094 1622.25620.72-.010268       4 1 1 21       1 0 0 01                    P 24e     3466632636 9 9 711    47.0   49.0
 21 9436.858565 5.209E-29 7.869E-05.08470.116 1346.88140.69-.008453       2 2 2 32       0 2 2 01                    P  5f     3366632430 9 9 711     9.0   11.0
 21 9436.905813 1.155E-29 2.490E-08.06850.086  411.92250.74-.011965       1 2 2 32       0 0 0 01                    R 32e     3366632430 9 9 711    67.0   65.0
 21 9436.923450 1.744E-30 1.255E-06.07200.096 1516.05210.71-.010575       2 2 2 32       0 2 2 01                    Q 21f     2366632430 9 9 711    43.0   43.0
 21 9437.041332 7.909E-29 2.689E-04.09030.123 1287.75110.69-.007278       3 0 0 33       1 0 0 02                    P  2e     3366632430 9 9 711     3.0    5.0
 21 9437.140503 1.400E-30 1.309E-08.06660.077  772.11060.74-.012011       3 1 1 21       0 0 0 01                    Q 44e     3465632636 9 9 711    89.0   89.0
 21 9437.266008 1.091E-30 2.024E-06.08800.120 1337.48150.70-.004844       5 2 2 11       0 2 2 01                    R  2e     3366632430 9 9 711     7.0    5.0
 21 9437.319360 4.860E-30 1.618E-07.07090.094  902.08360.72-.010268       3 2 2 21       0 1 1 01                    P 24f     4366631221 9 9 711    47.0   49.0
 21 9437.325097 2.000E-30 1.393E-06.07250.097 1499.60730.71-.010445       2 2 2 32       0 2 2 01                    Q 20e     2366632430 9 9 711    41.0   41.0
 21 9437.477871 1.202E-29 3.153E-08.06810.084  464.17170.74-.012210       1 2 2 32       0 0 0 01                    R 34e     3366632430 9 9 711    71.0   69.0
 21 9437.608329 2.383E-30 1.618E-06.07300.098 1483.94500.70-.010312       2 2 2 32       0 2 2 01                    Q 19f     2366632430 9 9 711    39.0   39.0
 21 9437.713529 3.799E-29 7.240E-05.08620.118 1342.96480.69-.008151       2 2 2 32       0 2 2 01                    P  4e     3366632430 9 9 711     7.0    9.0
 21 9437.826898 1.877E-30 1.321E-08.06700.079  704.30040.75-.011833       3 1 1 21       0 0 0 01                    Q 42e     3465632636 9 9 711    85.0   85.0
 21 9437.963227 2.723E-30 1.812E-06.07350.099 1469.06550.70-.010175       2 2 2 32       0 2 2 01                    Q 18e     2366632430 9 9 711    37.0   37.0
 21 9437.992456 1.212E-29 3.939E-08.06780.083  519.53500.74-.012447       1 2 2 32       0 0 0 01                    R 36e     3366632430 9 9 711    75.0   73.0
 21 9438.037246 1.977E-30 2.887E-06.08620.118 1339.83150.69-.005171       5 2 2 11       0 2 2 01                    R  3f     3366632430 9 9 711     9.0    7.0
 21 9438.243929 3.163E-30 2.078E-06.07400.100 1454.96860.70-.010035       2 2 2 32       0 2 2 01                    Q 17f     2366632430 9 9 711    35.0   35.0
 21 9438.390343 7.484E-30 2.136E-06.06650.077 1475.42290.74-.011952       4 0 0 21       0 1 1 01                    P 45e     3465632636 9 9 711    89.0   91.0
 21 9438.449565 1.187E-29 4.867E-08.06750.081  578.01160.75-.012678       1 2 2 32       0 0 0 01                    R 38e     3366632430 9 9 711    79.0   77.0
 21 9438.478162 2.472E-30 1.334E-08.06730.080  639.60030.75-.011652       3 1 1 21       0 0 0 01                    Q 40e     3466632636 9 9 711    81.0   81.0
 21 9438.550661 2.146E-29 5.640E-05.08800.120 1339.83150.70-.007781       2 2 2 32       0 2 2 01                    P  3f     3366632430 9 9 711     5.0    7.0
 21 9438.556618 3.605E-30 2.355E-06.07460.101 1441.65470.69-.009889       2 2 2 32       0 2 2 01                    Q 16e     2366632430 9 9 711    33.0   33.0
 21 9438.558649 5.422E-30 8.085E-09.08110.111   28.09510.68-.008450       3 1 1 21       0 0 0 01                    P  8e     3466632636 9 9 711    15.0   17.0
 21 9438.570251 1.040E-27 9.216E-05.06800.084 1188.28970.74-.012304       2 1 1 32       0 1 1 01                    P 36f     3666632430 9 9 711    71.0   73.0
 21 9438.662290 5.130E-30 1.626E-07.07120.095  882.97130.72-.010178       3 2 2 21       0 1 1 01                    P 23e     4366631221 9 9 711    45.0   47.0
 21 9438.758700 8.248E-30 8.324E-06.07160.095 1585.59030.71-.010088       4 1 1 21       1 0 0 01                    P 22e     3466632636 9 9 711    43.0   45.0
 21 9438.804413 2.788E-30 3.382E-06.08470.116 1342.96480.69-.005485       5 2 2 11       0 2 2 01                    R  4e     3366632430 9 9 711    11.0    9.0
 21 9438.819990 4.138E-30 2.708E-06.07520.102 1429.12360.69-.009739       2 2 2 32       0 2 2 01                    Q 15f     2366632430 9 9 711    31.0   31.0
 21 9438.844399 2.291E-28 2.058E-04.07460.101 1494.30710.69-.010322       3 0 0 32       1 0 0 01                    P 16e     3366632430 9 9 711    31.0   33.0
 21 9438.849202 1.130E-29 5.950E-08.06710.080  639.60040.75-.012903       1 2 2 32       0 0 0 01                    R 40e     3366632430 9 9 711    83.0   81.0
 21 9439.093078 4.710E-30 3.112E-06.07590.103 1417.37550.68-.009582       2 2 2 32       0 2 2 01                    Q 14e     2366632430 9 9 711    29.0   29.0
 21 9439.107145 3.196E-30 1.345E-08.06760.082  578.01150.75-.011466       3 1 1 21       0 0 0 01                    Q 38e     3466632636 9 9 711    77.0   77.0
 21 9439.191381 1.047E-29 7.204E-08.06680.078  704.30050.75-.013122       1 2 2 32       0 0 0 01                    R 42e     3365632430 9 9 711    87.0   85.0
 21 9439.331242 5.384E-30 3.623E-06.07660.104 1406.41030.68-.009418       2 2 2 32       0 2 2 01                    Q 13f     2366632430 9 9 711    27.0   27.0
 21 9439.343630 4.210E-30 1.282E-07.07160.095  865.31980.71-.010088       3 2 2 21       0 1 1 01                    P 22f     4366631221 9 9 711    43.0   45.0
 21 9439.382459 1.127E-27 8.930E-05.06810.084 1159.37030.74-.012213       2 1 1 32       0 1 1 01                    P 35e     3666632430 9 9 711    69.0   71.0
 21 9439.384220 4.007E-29 1.348E-04.09490.127 1285.40820.69-.005491       3 0 0 33       1 0 0 02                    R  0e     3366632430 9 9 711     3.0    1.0
 21 9439.476131 9.460E-30 8.652E-08.06650.077  772.11070.74-.013336       1 2 2 32       0 0 0 01                    R 44e     3365632430 9 9 711    91.0   89.0
 21 9439.479363 1.319E-30 3.312E-07.06230.068 1522.16110.71-.015036       1 2 2 32       0 0 0 01                    R 62e     3355532430 9 9 711   127.0  125.0
 21 9439.566318 6.138E-30 4.245E-06.07740.105 1396.22820.68-.009246       2 2 2 32       0 2 2 01                    Q 12e     2366632430 9 9 711    25.0   25.0
 21 9439.570785 3.573E-30 3.739E-06.08340.114 1346.88140.68-.005777       5 2 2 11       0 2 2 01                    R  5f     3366632430 9 9 711    13.0   11.0
 21 9439.600961 9.122E-28 1.012E-04.06370.070 1333.76790.72-.014146       2 0 0 32       0 0 0 01                    P 58e     3655532430 9 9 711   115.0  117.0
 21 9439.702050 1.794E-30 2.920E-07.06290.069 1426.41530.71-.014865       1 2 2 32       0 0 0 01                    R 60e     3355532430 9 9 711   123.0  121.0
 21 9439.703499 8.333E-30 1.031E-07.06610.075  843.03010.74-.013544       1 2 2 32       0 0 0 01                    R 46e     3365632430 9 9 711    95.0   93.0
 21 9439.706143 4.059E-30 1.356E-08.06800.084  519.53500.74-.011277       3 1 1 21       0 0 0 01                    Q 36e     3466632636 9 9 711    73.0   73.0
 21 9439.774792 7.024E-30 5.045E-06.07820.107 1386.82910.68-.009063       2 2 2 32       0 2 2 01                    Q 11f     2366632430 9 9 711    23.0   23.0
 21 9439.870593 2.388E-30 2.561E-07.06350.069 1333.76790.72-.014690       1 2 2 32       0 0 0 01                    R 58e     3355532430 9 9 711   119.0  117.0
 21 9439.873561 7.164E-30 1.219E-07.06570.074  917.05730.74-.013747       1 2 2 32       0 0 0 01                    R 48e     3365632430 9 9 711    99.0   97.0
 21 9439.972849 8.052E-30 6.074E-06.07910.108 1378.21320.68-.008868       2 2 2 32       0 2 2 01                    Q 10e     2366632430 9 9 711    21.0   21.0
 21 9439.983925 3.109E-30 2.233E-07.06400.070 1244.22040.72-.014510       1 2 2 32       0 0 0 01                    R 56e     3355532430 9 9 711   115.0  113.0
 21 9439.986428 6.016E-30 1.431E-07.06530.073  994.19130.74-.013945       1 2 2 32       0 0 0 01                    R 50e     3355532430 9 9 711   103.0  101.0
 21 9440.041316 3.962E-30 1.937E-07.06450.071 1157.77410.73-.014326       1 2 2 32       0 0 0 01                    R 54e     3355532430 9 9 711   111.0  109.0
 21 9440.042266 4.937E-30 1.670E-07.06490.072 1074.43060.73-.014138       1 2 2 32       0 0 0 01                    R 52e     3355532430 9 9 711   107.0  105.0
 21 9440.148962 9.283E-30 7.451E-06.08010.109 1370.38040.68-.008659       2 2 2 32       0 2 2 01                    Q  9f     2366632430 9 9 711    19.0   19.0
 21 9440.261476 3.928E-30 7.548E-09.08340.114   16.38900.68-.008058       3 1 1 21       0 0 0 01                    P  6e     3466632636 9 9 711    11.0   13.0
 21 9440.275164 5.059E-30 1.366E-08.06830.085  464.17160.74-.011084       3 1 1 21       0 0 0 01                    Q 34e     3466632636 9 9 711    69.0   69.0
 21 9440.310607 1.077E-29 9.337E-06.08110.111 1363.33080.68-.008433       2 2 2 32       0 2 2 01                    Q  8e     2366632430 9 9 711    17.0   17.0
 21 9440.329847 4.342E-30 4.029E-06.08220.112 1351.58130.68-.006045       5 2 2 11       0 2 2 01                    R  6e     3366632430 9 9 711    15.0   13.0
 21 9440.452736 1.263E-29 1.204E-05.08220.112 1357.06440.68-.008186       2 2 2 32       0 2 2 01                    Q  7f     3366632430 9 9 711    15.0   15.0
 21 9440.578315 1.501E-29 1.607E-05.08340.114 1351.58130.68-.007914       2 2 2 32       0 2 2 01                    Q  6e     3366632430 9 9 711    13.0   13.0
 21 9440.615570 4.280E-30 1.256E-07.07200.096  847.82620.71-.009995       3 2 2 21       0 1 1 01                    P 21e     4366631221 9 9 711    41.0   43.0
 21 9440.634655 8.382E-30 7.927E-06.07250.097 1552.04330.71-.009902       4 1 1 21       1 0 0 01                    P 20e     3466632636 9 9 711    39.0   41.0
 21 9440.685487 1.823E-29 2.255E-05.08470.116 1346.88140.69-.007613       2 2 2 32       0 2 2 01                    Q  5f     3366632430 9 9 711    11.0   11.0
 21 9440.745476 1.019E-29 2.174E-06.06680.078 1405.98450.75-.011798       4 0 0 21       0 1 1 01                    P 43e     3465632636 9 9 711    85.0   87.0
 21 9440.775164 2.283E-29 3.386E-05.08620.118 1342.96480.69-.007276       2 2 2 32       0 2 2 01                    Q  4e     3366632430 9 9 711     9.0    9.0
 21 9440.813364 6.188E-30 1.376E-08.06870.087  411.92240.74-.010886       3 1 1 21       0 0 0 01                    Q 32e     3466632636 9 9 711    65.0   65.0
 21 9440.846828 3.007E-29 5.648E-05.08800.120 1339.83150.70-.006896       2 2 2 32       0 2 2 01                    Q  3f     3366632430 9 9 711     7.0    7.0
 21 9440.850956 1.190E-28 1.735E-04.08800.120 1287.75110.70-.006010       3 0 0 33       1 0 0 02                    R  2e     3366632430 9 9 711     7.0    5.0
 21 9440.900648 4.349E-29 1.131E-04.09030.123 1337.48150.69-.006464       2 2 2 32       0 2 2 01                    Q  2e     3366632430 9 9 711     5.0    5.0
 21 9441.016435 2.271E-28 2.083E-04.07590.103 1470.11880.68-.010078       3 0 0 32       1 0 0 01                    P 14e     3366632430 9 9 711    27.0   29.0
 21 9441.093459 5.135E-30 4.319E-06.08110.111 1357.06440.68-.006291       5 2 2 11       0 2 2 01                    R  7f     3366632430 9 9 711    17.0   15.0
 21 9441.320814 7.423E-30 1.386E-08.06920.088  362.78820.74-.010683       3 1 1 21       0 0 0 01                    Q 30e     3466632636 9 9 711    61.0   61.0
 21 9441.376919 1.289E-27 9.247E-05.06830.085 1132.78030.74-.012122       2 1 1 32       0 1 1 01                    P 34f     3666632430 9 9 711    67.0   69.0
 21 9441.797277 8.729E-30 1.394E-08.06970.090  316.76980.73-.010476       3 1 1 21       0 0 0 01                    Q 28e     3466632636 9 9 711    57.0   57.0
 21 9441.841828 5.910E-30 4.586E-06.08010.109 1363.33080.68-.006519       5 2 2 11       0 2 2 01                    R  8e     3366632430 9 9 711    19.0   17.0
 21 9441.920744 2.354E-30 6.820E-09.08620.118    7.80430.69-.007549       3 1 1 21       0 0 0 01                    P  4e     3466632636 9 9 711     7.0    9.0
 21 9442.205449 1.385E-27 8.972E-05.06850.086 1105.50660.74-.012031       2 1 1 32       0 1 1 01                    P 33e     3666632430 9 9 711    65.0   67.0
 21 9442.241497 1.935E-28 1.845E-04.08470.116 1293.21780.69-.006773       3 0 0 33       1 0 0 02                    R  4e     3366632430 9 9 711    11.0    9.0
 21 9442.242435 1.006E-29 1.403E-08.07020.092  273.86800.73-.010263       3 1 1 21       0 0 0 01                    Q 26e     3466632636 9 9 711    53.0   53.0
 21 9442.476725 8.112E-30 7.376E-06.07350.099 1521.61540.70-.009708       4 1 1 21       1 0 0 01                    P 18e     3466632636 9 9 711    35.0   37.0
 21 9442.606100 6.776E-30 4.923E-06.07910.108 1370.38040.68-.006732       5 2 2 11       0 2 2 01                    R  9f     3366632430 9 9 711    21.0   19.0
 21 9442.656299 1.134E-29 1.410E-08.07090.094  234.08330.72-.010044       3 1 1 21       0 0 0 01                    Q 24e     3466632636 9 9 711    49.0   49.0
 21 9443.038406 1.251E-29 1.417E-08.07160.095  197.41660.71-.009817       3 1 1 21       0 0 0 01                    Q 22e     3466632636 9 9 711    45.0   45.0
 21 9443.068669 1.359E-29 2.205E-06.06710.080 1339.65910.75-.011641       4 0 0 21       0 1 1 01                    P 41e     3465632636 9 9 711    81.0   83.0
 21 9443.108696 2.175E-28 2.115E-04.07740.105 1449.05090.68-.009809       3 0 0 32       1 0 0 01                    P 12e     3366632430 9 9 711    23.0   25.0
 21 9443.196814 2.177E-29 4.045E-05.08800.120 1337.48150.70-.006010       2 2 2 32       0 2 2 01                    R  2e     3366632430 9 9 711     7.0    5.0
 21 9443.339631 7.571E-30 5.218E-06.07820.107 1378.21320.68-.006931       5 2 2 11       0 2 2 01                    R 10e     3366632430 9 9 711    23.0   21.0
 21 9443.354210 1.362E-27 1.014E-04.06420.070 1244.22040.73-.013990       2 0 0 32       0 0 0 01                    P 56e     3655532430 9 9 711   111.0  113.0
 21 9443.388645 1.348E-29 1.424E-08.07250.097  163.86840.71-.009581       3 1 1 21       0 0 0 01                    Q 20e     3466632636 9 9 711    41.0   41.0
 21 9443.555796 2.602E-28 1.897E-04.08220.112 1301.80820.68-.007429       3 0 0 33       1 0 0 02                    R  6e     3366632430 9 9 711    15.0   13.0
 21 9443.706811 1.416E-29 1.430E-08.07350.099  133.43930.70-.009333       3 1 1 21       0 0 0 01                    Q 18e     3466632636 9 9 711    37.0   37.0
 21 9443.908464 3.872E-29 5.660E-05.08620.118 1339.83150.69-.006401       2 2 2 32       0 2 2 01                    R  3f     3366632430 9 9 711     9.0    7.0
 21 9443.993017 1.447E-29 1.435E-08.07460.101  106.12970.69-.009071       3 1 1 21       0 0 0 01                    Q 16e     3466632636 9 9 711    33.0   33.0
 21 9444.109342 8.599E-30 5.687E-06.07740.105 1386.82910.68-.007119       5 2 2 11       0 2 2 01                    R 11f     3366632430 9 9 711    25.0   23.0
 21 9444.112945 1.568E-27 9.279E-05.06870.087 1080.39310.74-.011938       2 1 1 32       0 1 1 01                    P 32f     3666632430 9 9 711    63.0   65.0
 21 9444.246335 1.435E-29 1.440E-08.07590.103   81.94010.68-.008790       3 1 1 21       0 0 0 01                    Q 14e     3466632636 9 9 711    29.0   29.0
 21 9444.284743 7.407E-30 6.661E-06.07460.101 1494.30710.69-.009504       4 1 1 21       1 0 0 01                    P 16e     3466632636 9 9 711    31.0   33.0
 21 9444.467545 1.375E-29 1.444E-08.07740.105   60.87090.68-.008481       3 1 1 21       0 0 0 01                    Q 12e     3466632636 9 9 711    25.0   25.0
 21 9444.602086 5.336E-29 6.481E-05.08470.116 1342.96480.69-.006773       2 2 2 32       0 2 2 01                    R  4e     3366632430 9 9 711    11.0    9.0
 21 9444.656311 1.263E-29 1.448E-08.07910.108   42.92250.68-.008134       3 1 1 21       0 0 0 01                    Q 10e     3466632636 9 9 711    21.0   21.0
 21 9444.793801 3.166E-28 1.930E-04.08010.109 1313.52210.68-.007984       3 0 0 33       1 0 0 02                    R  8e     3366632430 9 9 711    19.0   17.0
 21 9444.812276 1.101E-29 1.450E-08.08110.111   28.09510.68-.007735       3 1 1 21       0 0 0 01                    Q  8e     3466632636 9 9 711    17.0   17.0
 21 9444.822157 9.415E-30 6.036E-06.07660.104 1396.22820.68-.007297       5 2 2 11       0 2 2 01                    R 12e     3366632430 9 9 711    27.0   25.0
 21 9444.935414 8.927E-30 1.453E-08.08340.114   16.38900.68-.007259       3 1 1 21       0 0 0 01                    Q  6e     3466632636 9 9 711    13.0   13.0
 21 9444.957348 1.669E-27 9.007E-05.06890.088 1054.76070.74-.011845       2 1 1 32       0 1 1 01                    P 31e     3666632430 9 9 711    61.0   63.0
 21 9445.025878 6.451E-30 1.455E-08.08620.118    7.80430.69-.006674       3 1 1 21       0 0 0 01                    Q  4e     3466632636 9 9 711     9.0    9.0
 21 9445.084922 3.683E-30 1.456E-08.09030.123    2.34130.69-.005929       3 1 1 21       0 0 0 01                    Q  2e     3466632636 9 9 711     5.0    5.0
 21 9445.119915 1.995E-28 2.153E-04.07910.108 1431.10360.68-.009504       3 0 0 32       1 0 0 01                    P 10e     3366632430 9 9 711    19.0   21.0
 21 9445.278199 6.642E-29 6.958E-05.08340.114 1346.88140.68-.007115       2 2 2 32       0 2 2 01                    R  5f     3366632430 9 9 711    13.0   11.0
 21 9445.343731 1.775E-29 2.229E-06.06750.081 1276.44740.75-.011483       4 0 0 21       0 1 1 01                    P 39e     3466632636 9 9 711    77.0   79.0
 21 9445.603191 1.076E-29 6.749E-06.07590.103 1406.41030.68-.007466       5 2 2 11       0 2 2 01                    R 13f     3366632430 9 9 711    29.0   27.0
 21 9445.935881 7.816E-29 7.262E-05.08220.112 1351.58130.68-.007429       2 2 2 32       0 2 2 01                    R  6e     3366632430 9 9 711    15.0   13.0
 21 9445.955453 3.607E-28 1.952E-04.07820.107 1328.35940.68-.008464       3 0 0 33       1 0 0 02                    R 10e     3366632430 9 9 711    23.0   21.0
 21 9446.059035 6.294E-30 5.780E-06.07590.103 1470.11880.68-.009285       4 1 1 21       1 0 0 01                    P 14e     3466632636 9 9 711    27.0   29.0
 21 9446.287669 1.158E-29 7.168E-06.07520.102 1417.37550.69-.007628       5 2 2 11       0 2 2 01                    R 14e     3366632430 9 9 711    31.0   29.0
 21 9446.576997 8.863E-29 7.463E-05.08110.111 1357.06440.68-.007717       2 2 2 32       0 2 2 01                    R  7f     2366632430 9 9 711    17.0   15.0
 21 9446.777979 1.870E-27 9.305E-05.06920.088 1031.12910.74-.011752       2 1 1 32       0 1 1 01                    P 30f     3666632430 9 9 711    59.0   61.0
 21 9447.030153 2.002E-27 1.017E-04.06470.071 1157.77410.73-.013832       2 0 0 32       0 0 0 01                    P 54e     3655532430 9 9 711   107.0  109.0
 21 9447.040684 3.915E-28 1.970E-04.07660.104 1346.31960.68-.008889       3 0 0 33       1 0 0 02                    R 12e     3366632430 9 9 711    27.0   25.0
 21 9447.048577 1.731E-28 2.203E-04.08110.111 1416.27720.68-.009148       3 0 0 32       1 0 0 01                    P  8e     3366632430 9 9 711    15.0   17.0
 21 9447.086259 1.353E-29 8.331E-06.07460.101 1429.12360.69-.007784       5 2 2 11       0 2 2 01                    R 15f     3366632430 9 9 711    33.0   31.0
 21 9447.198559 9.788E-29 7.603E-05.08010.109 1363.33080.68-.007984       2 2 2 32       0 2 2 01                    R  8e     2366632430 9 9 711    19.0   17.0
 21 9447.383744 2.745E-30 7.753E-09.08800.120    2.34130.70-.005440       3 1 1 21       0 0 0 01                    R  2e     3466632636 9 9 711     7.0    5.0
 21 9447.603107 2.268E-29 2.245E-06.06780.083 1216.35080.74-.011322       4 0 0 21       0 1 1 01                    P 37e     3466632636 9 9 711    73.0   75.0
 21 9447.637465 1.973E-27 9.045E-05.06940.089 1007.13350.73-.011658       2 1 1 32       0 1 1 01                    P 29e     3666632430 9 9 711    57.0   59.0
 21 9447.733270 1.430E-29 8.825E-06.07400.100 1441.65470.70-.007934       5 2 2 11       0 2 2 01                    R 16e     3366632430 9 9 711    35.0   33.0
 21 9447.800106 4.876E-30 4.747E-06.07740.105 1449.05080.68-.009044       4 1 1 21       1 0 0 01                    P 12e     3466632636 9 9 711    23.0   25.0
 21 9447.805640 1.058E-28 7.696E-05.07910.108 1370.38040.68-.008232       2 2 2 32       0 2 2 01                    R  9f     2366632430 9 9 711    21.0   19.0
 21 9448.049423 4.086E-28 1.985E-04.07520.102 1367.40260.69-.009275       3 0 0 33       1 0 0 02                    R 14e     3366632430 9 9 711    31.0   29.0
 21 9448.104213 1.084E-30 2.217E-04.06170.067 2907.11140.70-.015149       3 0 0 33       1 0 0 02                    R 64e     3355532430 9 9 711   131.0  129.0
 21 9448.390721 1.125E-28 7.763E-05.07820.107 1378.21320.68-.008464       2 2 2 32       0 2 2 01                    R 10e     2366632430 9 9 711    23.0   21.0
 21 9448.554274 1.739E-29 1.083E-05.07350.099 1454.96860.70-.008080       5 2 2 11       0 2 2 01                    R 17f     3366632430 9 9 711    37.0   35.0
 21 9448.846176 3.813E-30 7.040E-09.08470.116    7.80430.69-.006143       3 1 1 21       0 0 0 01                    R  4e     3466632636 9 9 711    11.0    9.0
 21 9448.892998 1.386E-28 2.273E-04.08340.114 1404.57190.68-.008713       3 0 0 32       1 0 0 01                    P  6e     3366632430 9 9 711    11.0   13.0
 21 9448.965381 1.178E-28 7.799E-05.07740.105 1386.82910.68-.008682       2 2 2 32       0 2 2 01                    R 11f     2366632430 9 9 711    25.0   23.0
 21 9448.981591 4.127E-28 1.997E-04.07400.100 1391.60780.70-.009631       3 0 0 33       1 0 0 02                    R 16e     3366632430 9 9 711    35.0   33.0
 21 9449.042498 1.692E-30 2.208E-04.06230.068 2808.24800.71-.014982       3 0 0 33       1 0 0 02                    R 62e     3355532430 9 9 711   127.0  125.0
 21 9449.153763 1.801E-29 1.140E-05.07300.098 1469.06550.70-.008221       5 2 2 11       0 2 2 01                    R 18e     3366632430 9 9 711    39.0   37.0
 21 9449.371743 2.187E-27 9.334E-05.06970.090  984.98900.73-.011563       2 1 1 32       0 1 1 01                    P 28f     3666632430 9 9 711    55.0   57.0
 21 9449.508901 3.338E-30 3.606E-06.07910.108 1431.10360.68-.008771       4 1 1 21       1 0 0 01                    P 10e     3466632636 9 9 711    19.0   21.0
 21 9449.513353 1.220E-28 7.829E-05.07660.104 1396.22820.68-.008889       2 2 2 32       0 2 2 01                    R 12e     3366632430 9 9 711    27.0   25.0
 21 9449.828039 2.832E-29 2.249E-06.06810.084 1159.37020.74-.011160       4 0 0 21       0 1 1 01                    P 35e     3466632636 9 9 711    69.0   71.0
 21 9449.837102 4.048E-28 2.008E-04.07300.098 1418.93480.70-.009965       3 0 0 33       1 0 0 02                    R 18e     3366632430 9 9 711    39.0   37.0
 21 9449.901654 2.599E-30 2.199E-04.06290.069 2712.47950.71-.014811       3 0 0 33       1 0 0 02                    R 60e     3355532430 9 9 711   123.0  121.0
 21 9449.996847 2.327E-29 1.506E-05.07250.097 1483.94500.71-.008358       5 2 2 11       0 2 2 01                    R 19f     3366632430 9 9 711    41.0   39.0
 21 9450.058257 1.244E-28 7.811E-05.07590.103 1406.41030.68-.009087       2 2 2 32       0 2 2 01                    R 13f     3366632430 9 9 711    29.0   27.0
 21 9450.245231 2.286E-27 9.084E-05.06990.091  962.62570.73-.011467       2 1 1 32       0 1 1 01                    P 27e     3666632430 9 9 711    53.0   55.0
 21 9450.264749 4.625E-30 6.531E-09.08220.112   16.38900.68-.006752       3 1 1 21       0 0 0 01                    R  6e     3466632636 9 9 711    15.0   13.0
 21 9450.539056 2.352E-29 1.567E-05.07200.096 1499.60730.71-.008491       5 2 2 11       0 2 2 01                    R 20e     3366632430 9 9 711    43.0   41.0
 21 9450.568109 1.261E-28 7.813E-05.07520.102 1417.37550.69-.009275       2 2 2 32       0 2 2 01                    R 14e     3366632430 9 9 711    31.0   29.0
 21 9450.615866 3.869E-28 2.019E-04.07200.096 1449.38310.71-.010279       3 0 0 33       1 0 0 02                    R 20e     3366632430 9 9 711    43.0   41.0
 21 9450.628722 2.893E-27 1.019E-04.06510.072 1074.43060.74-.013672       2 0 0 32       0 0 0 01                    P 52e     3655532430 9 9 711   103.0  105.0
 21 9450.651502 9.697E-29 2.398E-04.08620.118 1395.98790.69-.008151       3 0 0 32       1 0 0 01                    P  4e     3366632430 9 9 711     7.0    9.0
 21 9450.681737 3.928E-30 2.190E-04.06350.069 2619.80750.72-.014637       3 0 0 33       1 0 0 02                    R 58e     3355532430 9 9 711   119.0  117.0
 21 9451.087732 1.256E-28 7.741E-05.07460.101 1429.12360.69-.009457       2 2 2 32       0 2 2 01                    R 15f     3366632430 9 9 711    33.0   31.0
 21 9451.186606 1.915E-30 2.439E-06.08110.111 1416.27720.68-.008450       4 1 1 21       1 0 0 01                    P  8e     3466632636 9 9 711    15.0   17.0
 21 9451.317788 3.609E-28 2.029E-04.07120.095 1482.95210.72-.010580       3 0 0 33       1 0 0 02                    R 22e     3366632430 9 9 711    47.0   45.0
 21 9451.382817 5.842E-30 2.181E-04.06400.070 2530.23390.72-.014458       3 0 0 33       1 0 0 02                    R 56e     3355532430 9 9 711   115.0  113.0
 21 9451.390204 3.283E-29 2.264E-05.07160.095 1516.05210.71-.008621       5 2 2 11       0 2 2 01                    R 21f     3366632430 9 9 711    45.0   43.0
 21 9451.557852 1.250E-28 7.720E-05.07400.100 1441.65470.70-.009631       2 2 2 32       0 2 2 01                    R 16e     3366632430 9 9 711    35.0   33.0
 21 9451.639704 5.162E-30 6.093E-09.08010.109   28.09510.68-.007268       3 1 1 21       0 0 0 01                    R  8e     3466632636 9 9 711    19.0   17.0
 21 9451.868098 3.226E-29 2.316E-05.07120.095 1533.27970.72-.008749       5 2 2 11       0 2 2 01                    R 22e     3366632430 9 9 711    47.0   45.0
 21 9451.894010 2.506E-27 9.363E-05.07020.092  941.97360.73-.011370       2 1 1 32       0 1 1 01                    P 26f     3666632430 9 9 711    51.0   53.0
 21 9451.942765 3.291E-28 2.038E-04.07050.093 1519.64110.72-.010867       3 0 0 33       1 0 0 02                    R 24e     3366632430 9 9 711    51.0   49.0
 21 9452.004977 8.548E-30 2.172E-04.06450.071 2443.76040.73-.014274       3 0 0 33       1 0 0 02                    R 54e     3355532430 9 9 711   111.0  109.0
 21 9452.017855 3.451E-29 2.240E-06.06850.086 1105.50650.74-.010996       4 0 0 21       0 1 1 01                    P 33e     3466632636 9 9 711    65.0   67.0
 21 9452.060068 1.212E-28 7.555E-05.07350.099 1454.96860.70-.009800       2 2 2 32       0 2 2 01                    R 17f     3366632430 9 9 711    37.0   35.0
 21 9452.322655 5.002E-29 2.812E-04.09030.123 1390.52530.69-.007278       3 0 0 32       1 0 0 01                    P  2e     3366632430 9 9 711     3.0    5.0
 21 9452.487826 1.187E-28 7.519E-05.07300.098 1469.06550.70-.009965       2 2 2 32       0 2 2 01                    R 18e     2366632430 9 9 711    39.0   37.0
 21 9452.490693 2.938E-28 2.048E-04.06990.091 1559.44940.73-.011144       3 0 0 33       1 0 0 02                    R 26e     3366632430 9 9 711    55.0   53.0
 21 9452.548310 1.230E-29 2.162E-04.06490.072 2360.38860.73-.014087       3 0 0 33       1 0 0 02                    R 52e     3355532430 9 9 711   107.0  105.0
 21 9452.683319 4.778E-29 3.592E-05.07090.094 1551.28950.72-.008873       5 2 2 11       0 2 2 01                    R 23f     3366632430 9 9 711    49.0   47.0
 21 9452.780157 2.595E-27 9.126E-05.07050.093  921.23810.72-.011273       2 1 1 32       0 1 1 01                    P 25e     3666632430 9 9 711    49.0   51.0
 21 9452.961461 2.569E-28 2.056E-04.06940.089 1602.37630.73-.011412       3 0 0 33       1 0 0 02                    R 28e     3366632430 9 9 711    59.0   57.0
 21 9452.971120 5.425E-30 5.687E-09.07820.107   42.92250.68-.007714       3 1 1 21       0 0 0 01                    R 10e     3466632636 9 9 711    23.0   21.0
 21 9452.987430 1.108E-28 7.177E-05.07250.097 1483.94500.71-.010124       2 2 2 32       0 2 2 01                    R 19f     2366632430 9 9 711    41.0   39.0
 21 9453.012916 1.742E-29 2.153E-04.06530.073 2280.12000.74-.013894       3 0 0 33       1 0 0 02                    R 50e     3355532430 9 9 711   103.0  101.0
 21 9453.096645 4.581E-29 3.626E-05.07050.093 1570.08210.72-.008995       5 2 2 11       0 2 2 01                    R 24e     3366632430 9 9 711    51.0   49.0
 21 9453.354948 2.202E-28 2.065E-04.06890.088 1648.42100.74-.011670       3 0 0 33       1 0 0 02                    R 30e     3366632430 9 9 711    63.0   61.0
 21 9453.368266 1.070E-28 7.132E-05.07200.096 1499.60730.71-.010279       2 2 2 32       0 2 2 01                    R 20e     2366632430 9 9 711    43.0   41.0
 21 9453.398889 2.426E-29 2.144E-04.06570.074 2202.95620.74-.013697       3 0 0 33       1 0 0 02                    R 48e     3365632430 9 9 711    99.0   97.0
 21 9453.671048 1.852E-28 2.074E-04.06850.086 1697.58250.74-.011921       3 0 0 33       1 0 0 02                    R 32e     3366632430 9 9 711    67.0   65.0
 21 9453.706450 3.323E-29 2.136E-04.06610.075 2128.89870.74-.013495       3 0 0 33       1 0 0 02                    R 46e     3365632430 9 9 711    95.0   93.0
 21 9453.793366 6.488E-29 5.436E-05.07020.092 1589.65660.73-.011007       2 2 2 32       0 2 2 01                    R 25f     3366632430 9 9 711    53.0   51.0
 21 9453.895057 9.360E-29 6.458E-05.07160.095 1516.05210.71-.010431       2 2 2 32       0 2 2 01                    R 21f     2366632430 9 9 711    45.0   43.0
 21 9453.909635 1.528E-28 2.082E-04.06810.084 1749.86000.74-.012165       3 0 0 33       1 0 0 02                    R 34e     3366632430 9 9 711    71.0   69.0
 21 9453.935532 4.475E-29 2.127E-04.06650.077 2057.94880.74-.013287       3 0 0 33       1 0 0 02                    R 44e     3365632430 9 9 711    91.0   89.0
 21 9454.070586 1.239E-28 2.092E-04.06780.083 1805.25230.74-.012402       3 0 0 33       1 0 0 02                    R 36e     3366632430 9 9 711    75.0   73.0
 21 9454.086374 5.924E-29 2.118E-04.06680.078 1990.10800.75-.013075       3 0 0 33       1 0 0 02                    R 42e     3365632430 9 9 711    87.0   85.0
 21 9454.149858 4.112E-27 1.021E-04.06550.074  994.19130.74-.013509       2 0 0 32       0 0 0 01                    P 50e     3655532430 9 9 711    99.0  101.0
 21 9454.150310 6.145E-29 5.478E-05.06990.091 1610.01380.73-.011144       2 2 2 32       0 2 2 01                    R 26e     3366632430 9 9 711    55.0   53.0
 21 9454.153776 9.858E-29 2.100E-04.06750.081 1863.75860.75-.012632       3 0 0 33       1 0 0 02                    R 38e     3366632430 9 9 711    79.0   77.0
 21 9454.159081 7.709E-29 2.109E-04.06710.080 1925.37750.75-.012856       3 0 0 33       1 0 0 02                    R 40e     3366632430 9 9 711    83.0   81.0
 21 9454.171981 4.095E-29 2.214E-06.06890.088 1054.76060.74-.010830       4 0 0 21       0 1 1 01                    P 31e     3466632636 9 9 711    61.0   63.0
 21 9454.192739 1.338E-30 9.514E-06.06630.076 2145.29050.74-.011145       5 2 2 11       0 2 2 01                    R 45f     3365632430 9 9 711    93.0   91.0
 21 9454.220491 8.928E-29 6.414E-05.07120.095 1533.27970.72-.010580       2 2 2 32       0 2 2 01                    R 22e     2366632430 9 9 711    47.0   45.0
 21 9454.258672 5.434E-30 5.296E-09.07660.104   60.87090.68-.008110       3 1 1 21       0 0 0 01                    R 12e     3466632636 9 9 711    27.0   25.0
 21 9454.344595 2.812E-27 9.396E-05.07090.094  902.08370.72-.011174       2 1 1 32       0 1 1 01                    P 24f     3666632430 9 9 711    47.0   49.0
 21 9454.407919 1.468E-30 8.689E-05.06370.070 2628.47380.72-.014548       2 2 2 32       0 2 2 01                    R 57f     3355532430 9 9 711   117.0  115.0
 21 9454.663785 2.535E-29 1.410E-04.09490.127 1388.18420.69-.005491       3 0 0 32       1 0 0 01                    R  0e     3366632430 9 9 711     3.0    1.0
 21 9454.665750 7.375E-29 7.031E-05.06970.090 1631.15270.73-.011279       2 2 2 32       0 2 2 01                    R 27f     3366632430 9 9 711    57.0   55.0
 21 9454.835042 6.860E-29 5.160E-05.07090.094 1551.28950.72-.010725       2 2 2 32       0 2 2 01                    R 23f     2366632430 9 9 711    49.0   47.0
 21 9454.900697 2.124E-30 8.474E-05.06420.070 2540.15630.73-.014367       2 2 2 32       0 2 2 01                    R 55f     3355532430 9 9 711   113.0  111.0
 21 9454.912619 2.100E-30 2.039E-05.06590.075 2218.02950.74-.011319       5 2 2 11       0 2 2 01                    R 47f     3365632430 9 9 711    97.0   95.0
 21 9454.974260 6.944E-29 7.115E-05.06940.089 1653.07420.73-.011412       2 2 2 32       0 2 2 01                    R 28e     3366632430 9 9 711    59.0   57.0
 21 9455.089151 6.477E-29 5.129E-05.07050.093 1570.08210.72-.010867       2 2 2 32       0 2 2 01                    R 24e     3366632430 9 9 711    51.0   49.0
 21 9455.241793 2.883E-27 9.171E-05.07120.095  882.97140.72-.011074       2 1 1 32       0 1 1 01                    P 23e     3666632430 9 9 711    45.0   47.0
 21 9455.278541 2.928E-30 8.005E-05.06470.071 2454.95160.73-.014181       2 2 2 32       0 2 2 01                    R 53f     3355532430 9 9 711   109.0  107.0
 21 9455.332354 7.167E-29 7.932E-05.06920.088 1675.77720.74-.011542       2 2 2 32       0 2 2 01                    R 29f     3366632430 9 9 711    61.0   59.0
 21 9455.389329 3.395E-30 4.578E-05.06550.074 2293.88680.74-.011487       5 2 2 11       0 2 2 01                    R 49f     3365632430 9 9 711   101.0   99.0
 21 9455.401399 1.198E-30 5.811E-05.06400.070 2583.91970.72-.014458       2 2 2 32       0 2 2 01                    R 56e     3355532430 9 9 711   115.0  113.0
 21 9455.484436 3.588E-30 6.833E-05.06510.072 2372.86130.74-.013991       2 2 2 32       0 2 2 01                    R 51f     3355532430 9 9 711   105.0  103.0
 21 9455.502783 5.221E-30 4.911E-09.07520.102   81.94010.69-.008470       3 1 1 21       0 0 0 01                    R 14e     3466632636 9 9 711    31.0   29.0
 21 9455.594732 6.687E-29 8.033E-05.06890.088 1699.26250.74-.011670       2 2 2 32       0 2 2 01                    R 30e     3366632430 9 9 711    63.0   61.0
 21 9455.725585 2.225E-30 7.334E-05.06450.071 2497.16000.73-.014274       2 2 2 32       0 2 2 01                    R 54e     3355532430 9 9 711   111.0  109.0
 21 9455.850703 6.385E-29 8.365E-05.06870.087 1723.52920.74-.011797       2 2 2 32       0 2 2 01                    R 31f     3366632430 9 9 711    65.0   63.0
 21 9455.890837 3.985E-29 3.340E-05.07020.092 1589.65660.73-.009115       5 2 2 11       0 2 2 01                    R 25f     2366632430 9 9 711    53.0   51.0
 21 9456.049190 3.697E-29 3.297E-05.06990.091 1610.01380.73-.009232       5 2 2 11       0 2 2 01                    R 26e     2366632430 9 9 711    55.0   53.0
 21 9456.067180 5.889E-29 8.455E-05.06850.086 1748.57800.74-.011921       2 2 2 32       0 2 2 01                    R 32e     3366632430 9 9 711    67.0   65.0
 21 9456.069363 3.530E-30 8.039E-05.06490.072 2413.51360.73-.014087       2 2 2 32       0 2 2 01                    R 52e     3355532430 9 9 711   107.0  105.0
 21 9456.114105 7.503E-29 1.809E-04.08800.120 1390.52530.70-.006010       3 0 0 32       1 0 0 01                    R  2e     3366632430 9 9 711     7.0    5.0
 21 9456.257290 5.422E-29 8.570E-05.06830.085 1774.40790.74-.012044       2 2 2 32       0 2 2 01                    R 33f     3366632430 9 9 711    69.0   67.0
 21 9456.289669 4.725E-29 2.170E-06.06940.089 1007.13340.73-.010661       4 0 0 21       0 1 1 01                    P 29e     3466632636 9 9 711    57.0   59.0
 21 9456.379937 5.238E-30 8.378E-05.06530.073 2332.98210.74-.013894       2 2 2 32       0 2 2 01                    R 50e     3355532430 9 9 711   103.0  101.0
 21 9456.427421 4.946E-29 8.647E-05.06810.084 1801.01980.74-.012165       2 2 2 32       0 2 2 01                    R 34e     3366632430 9 9 711    71.0   69.0
 21 9456.570954 4.461E-29 8.666E-05.06800.084 1828.41260.74-.012284       2 2 2 32       0 2 2 01                    R 35f     3366632430 9 9 711    73.0   71.0
 21 9456.635661 7.491E-30 8.557E-05.06570.074 2255.56680.74-.013697       2 2 2 32       0 2 2 01                    R 48e     3365632430 9 9 711    99.0   97.0
 21 9456.693471 4.027E-29 8.732E-05.06780.083 1856.58700.74-.012402       2 2 2 32       0 2 2 01                    R 36e     3366632430 9 9 711    75.0   73.0
 21 9456.703384 4.831E-30 4.529E-09.07400.100  106.12970.70-.008801       3 1 1 21       0 0 0 01                    R 16e     3466632636 9 9 711    35.0   33.0
 21 9456.723346 3.085E-27 9.428E-05.07160.095  865.31990.71-.010973       2 1 1 32       0 1 1 01                    P 22f     3666632430 9 9 711    43.0   45.0
 21 9456.802028 3.578E-29 8.699E-05.06760.082 1885.54220.75-.012518       2 2 2 32       0 2 2 01                    R 37f     3366632430 9 9 711    77.0   75.0
 21 9456.827080 1.044E-29 8.661E-05.06610.075 2181.26900.74-.013495       2 2 2 32       0 2 2 01                    R 46e     3365632430 9 9 711    95.0   93.0
 21 9456.874460 3.202E-29 8.768E-05.06750.081 1915.27870.75-.012632       2 2 2 32       0 2 2 01                    R 38e     3366632430 9 9 711    79.0   77.0
 21 9456.949386 1.423E-29 8.720E-05.06650.077 2110.09010.74-.013287       2 2 2 32       0 2 2 01                    R 44e     3365632430 9 9 711    91.0   89.0
 21 9456.957529 2.802E-29 8.680E-05.06730.080 1945.79590.75-.012745       2 2 2 32       0 2 2 01                    R 39f     3366632430 9 9 711    81.0   79.0
 21 9456.975446 2.493E-29 8.775E-05.06710.080 1977.09380.75-.012856       2 2 2 32       0 2 2 01                    R 40e     3366632430 9 9 711    83.0   81.0
 21 9456.999618 1.902E-29 8.757E-05.06680.078 2042.03130.75-.013075       2 2 2 32       0 2 2 01                    R 42e     3365632430 9 9 711    87.0   85.0
 21 9457.044276 2.142E-29 8.605E-05.06700.079 2009.17250.75-.012966       2 2 2 32       0 2 2 01                    R 41f     3365632430 9 9 711    85.0   83.0
 21 9457.062631 1.124E-29 7.998E-05.06630.076 2145.29050.74-.013392       2 2 2 32       0 2 2 01                    R 45f     3365632430 9 9 711    93.0   91.0
 21 9457.069037 7.124E-30 6.921E-05.06590.075 2218.02950.74-.013597       2 2 2 32       0 2 2 01                    R 47f     3365632430 9 9 711    97.0   95.0
 21 9457.072345 1.589E-29 8.423E-05.06660.077 2075.67110.74-.013182       2 2 2 32       0 2 2 01                    R 43f     3365632430 9 9 711    89.0   87.0
 21 9457.117195 1.848E-29 1.763E-05.06970.090 1631.15270.73-.009348       5 2 2 11       0 2 2 01                    R 27f     2366632430 9 9 711    57.0   55.0
 21 9457.156140 1.633E-29 1.674E-05.06940.089 1653.07420.73-.009461       5 2 2 11       0 2 2 01                    R 28e     2366632430 9 9 711    59.0   57.0
 21 9457.225369 3.254E-30 4.390E-05.06550.074 2293.88680.74-.013796       2 2 2 32       0 2 2 01                    R 49f     3365632430 9 9 711   101.0   99.0
 21 9457.476998 1.213E-28 1.912E-04.08470.116 1395.98790.69-.006773       3 0 0 32       1 0 0 01                    R  4e     3366632430 9 9 711    11.0    9.0
 21 9457.593513 5.747E-27 1.022E-04.06590.075  917.05730.74-.013344       2 0 0 32       0 0 0 01                    P 48e     3665632430 9 9 711    95.0   97.0
 21 9457.629704 3.132E-27 9.222E-05.07200.096  847.82630.71-.010870       2 1 1 32       0 1 1 01                    P 21e     3666632430 9 9 711    41.0   43.0
 21 9457.672369 1.124E-30 2.141E-05.06510.072 2372.86130.74-.011652       5 2 2 11       0 2 2 01                    R 51f     3355532430 9 9 711   105.0  103.0
 21 9457.860756 4.313E-30 4.144E-09.07300.098  133.43930.70-.009112       3 1 1 21       0 0 0 01                    R 18e     3466632636 9 9 711    39.0   37.0
 21 9458.370433 5.287E-29 2.104E-06.06990.091  962.62560.73-.010490       4 0 0 21       0 1 1 01                    P 27e     3466632636 9 9 711    53.0   55.0
 21 9458.384594 6.386E-30 7.676E-06.06890.088 1699.26250.74-.009682       5 2 2 11       0 2 2 01                    R 30e     2366632430 9 9 711    63.0   61.0
 21 9458.481937 7.878E-30 8.725E-06.06920.088 1675.77720.74-.009572       5 2 2 11       0 2 2 01                    R 29f     2366632430 9 9 711    61.0   59.0
 21 9458.753851 1.619E-28 1.951E-04.08220.112 1404.57190.68-.007429       3 0 0 32       1 0 0 01                    R  6e     3366632430 9 9 711    15.0   13.0
 21 9458.975060 3.718E-30 3.758E-09.07200.096  163.86840.71-.009405       3 1 1 21       0 0 0 01                    R 20e     3466632636 9 9 711    43.0   41.0
 21 9459.030136 3.306E-27 9.464E-05.07250.097  831.68290.71-.010766       2 1 1 32       0 1 1 01                    P 20f     3666632430 9 9 711    39.0   41.0
 21 9459.680027 2.445E-30 3.513E-06.06850.086 1748.57800.74-.009896       5 2 2 11       0 2 2 01                    R 32e     3366632430 9 9 711    67.0   65.0
 21 9459.926843 3.395E-30 4.452E-06.06870.087 1723.52920.74-.009790       5 2 2 11       0 2 2 01                    R 31f     2366632430 9 9 711    65.0   63.0
 21 9459.943447 3.321E-27 9.278E-05.07300.098  815.80320.70-.010659       2 1 1 32       0 1 1 01                    P 19e     3666632430 9 9 711    37.0   39.0
 21 9459.946299 1.954E-28 1.969E-04.08010.109 1416.27720.68-.007984       3 0 0 32       1 0 0 01                    R  8e     3366632430 9 9 711    19.0   17.0
 21 9460.046211 3.095E-30 3.370E-09.07120.095  197.41660.72-.009684       3 1 1 21       0 0 0 01                    R 22e     3466632636 9 9 711    47.0   45.0
 21 9460.413942 5.720E-29 2.015E-06.07050.093  921.23800.72-.010316       4 0 0 21       0 1 1 01                    P 25e     3466632636 9 9 711    49.0   51.0
 21 9460.959648 7.899E-27 1.024E-04.06630.076  843.03010.74-.013176       2 0 0 32       0 0 0 01                    P 46e     3665632430 9 9 711    91.0   93.0
 21 9461.055980 2.209E-28 1.976E-04.07820.107 1431.10360.68-.008464       3 0 0 32       1 0 0 01                    R 10e     3366632430 9 9 711    23.0   21.0
 21 9461.074554 2.485E-30 2.980E-09.07050.093  234.08330.72-.009952       3 1 1 21       0 0 0 01                    R 24e     3466632636 9 9 711    51.0   49.0
 21 9461.264856 3.453E-27 9.501E-05.07350.099  801.17310.70-.010550       2 1 1 32       0 1 1 01                    P 18f     3666632430 9 9 711    35.0   37.0
 21 9461.414397 1.505E-30 2.381E-06.06830.085 1774.40790.74-.010001       5 2 2 11       0 2 2 01                    R 33f     3366632430 9 9 711    69.0   67.0
 21 9461.418616 1.323E-30 2.087E-06.08470.116 1395.98790.69-.006143       4 1 1 21       1 0 0 01                    R  4e     3466632636 9 9 711    11.0    9.0
 21 9462.060419 1.919E-30 2.590E-09.06990.091  273.86800.73-.010209       3 1 1 21       0 0 0 01                    R 26e     3466632636 9 9 711    55.0   53.0
 21 9462.084366 2.379E-28 1.979E-04.07660.104 1449.05090.68-.008889       3 0 0 32       1 0 0 01                    R 12e     3366632430 9 9 711    27.0   25.0
 21 9462.182551 3.430E-27 9.341E-05.07400.100  786.90280.70-.010438       2 1 1 32       0 1 1 01                    P 17e     3666632430 9 9 711    33.0   35.0
 21 9462.419151 5.958E-29 1.898E-06.07120.095  882.97130.72-.010139       4 0 0 21       0 1 1 01                    P 23e     3466632636 9 9 711    45.0   47.0
 21 9462.891870 2.828E-30 3.412E-06.08220.112 1404.57190.68-.006752       4 1 1 21       1 0 0 01                    R  6e     3466632636 9 9 711    15.0   13.0
 21 9463.003559 1.421E-30 2.203E-09.06940.089  316.76980.73-.010457       3 1 1 21       0 0 0 01                    R 28e     3466632636 9 9 711    59.0   57.0
 21 9463.032679 2.465E-28 1.979E-04.07520.102 1470.11880.69-.009275       3 0 0 32       1 0 0 01                    R 14e     3366632430 9 9 711    31.0   29.0
 21 9463.054054 1.114E-30 1.217E-07.06760.082 1246.92050.75-.012500       2 1 1 32       0 1 1 01                    Q 38f     3366632430 9 9 711    77.0   77.0
 21 9463.427415 3.508E-27 9.544E-05.07460.101  773.79110.69-.010322       2 1 1 32       0 1 1 01                    P 16f     3666632430 9 9 711    31.0   33.0
 21 9463.539648 1.416E-30 1.975E-04.06290.069 2814.74520.71-.014811       3 0 0 32       1 0 0 01                    R 60e     3355532430 9 9 711   123.0  121.0
 21 9463.901872 2.474E-28 1.979E-04.07400.100 1494.30710.70-.009631       3 0 0 32       1 0 0 01                    R 16e     3366632430 9 9 711    35.0   33.0
 21 9463.904609 1.004E-30 1.823E-09.06890.088  362.78820.74-.010698       3 1 1 21       0 0 0 01                    R 30e     3466632636 9 9 711    63.0   61.0
 21 9464.248232 1.067E-26 1.026E-04.06660.077  772.11070.74-.013006       2 0 0 32       0 0 0 01                    P 44e     3665632430 9 9 711    87.0   89.0
 21 9464.330665 2.164E-30 1.989E-04.06350.069 2722.07220.72-.014637       3 0 0 32       1 0 0 01                    R 58e     3355532430 9 9 711   119.0  117.0
 21 9464.335296 4.776E-30 4.816E-06.08010.109 1416.27720.68-.007268       4 1 1 21       1 0 0 01                    R  8e     3466632636 9 9 711    19.0   17.0
 21 9464.346505 3.441E-27 9.412E-05.07520.102  761.12550.69-.010203       2 1 1 32       0 1 1 01                    P 15e     3666632430 9 9 711    29.0   31.0
 21 9464.386472 5.947E-29 1.754E-06.07200.096  847.82620.71-.009957       4 0 0 21       0 1 1 01                    P 21e     3466632636 9 9 711    41.0   43.0
 21 9464.550486 1.567E-30 1.358E-07.06800.084 1188.28970.74-.012294       2 1 1 32       0 1 1 01                    Q 36f     3366632430 9 9 711    73.0   73.0
 21 9464.692645 2.414E-28 1.979E-04.07300.098 1521.61540.70-.009965       3 0 0 32       1 0 0 01                    R 18e     3366632430 9 9 711    39.0   37.0
 21 9465.062863 3.240E-30 1.994E-04.06400.070 2632.50220.72-.014458       3 0 0 32       1 0 0 01                    R 56e     3355532430 9 9 711   115.0  113.0
 21 9465.405491 2.296E-28 1.980E-04.07200.096 1552.04330.71-.010279       3 0 0 32       1 0 0 01                    R 20e     3366632430 9 9 711    43.0   41.0
 21 9465.517736 3.453E-27 9.591E-05.07590.103  749.53740.68-.010078       2 1 1 32       0 1 1 01                    P 14f     3666632430 9 9 711    27.0   29.0
 21 9465.726492 4.767E-30 1.997E-04.06450.071 2546.03630.73-.014274       3 0 0 32       1 0 0 01                    R 54e     3355532430 9 9 711   111.0  109.0
 21 9465.747381 6.899E-30 6.179E-06.07820.107 1431.10360.68-.007714       4 1 1 21       1 0 0 01                    R 10e     3466632636 9 9 711    23.0   21.0
 21 9465.972489 2.175E-30 1.523E-07.06830.085 1132.78030.74-.012083       2 1 1 32       0 1 1 01                    Q 34f     3366632430 9 9 711    69.0   69.0
 21 9466.040737 2.132E-28 1.980E-04.07120.095 1585.59040.72-.010580       3 0 0 32       1 0 0 01                    R 22e     3366632430 9 9 711    47.0   45.0
 21 9466.262915 1.375E-30 1.330E-07.06780.083 1216.35100.74-.012398       2 1 1 32       0 1 1 01                    Q 37e     3366632430 9 9 711    75.0   75.0
 21 9466.315486 5.652E-29 1.581E-06.07300.098  815.80310.70-.009768       4 0 0 21       0 1 1 01                    P 19e     3466632636 9 9 711    37.0   39.0
 21 9466.317793 6.896E-30 1.999E-04.06490.072 2462.67570.73-.014087       3 0 0 32       1 0 0 01                    R 52e     3355532430 9 9 711   107.0  105.0
 21 9466.434754 3.339E-27 9.494E-05.07660.104  738.47170.68-.009947       2 1 1 32       0 1 1 01                    P 13e     3666632430 9 9 711    25.0   27.0
 21 9466.499075 1.028E-30 1.147E-09.07250.097  163.86840.71-.009321      -2-2-2-20       0 0 0 01                    P 20e     3466632636 9 9 711    39.0   41.0
 21 9466.598589 1.937E-28 1.981E-04.07050.093 1622.25620.72-.010867       3 0 0 32       1 0 0 01                    R 24e     3366632430 9 9 711    51.0   49.0
 21 9466.834929 9.810E-30 2.000E-04.06530.073 2382.42160.74-.013894       3 0 0 32       1 0 0 01                    R 50e     3355532430 9 9 711   103.0  101.0
 21 9467.079165 1.723E-28 1.983E-04.06990.091 1662.04020.73-.011144       3 0 0 32       1 0 0 01                    R 26e     3366632430 9 9 711    55.0   53.0
 21 9467.126966 8.907E-30 7.417E-06.07660.104 1449.05080.68-.008110       4 1 1 21       1 0 0 01                    R 12e     3466632636 9 9 711    27.0   25.0
 21 9467.276860 1.372E-29 2.000E-04.06570.074 2305.27510.74-.013697       3 0 0 32       1 0 0 01                    R 48e     3365632430 9 9 711    99.0   97.0
 21 9467.318939 2.983E-30 1.719E-07.06870.087 1080.39310.74-.011868       2 1 1 32       0 1 1 01                    Q 32f     3366632430 9 9 711    65.0   65.0
 21 9467.459240 1.417E-26 1.028E-04.06700.079  704.30050.75-.012834       2 0 0 32       0 0 0 01                    P 42e     3665632430 9 9 711    83.0   85.0
 21 9467.482526 1.502E-28 1.986E-04.06940.089 1704.94190.73-.011412       3 0 0 32       1 0 0 01                    R 28e     3366632430 9 9 711    59.0   57.0
 21 9467.489656 1.919E-30 1.487E-07.06810.084 1159.37030.74-.012189       2 1 1 32       0 1 1 01                    Q 35e     3366632430 9 9 711    71.0   71.0
 21 9467.535751 3.278E-27 9.649E-05.07740.105  728.41230.68-.009809       2 1 1 32       0 1 1 01                    P 12f     3666632430 9 9 711    23.0   25.0
 21 9467.642938 1.887E-29 2.000E-04.06610.075 2231.23730.74-.013495       3 0 0 32       1 0 0 01                    R 46e     3365632430 9 9 711    95.0   93.0
 21 9467.808700 1.284E-28 1.988E-04.06890.088 1750.96060.74-.011670       3 0 0 32       1 0 0 01                    R 30e     3366632430 9 9 711    63.0   61.0
 21 9467.932728 2.551E-29 2.000E-04.06650.077 2160.30910.74-.013287       3 0 0 32       1 0 0 01                    R 44e     3365632430 9 9 711    91.0   89.0
 21 9468.029993 1.076E-30 1.155E-09.07350.099  133.43930.70-.009143      -2-2-2-20       0 0 0 01                    P 18e     3466632636 9 9 711    35.0   37.0
 21 9468.057700 1.077E-28 1.991E-04.06850.086 1800.09570.74-.011921       3 0 0 32       1 0 0 01                    R 32e     3366632430 9 9 711    67.0   65.0
 21 9468.145933 3.390E-29 1.999E-04.06680.078 2092.49160.75-.013075       3 0 0 32       1 0 0 01                    R 42e     3365632430 9 9 711    87.0   85.0
 21 9468.205970 5.069E-29 1.382E-06.07400.100  786.90270.70-.009571       4 0 0 21       0 1 1 01                    P 17e     3466632636 9 9 711    33.0   35.0
 21 9468.229534 8.860E-29 1.993E-04.06810.084 1852.34660.74-.012165       3 0 0 32       1 0 0 01                    R 34e     3366632430 9 9 711    71.0   69.0
 21 9468.282340 4.426E-29 1.998E-04.06710.080 2027.78570.75-.012856       3 0 0 32       1 0 0 01                    R 40e     3366632430 9 9 711    83.0   81.0
 21 9468.324223 7.158E-29 1.995E-04.06780.083 1907.71230.74-.012402       3 0 0 32       1 0 0 01                    R 36e     3366632430 9 9 711    75.0   73.0
 21 9468.341804 5.679E-29 1.997E-04.06750.081 1966.19230.75-.012632       3 0 0 32       1 0 0 01                    R 38e     3366632430 9 9 711    79.0   77.0
 21 9468.446704 3.113E-27 9.587E-05.07820.107  718.94190.68-.009662       2 1 1 32       0 1 1 01                    P 11e     3666632430 9 9 711    21.0   23.0
 21 9468.473045 1.055E-29 8.479E-06.07520.102 1470.11880.69-.008470       4 1 1 21       1 0 0 01                    R 14e     3466632636 9 9 711    31.0   29.0
 21 9468.588984 4.044E-30 1.955E-07.06920.088 1031.12910.74-.011647       2 1 1 32       0 1 1 01                    Q 30f     3366632430 9 9 711    61.0   61.0
 21 9468.650604 2.644E-30 1.671E-07.06850.086 1105.50660.74-.011976       2 1 1 32       0 1 1 01                    Q 33e     3366632430 9 9 711    67.0   67.0
 21 9469.481401 2.976E-27 9.721E-05.07910.108  710.41630.68-.009504       2 1 1 32       0 1 1 01                    P 10f     3666632430 9 9 711    19.0   21.0
 21 9469.563386 1.093E-30 1.160E-09.07460.101  106.12970.69-.008955      -2-2-2-20       0 0 0 01                    P 16e     3466632636 9 9 711    31.0   33.0
 21 9469.745348 3.600E-30 1.891E-07.06890.088 1054.76070.74-.011758       2 1 1 32       0 1 1 01                    Q 31e     3366632430 9 9 711    63.0   63.0
 21 9469.781954 5.423E-30 2.243E-07.06970.090  984.98900.73-.011421       2 1 1 32       0 1 1 01                    Q 28f     3366632430 9 9 711    57.0   57.0
 21 9469.785013 1.169E-29 9.362E-06.07400.100 1494.30710.70-.008801       4 1 1 21       1 0 0 01                    R 16e     3466632636 9 9 711    35.0   33.0
 21 9470.058162 4.240E-29 1.161E-06.07520.102  761.12540.69-.009361       4 0 0 21       0 1 1 01                    P 15e     3466632636 9 9 711    29.0   31.0
 21 9470.381734 2.759E-27 9.695E-05.08010.109  702.53630.68-.009334       2 1 1 32       0 1 1 01                    P  9e     3666632430 9 9 711    17.0   19.0
 21 9470.592652 1.850E-26 1.030E-04.06730.080  639.60040.75-.012660       2 0 0 32       0 0 0 01                    P 40e     3666632430 9 9 711    79.0   81.0
 21 9470.773571 4.848E-30 2.158E-07.06940.089 1007.13350.73-.011535       2 1 1 32       0 1 1 01                    Q 29e     3366632430 9 9 711    59.0   59.0
 21 9470.897302 7.199E-30 2.599E-07.07020.092  941.97360.73-.011189       2 1 1 32       0 1 1 01                    Q 26f     3366632430 9 9 711    53.0   53.0
 21 9471.062565 1.224E-29 1.005E-05.07300.098 1521.61540.70-.009112       4 1 1 21       1 0 0 01                    R 18e     3466632636 9 9 711    39.0   37.0
 21 9471.099490 1.074E-30 1.164E-09.07590.103   81.94010.68-.008753      -2-2-2-20       0 0 0 01                    P 14e     3466632636 9 9 711    27.0   29.0
 21 9471.354635 2.548E-27 9.811E-05.08110.111  695.54950.68-.009148       2 1 1 32       0 1 1 01                    P  8f     3666632430 9 9 711    15.0   17.0
 21 9471.735025 6.458E-30 2.484E-07.06990.091  962.62570.73-.011305       2 1 1 32       0 1 1 01                    Q 27e     3366632430 9 9 711    55.0   55.0
 21 9471.871982 3.251E-29 9.254E-07.07660.104  738.47160.68-.009133       4 0 0 21       0 1 1 01                    P 13e     3466632636 9 9 711    25.0   27.0
 21 9471.934559 9.467E-30 3.046E-07.07090.094  902.08370.72-.010949       2 1 1 32       0 1 1 01                    Q 24f     3366632430 9 9 711    49.0   49.0
 21 9472.239230 2.279E-27 9.822E-05.08220.112  689.25530.68-.008942       2 1 1 32       0 1 1 01                    P  7e     3666632430 9 9 711    13.0   15.0
 21 9472.305775 1.224E-29 1.057E-05.07200.096 1552.04330.71-.009405       4 1 1 21       1 0 0 01                    R 20e     3466632636 9 9 711    43.0   41.0
 21 9472.629513 8.519E-30 2.890E-07.07050.093  921.23810.72-.011070       2 1 1 32       0 1 1 01                    Q 25e     3366632430 9 9 711    51.0   51.0
 21 9472.638550 1.015E-30 1.166E-09.07740.105   60.87090.68-.008530      -2-2-2-20       0 0 0 01                    P 12e     3466632636 9 9 711    23.0   25.0
 21 9472.638630 4.780E-30 1.208E-07.07250.097  815.80310.71-.009260       3 2 2 21       0 1 1 01                    R 19e     4366631221 9 9 711    41.0   39.0
 21 9472.893298 1.235E-29 3.619E-07.07160.095  865.31990.71-.010702       2 1 1 32       0 1 1 01                    Q 22f     3366632430 9 9 711    45.0   45.0
 21 9472.980690 4.750E-30 1.237E-07.07200.096  831.68280.71-.009405       3 2 2 21       0 1 1 01                    R 20f     4366631221 9 9 711    43.0   41.0
 21 9473.155406 2.000E-27 9.923E-05.08340.114  683.81240.68-.008713       2 1 1 32       0 1 1 01                    P  6f     3666632430 9 9 711    11.0   13.0
 21 9473.456882 1.114E-29 3.406E-07.07120.095  882.97140.72-.010827       2 1 1 32       0 1 1 01                    Q 23e     3366632430 9 9 711    47.0   47.0
 21 9473.514900 1.176E-29 1.094E-05.07120.095 1585.59030.72-.009684       4 1 1 21       1 0 0 01                    R 22e     3466632636 9 9 711    47.0   45.0
 21 9473.647544 2.225E-29 6.860E-07.07820.107  718.94190.68-.008879       4 0 0 21       0 1 1 01                    P 11e     3466632636 9 9 711    21.0   23.0
 21 9473.648455 2.372E-26 1.032E-04.06760.082  578.01160.75-.012483       2 0 0 32       0 0 0 01                    P 38e     3666632430 9 9 711    75.0   77.0
 21 9473.773109 1.599E-29 4.368E-07.07250.097  831.68290.71-.010445       2 1 1 32       0 1 1 01                    Q 20f     3366632430 9 9 711    41.0   41.0
 21 9473.807460 5.850E-30 1.575E-07.07160.095  847.82620.71-.009546       3 2 2 21       0 1 1 01                    R 21e     4366631221 9 9 711    45.0   43.0
 21 9474.018619 1.682E-27 9.970E-05.08470.116  679.09900.69-.008453       2 1 1 32       0 1 1 01                    P  5e     3666632430 9 9 711     9.0   11.0
 21 9474.083160 5.590E-30 1.569E-07.07120.095  865.31980.72-.009684       3 2 2 21       0 1 1 01                    R 22f     4366631221 9 9 711    47.0   45.0
 21 9474.217008 1.444E-29 4.068E-07.07200.096  847.82630.71-.010575       2 1 1 32       0 1 1 01                    Q 21e     3366632430 9 9 711    43.0   43.0
 21 9474.573568 2.061E-29 5.379E-07.07350.099  801.17310.70-.010175       2 1 1 32       0 1 1 01                    Q 18f     3366632430 9 9 711    37.0   37.0
 21 9474.690365 1.091E-29 1.118E-05.07050.093 1622.25620.72-.009952       4 1 1 21       1 0 0 01                    R 24e     3466632636 9 9 711    51.0   49.0
 21 9474.883676 1.343E-27 1.005E-04.08620.118  675.20490.69-.008151       2 1 1 32       0 1 1 01                    P  4f     3666632430 9 9 711     7.0    9.0
 21 9474.909792 1.861E-29 4.948E-07.07300.098  815.80320.70-.010312       2 1 1 32       0 1 1 01                    Q 19e     3366632430 9 9 711    39.0   39.0
 21 9474.939200 6.930E-30 2.033E-07.07090.094  882.97130.72-.009819       3 2 2 21       0 1 1 01                    R 23e     4366631221 9 9 711    49.0   47.0
 21 9475.145110 6.370E-30 1.970E-07.07050.093  902.08360.72-.009952       3 2 2 21       0 1 1 01                    R 24f     4366631221 9 9 711    51.0   49.0
 21 9475.294229 2.647E-29 6.782E-07.07460.101  773.79110.69-.009889       2 1 1 32       0 1 1 01                    Q 16f     3366632430 9 9 711    33.0   33.0
 21 9475.379616 1.300E-29 4.573E-07.08010.109  702.53630.68-.008586       4 0 0 21       0 1 1 01                    P  9e     3466632636 9 9 711    17.0   19.0
 21 9475.535157 2.386E-29 6.144E-07.07400.100  786.90280.70-.010035       2 1 1 32       0 1 1 01                    Q 17e     3366632430 9 9 711    35.0   35.0
 21 9475.719421 9.694E-28 9.999E-05.08800.120  672.06760.70-.007781       2 1 1 32       0 1 1 01                    P  3e     3666632430 9 9 711     5.0    7.0
 21 9475.832820 9.807E-30 1.131E-05.06990.091 1662.04020.73-.010209       4 1 1 21       1 0 0 01                    R 26e     3466632636 9 9 711    55.0   53.0
 21 9475.934605 3.399E-29 8.809E-07.07590.103  749.53740.68-.009582       2 1 1 32       0 1 1 01                    Q 14f     3366632430 9 9 711    29.0   29.0
 21 9476.033670 7.990E-30 2.611E-07.07020.092  921.23800.73-.010081       3 2 2 21       0 1 1 01                    R 25e     4366631221 9 9 711    53.0   51.0
 21 9476.093040 3.054E-29 7.834E-07.07520.102  761.12550.69-.009739       2 1 1 32       0 1 1 01                    Q 15e     3366632430 9 9 711    31.0   31.0
 21 9476.166710 7.060E-30 2.459E-07.06990.091  941.97350.73-.010209       3 2 2 21       0 1 1 01                    R 26f     4366631221 9 9 711    55.0   53.0
 21 9476.494164 4.384E-29 1.190E-06.07740.105  728.41230.68-.009246       2 1 1 32       0 1 1 01                    Q 12f     3366632430 9 9 711    25.0   25.0
 21 9476.539408 5.522E-28 9.387E-05.09030.123  669.72740.69-.007278       2 1 1 32       0 1 1 01                    P  2f     3666632430 9 9 711     3.0    5.0
 21 9476.583391 3.916E-29 1.033E-06.07660.104  738.47170.68-.009418       2 1 1 32       0 1 1 01                    Q 13e     3366632430 9 9 711    27.0   27.0
 21 9476.626637 2.988E-26 1.034E-04.06800.084  519.53500.74-.012304       2 0 0 32       0 0 0 01                    P 36e     3666632430 9 9 711    71.0   73.0
 21 9476.943020 8.572E-30 1.135E-05.06940.089 1704.94190.73-.010457       4 1 1 21       1 0 0 01                    R 28e     3466632636 9 9 711    59.0   57.0
 21 9476.972335 5.718E-29 1.692E-06.07910.108  710.41630.68-.008868       2 1 1 32       0 1 1 01                    Q 10f     3366632430 9 9 711    21.0   21.0
 21 9477.006171 5.057E-29 1.425E-06.07820.107  718.94190.68-.009063       2 1 1 32       0 1 1 01                    Q 11e     3366632430 9 9 711    23.0   23.0
 21 9477.079505 5.941E-30 2.563E-07.08220.112  689.25530.68-.008235       4 0 0 21       0 1 1 01                    P  7e     3466632636 9 9 711    13.0   15.0
 21 9477.090670 9.000E-30 3.344E-07.06970.090  962.62560.73-.010334       3 2 2 21       0 1 1 01                    R 27e     4366631221 9 9 711    57.0   55.0
 21 9477.148080 7.640E-30 3.058E-07.06940.089  984.98890.73-.010457       3 2 2 21       0 1 1 01                    R 28f     4366631221 9 9 711    59.0   57.0
 21 9477.361350 6.636E-29 2.090E-06.08010.109  702.53630.68-.008659       2 1 1 32       0 1 1 01                    Q  9e     3366632430 9 9 711    19.0   19.0
 21 9477.368523 7.624E-29 2.593E-06.08110.111  695.54950.68-.008433       2 1 1 32       0 1 1 01                    Q  8f     3366632430 9 9 711    17.0   17.0
 21 9477.648903 8.980E-29 3.358E-06.08220.112  689.25530.68-.008186       2 1 1 32       0 1 1 01                    Q  7e     3366632430 9 9 711    15.0   15.0
 21 9477.682137 1.061E-28 4.458E-06.08340.114  683.81240.68-.007914       2 1 1 32       0 1 1 01                    Q  6f     3366632430 9 9 711    13.0   13.0
 21 9477.803581 1.095E-30 5.305E-08.06920.088 1031.12900.74-.010641       4 0 0 21       0 1 1 01                    Q 30f     3466632636 9 9 711    61.0   61.0
 21 9477.868813 1.291E-28 6.266E-06.08470.116  679.09900.69-.007613       2 1 1 32       0 1 1 01                    Q  5e     3366632430 9 9 711    11.0   11.0
 21 9477.912630 1.612E-28 9.384E-06.08620.118  675.20490.69-.007276       2 1 1 32       0 1 1 01                    Q  4f     3366632430 9 9 711     9.0    9.0
 21 9478.021066 2.126E-28 1.567E-05.08800.120  672.06760.70-.006896       2 1 1 32       0 1 1 01                    Q  3e     3366632430 9 9 711     7.0    7.0
 21 9478.021980 7.301E-30 1.133E-05.06890.088 1750.96060.74-.010698       4 1 1 21       1 0 0 01                    R 30e     3466632636 9 9 711    63.0   61.0
 21 9478.059547 3.070E-28 3.132E-05.09030.123  669.72740.69-.006464       2 1 1 32       0 1 1 01                    Q  2f     3366632430 9 9 711     5.0    5.0
 21 9478.089390 8.080E-30 3.790E-07.06890.088 1031.12900.74-.010698       3 2 2 21       0 1 1 01                    R 30f     4366631221 9 9 711    63.0   61.0
 21 9478.105654 5.572E-28 9.404E-05.09490.127  668.16120.69-.005969       2 1 1 32       0 1 1 01                    Q  1e     3366632430 9 9 711     3.0    3.0
 21 9478.109900 9.930E-30 4.281E-07.06920.088 1007.13340.74-.010579       3 2 2 21       0 1 1 01                    R 29e     4366631221 9 9 711    61.0   59.0
 21 9478.434169 1.330E-30 5.511E-08.06970.090  984.98890.73-.010434       4 0 0 21       0 1 1 01                    Q 28f     3466632636 9 9 711    57.0   57.0
 21 9478.742519 1.708E-30 1.013E-07.08470.116  679.09890.69-.007795       4 0 0 21       0 1 1 01                    P  5e     3466632636 9 9 711     9.0   11.0
 21 9478.990730 8.370E-30 4.692E-07.06850.086 1080.39290.74-.010931       3 2 2 21       0 1 1 01                    R 32f     4366631221 9 9 711    67.0   65.0
 21 9479.022533 1.586E-30 5.735E-08.07020.092  941.97350.73-.010222       4 0 0 21       0 1 1 01                    Q 26f     3466632636 9 9 711    53.0   53.0
 21 9479.070740 6.071E-30 1.125E-05.06850.086 1800.09570.74-.010931       4 1 1 21       1 0 0 01                    R 32e     3466632636 9 9 711    67.0   65.0
 21 9479.090990 1.080E-29 5.509E-07.06870.087 1054.76060.74-.010815       3 2 2 21       0 1 1 01                    R 31e     4366631221 9 9 711    65.0   63.0
 21 9479.527193 3.696E-26 1.036E-04.06830.085  464.17170.74-.012122       2 0 0 32       0 0 0 01                    P 34e     3666632430 9 9 711    67.0   69.0
 21 9479.568342 1.855E-30 5.977E-08.07090.094  902.08360.72-.010003       4 0 0 21       0 1 1 01                    Q 24f     3466632636 9 9 711    49.0   49.0
 21 9479.625793 5.575E-28 5.647E-05.09030.123  668.16120.69-.005649       2 1 1 32       0 1 1 01                    R  1e     3666632430 9 9 711     5.0    3.0
 21 9479.852220 8.530E-30 5.822E-07.06810.084 1132.78020.74-.011157       3 2 2 21       0 1 1 01                    R 34f     4366631221 9 9 711    71.0   69.0
 21 9480.033440 1.150E-29 7.074E-07.06830.085 1105.50650.74-.011044       3 2 2 21       0 1 1 01                    R 33e     4366631221 9 9 711    69.0   67.0
 21 9480.070651 2.124E-30 6.233E-08.07160.095  865.31980.71-.009778       4 0 0 21       0 1 1 01                    Q 22f     3466632636 9 9 711    45.0   45.0
 21 9480.090528 4.934E-30 1.113E-05.06810.084 1852.34640.74-.011157       4 1 1 21       1 0 0 01                    R 34e     3466632636 9 9 711    71.0   69.0
 21 9480.361192 9.849E-28 7.181E-05.08800.120  669.72740.70-.006010       2 1 1 32       0 1 1 01                    R  2f     3666632430 9 9 711     7.0    5.0
 21 9480.529872 2.380E-30 6.510E-08.07250.097  831.68280.71-.009542       4 0 0 21       0 1 1 01                    Q 20f     3466632636 9 9 711    41.0   41.0
 21 9480.673900 8.550E-30 7.236E-07.06780.083 1188.28960.74-.011376       3 2 2 21       0 1 1 01                    R 36f     4366631221 9 9 711    75.0   73.0
 21 9480.936570 1.210E-29 9.142E-07.06800.084 1159.37020.74-.011267       3 2 2 21       0 1 1 01                    R 35e     4366631221 9 9 711    73.0   71.0
 21 9480.945486 2.602E-30 6.801E-08.07350.099  801.17310.70-.009296       4 0 0 21       0 1 1 01                    Q 18f     3466632636 9 9 711    37.0   37.0
 21 9481.050020 1.367E-27 7.842E-05.08620.118  672.06760.69-.006401       2 1 1 32       0 1 1 01                    R  3e     3666632430 9 9 711     9.0    7.0
 21 9481.082559 3.926E-30 1.097E-05.06780.083 1907.71220.74-.011376       4 1 1 21       1 0 0 01                    R 36e     3466632636 9 9 711    75.0   73.0
 21 9481.317570 2.768E-30 7.101E-08.07460.101  773.79110.69-.009035       4 0 0 21       0 1 1 01                    Q 16f     3466632636 9 9 711    33.0   33.0
 21 9481.455730 8.440E-30 9.019E-07.06750.081 1246.92040.75-.011590       3 2 2 21       0 1 1 01                    R 38f     4366631221 9 9 711    79.0   77.0
 21 9481.528875 1.169E-30 4.550E-05.06420.070 2530.23390.73-.013990       3 0 0 32       1 0 0 02                    P 56e     3355532430 9 9 711   111.0  113.0
 21 9481.646175 2.855E-30 7.408E-08.07590.103  749.53740.68-.008754       4 0 0 21       0 1 1 01                    Q 14f     3466632636 9 9 711    29.0   29.0
 21 9481.762824 1.728E-27 8.237E-05.08470.116  675.20490.69-.006773       2 1 1 32       0 1 1 01                    R  4f     3666632430 9 9 711    11.0    9.0
 21 9481.799440 1.260E-29 1.191E-06.06760.082 1216.35080.75-.011484       3 2 2 21       0 1 1 01                    R 37e     4366631221 9 9 711    77.0   75.0
 21 9481.931282 2.840E-30 7.715E-08.07740.105  728.41230.68-.008447       4 0 0 21       0 1 1 01                    Q 12f     3466632636 9 9 711    25.0   25.0
 21 9482.014940 1.114E-30 2.532E-09.08620.118    7.80430.69-.006270      -2-2-2-20       0 0 0 01                    Q  4e     3466632636 9 9 711     9.0    9.0
 21 9482.048220 3.060E-30 1.079E-05.06750.081 1966.19230.75-.011590       4 1 1 21       1 0 0 01                    R 38e     3466632636 9 9 711    79.0   77.0
 21 9482.092494 1.541E-30 2.528E-09.08340.114   16.38900.68-.006820      -2-2-2-20       0 0 0 01                    Q  6e     3466632636 9 9 711    13.0   13.0
 21 9482.173135 2.703E-30 8.009E-08.07910.108  710.41630.68-.008102       4 0 0 21       0 1 1 01                    Q 10f     3466632636 9 9 711    21.0   21.0
 21 9482.197580 8.240E-30 1.132E-06.06710.080 1308.67150.75-.011797       3 2 2 21       0 1 1 01                    R 40f     4366631221 9 9 711    83.0   81.0
 21 9482.198150 1.901E-30 2.524E-09.08110.111   28.09510.68-.007266      -2-2-2-20       0 0 0 01                    Q  8e     3466632636 9 9 711    17.0   17.0
 21 9482.331632 2.180E-30 2.519E-09.07910.108   42.92250.68-.007642      -2-2-2-20       0 0 0 01                    Q 10e     3466632636 9 9 711    21.0   21.0
 21 9482.350118 4.488E-26 1.039E-04.06870.087  411.92250.74-.011938       2 0 0 32       0 0 0 01                    P 32e     3666632430 9 9 711    63.0   65.0
 21 9482.366416 2.432E-30 8.282E-08.08110.111  695.54950.68-.007704       4 0 0 21       0 1 1 01                    Q  8f     3466632636 9 9 711    17.0   17.0
 21 9482.395543 2.054E-27 8.444E-05.08340.114  679.09900.68-.007115       2 1 1 32       0 1 1 01                    R  5e     3666632430 9 9 711    13.0   11.0
 21 9482.492761 2.373E-30 2.513E-09.07740.105   60.87090.68-.007967      -2-2-2-20       0 0 0 01                    Q 12e     3466632636 9 9 711    25.0   25.0
 21 9482.522400 2.024E-30 8.514E-08.08340.114  683.81240.68-.007230       4 0 0 21       0 1 1 01                    Q  6f     3466632636 9 9 711    13.0   13.0
 21 9482.620760 1.300E-29 1.564E-06.06730.080 1276.44740.75-.011694       3 2 2 21       0 1 1 01                    R 39e     4366631221 9 9 711    81.0   79.0
 21 9482.636545 1.493E-30 8.700E-08.08620.118  675.20490.69-.006647       4 0 0 21       0 1 1 01                    Q  4f     3466632636 9 9 711     9.0    9.0
 21 9482.681161 2.478E-30 2.506E-09.07590.103   81.94010.68-.008257      -2-2-2-20       0 0 0 01                    Q 14e     3466632636 9 9 711    29.0   29.0
 21 9482.777561 1.481E-30 8.326E-05.05950.066 2660.79230.68-.015703       2 1 1 32       0 1 1 01                    R 71e     3655532430 9 9 711   145.0  143.0
 21 9482.896552 2.499E-30 2.498E-09.07460.101  106.12970.69-.008522      -2-2-2-20       0 0 0 01                    Q 16e     3466632636 9 9 711    33.0   33.0
 21 9482.899100 7.960E-30 1.430E-06.06680.078 1373.54190.75-.011999       3 2 2 21       0 1 1 01                    R 42f     4365631221 9 9 711    87.0   85.0
 21 9482.989370 2.339E-30 1.059E-05.06710.080 2027.78560.75-.011797       4 1 1 21       1 0 0 01                    R 40e     3466632636 9 9 711    83.0   81.0
 21 9483.091810 2.371E-27 8.644E-05.08220.112  683.81240.68-.007429       2 1 1 32       0 1 1 01                    R  6f     3666632430 9 9 711    15.0   13.0
 21 9483.138556 2.444E-30 2.489E-09.07350.099  133.43930.70-.008768      -2-2-2-20       0 0 0 01                    Q 18e     3466632636 9 9 711    37.0   37.0
 21 9483.398690 1.330E-29 2.074E-06.06700.079 1339.65910.75-.011899       3 2 2 21       0 1 1 01                    R 41e     4365631221 9 9 711    85.0   83.0
 21 9483.406795 2.327E-30 2.479E-09.07250.097  163.86840.71-.009000      -2-2-2-20       0 0 0 01                    Q 20e     3466632636 9 9 711    41.0   41.0
 21 9483.559730 7.620E-30 1.821E-06.06650.077 1441.53060.74-.012196       3 2 2 21       0 1 1 01                    R 44f     4365631221 9 9 711    91.0   89.0
 21 9483.662791 2.635E-27 8.705E-05.08110.111  689.25530.68-.007717       2 1 1 32       0 1 1 01                    R  7e     3666632430 9 9 711    17.0   15.0
 21 9483.700689 2.159E-30 2.467E-09.07160.095  197.41660.71-.009222      -2-2-2-20       0 0 0 01                    Q 22e     3466632636 9 9 711    45.0   45.0
 21 9483.839472 2.370E-30 8.038E-05.06020.066 2551.01120.69-.015549       2 1 1 32       0 1 1 01                    R 69e     3655532430 9 9 711   141.0  139.0
 21 9483.907394 1.754E-30 1.038E-05.06680.078 2092.49160.75-.011999       4 1 1 21       1 0 0 01                    R 42e     3465632636 9 9 711    87.0   85.0
 21 9484.019759 1.958E-30 2.456E-09.07090.094  234.08330.72-.009435      -2-2-2-20       0 0 0 01                    Q 24e     3466632636 9 9 711    49.0   49.0
 21 9484.130570 1.360E-29 2.797E-06.06660.077 1405.98450.74-.012099       3 2 2 21       0 1 1 01                    R 43e     4365631221 9 9 711    89.0   87.0
 21 9484.178460 7.260E-30 2.349E-06.06610.075 1512.63640.74-.012388       3 2 2 21       0 1 1 01                    R 46f     4365631221 9 9 711    95.0   93.0
 21 9484.277174 1.131E-30 1.586E-04.06990.091 2641.74570.73-.011467       2 0 0 41       0 0 0 11                    P 27e     3366632430 9 9 711    53.0   55.0
 21 9484.316559 1.069E-30 7.910E-05.05920.065 2720.05710.68-.015778       2 1 1 32       0 1 1 01                    R 72f     3655532430 9 9 711   147.0  145.0
 21 9484.348139 2.907E-27 8.861E-05.08010.109  695.54950.68-.007984       2 1 1 32       0 1 1 01                    R  8f     3666632430 9 9 711    19.0   17.0
 21 9484.363325 1.736E-30 2.443E-09.07020.092  273.86800.73-.009641      -2-2-2-20       0 0 0 01                    Q 26e     3466632636 9 9 711    53.0   53.0
 21 9484.731009 1.506E-30 2.428E-09.06970.090  316.76980.73-.009841      -2-2-2-20       0 0 0 01                    Q 28e     3466632636 9 9 711    57.0   57.0
 21 9484.753690 6.880E-30 3.064E-06.06570.074 1586.85820.74-.012575       3 2 2 21       0 1 1 01                    R 48f     4365631221 9 9 711    99.0   97.0
 21 9484.791087 3.665E-30 7.618E-05.06080.066 2444.32380.69-.015392       2 1 1 32       0 1 1 01                    R 67e     3655532430 9 9 711   137.0  135.0
 21 9484.804694 1.291E-30 1.016E-05.06650.077 2160.30890.74-.012196       4 1 1 21       1 0 0 01                    R 44e     3465632636 9 9 711    91.0   89.0
 21 9484.812480 1.390E-29 3.834E-06.06630.076 1475.42290.74-.012293       3 2 2 21       0 1 1 01                    R 45e     4365631221 9 9 711    93.0   91.0
 21 9484.852283 3.100E-27 8.846E-05.07910.108  702.53630.68-.008232       2 1 1 32       0 1 1 01                    R  9e     3666632430 9 9 711    21.0   19.0
 21 9485.095408 5.346E-26 1.041E-04.06920.088  362.78830.74-.011752       2 0 0 32       0 0 0 01                    P 30e     3666632430 9 9 711    59.0   61.0
 21 9485.121932 1.281E-30 2.413E-09.06920.088  362.78820.74-.010036      -2-2-2-20       0 0 0 01                    Q 30e     3466632636 9 9 711    61.0   61.0
 21 9485.214671 1.652E-30 7.309E-05.05980.066 2608.55590.68-.015626       2 1 1 32       0 1 1 01                    R 70f     3655532430 9 9 711   143.0  141.0
 21 9485.233135 1.735E-30 4.605E-05.06470.071 2443.76040.73-.013832       3 0 0 32       1 0 0 02                    P 54e     3355532430 9 9 711   107.0  109.0
 21 9485.282860 6.520E-30 4.065E-06.06530.073 1664.19450.74-.012757       3 2 2 21       0 1 1 01                    R 50f     4355531221 9 9 711   103.0  101.0
 21 9485.438560 1.420E-29 5.344E-06.06590.075 1547.97290.74-.012482       3 2 2 21       0 1 1 01                    R 47e     4365631221 9 9 711    97.0   95.0
 21 9485.531802 3.323E-27 8.997E-05.07820.107  710.41630.68-.008464       2 1 1 32       0 1 1 01                    R 10f     3666632430 9 9 711    23.0   21.0
 21 9485.535417 1.068E-30 2.398E-09.06870.087  411.92240.74-.010226      -2-2-2-20       0 0 0 01                    Q 32e     3466632636 9 9 711    65.0   65.0
 21 9485.647516 4.806E-30 6.220E-05.06140.067 2340.73210.70-.015231       2 1 1 32       0 1 1 01                    R 65e     3655532430 9 9 711   133.0  131.0
 21 9485.761880 6.180E-30 5.485E-06.06490.072 1744.64430.73-.012935       3 2 2 21       0 1 1 01                    R 52f     4355531221 9 9 711   107.0  105.0
 21 9485.773920 4.144E-30 2.380E-07.08620.118  672.06750.69-.005772       4 0 0 21       0 1 1 01                    R  3e     3466632636 9 9 711     9.0    7.0
 21 9485.960880 2.410E-30 6.478E-05.06050.066 2500.15230.69-.015471       2 1 1 32       0 1 1 01                    R 68f     3655532430 9 9 711   139.0  137.0
 21 9485.964584 3.440E-27 8.932E-05.07740.105  718.94190.68-.008682       2 1 1 32       0 1 1 01                    R 11e     3666632430 9 9 711    25.0   23.0
 21 9485.999900 1.450E-29 7.571E-06.06550.074 1623.63340.74-.012667       3 2 2 21       0 1 1 01                    R 49e     4365631221 9 9 711   101.0   99.0
 21 9486.184300 5.890E-30 7.564E-06.06450.071 1828.20610.73-.013109       3 2 2 21       0 1 1 01                    R 54f     4355531221 9 9 711   111.0  109.0
 21 9486.316992 7.815E-30 6.399E-05.06210.068 2240.23750.71-.015066       2 1 1 32       0 1 1 01                    R 63e     3655532430 9 9 711   129.0  127.0
 21 9486.482870 1.490E-29 1.098E-05.06510.072 1702.40300.74-.012847       3 2 2 21       0 1 1 01                    R 51e     4355531221 9 9 711   105.0  103.0
 21 9486.527055 3.256E-30 5.402E-05.06110.067 2394.84820.70-.015312       2 1 1 32       0 1 1 01                    R 66f     3655532430 9 9 711   135.0  133.0
 21 9486.539810 5.630E-30 1.064E-05.06400.070 1914.87850.72-.013278       3 2 2 21       0 1 1 01                    R 56f     4355531221 9 9 711   115.0  113.0
 21 9486.642800 3.612E-27 9.094E-05.07660.104  728.41230.68-.008889       2 1 1 32       0 1 1 01                    R 12f     3666632430 9 9 711    27.0   25.0
 21 9486.741334 1.288E-30 1.602E-04.07050.093 2600.72850.72-.011273       2 0 0 41       0 0 0 11                    P 25e     3366632430 9 9 711    49.0   51.0
 21 9486.812250 5.400E-30 1.525E-05.06350.069 2004.66020.72-.013443       3 2 2 21       0 1 1 01                    R 58f     4355531221 9 9 711   119.0  117.0
 21 9486.831345 1.039E-29 5.469E-05.06260.068 2142.84200.71-.014897       2 1 1 32       0 1 1 01                    R 61e     3655532430 9 9 711   125.0  123.0
 21 9486.848170 4.190E-30 4.359E-05.06170.067 2292.64500.70-.013915       3 2 2 21       0 1 1 01                    R 64f     4355531221 9 9 711   131.0  129.0
 21 9486.866920 1.530E-29 1.617E-05.06470.071 1784.28060.73-.013022       3 2 2 21       0 1 1 01                    R 53e     4355531221 9 9 711   109.0  107.0
 21 9486.977190 5.140E-30 2.206E-05.06290.069 2097.54960.71-.013604       3 2 2 21       0 1 1 01                    R 60f     4355531221 9 9 711   123.0  121.0
 21 9487.000259 3.650E-27 8.985E-05.07590.103  738.47170.68-.009087       2 1 1 32       0 1 1 01                    R 13e     3666632430 9 9 711    29.0   27.0
 21 9487.001300 4.770E-30 3.162E-05.06230.068 2193.54520.71-.013762       3 2 2 21       0 1 1 01                    R 62f     4355531221 9 9 711   127.0  125.0
 21 9487.122920 1.530E-29 2.357E-05.06420.070 1869.26460.73-.013194       3 2 2 21       0 1 1 01                    R 55e     4355531221 9 9 711   113.0  111.0
 21 9487.215200 1.480E-29 3.379E-05.06370.070 1957.35390.72-.013361       3 2 2 21       0 1 1 01                    R 57e     4355531221 9 9 711   117.0  115.0
 21 9487.235872 1.130E-29 4.650E-07.08340.114  679.09890.68-.006432       4 0 0 21       0 1 1 01                    R  5e     3466632636 9 9 711    13.0   11.0
 21 9487.681139 3.771E-27 9.166E-05.07520.102  749.53740.69-.009275       2 1 1 32       0 1 1 01                    R 14f     3666632430 9 9 711    31.0   29.0
 21 9487.763063 6.244E-26 1.044E-04.06970.090  316.76990.73-.011563       2 0 0 32       0 0 0 01                    P 28e     3666632430 9 9 711    55.0   57.0
 21 9487.959853 3.735E-27 9.022E-05.07460.101  761.12550.69-.009457       2 1 1 32       0 1 1 01                    R 15e     3666632430 9 9 711    33.0   31.0
 21 9488.646835 3.808E-27 9.225E-05.07400.100  773.79110.70-.009631       2 1 1 32       0 1 1 01                    R 16f     3666632430 9 9 711    35.0   33.0
 21 9488.660623 2.217E-29 7.332E-07.08110.111  689.25530.68-.006989       4 0 0 21       0 1 1 01                    R  7e     3466632636 9 9 711    17.0   15.0
 21 9488.843869 3.705E-27 9.050E-05.07350.099  786.90280.70-.009800       2 1 1 32       0 1 1 01                    R 17e     3666632430 9 9 711    37.0   35.0
 21 9488.868014 2.530E-30 4.655E-05.06510.072 2360.38860.74-.013672       3 0 0 32       1 0 0 02                    P 52e     3355532430 9 9 711   103.0  105.0
 21 9489.008127 1.144E-30 1.361E-09.08010.109   28.09510.68-.006786      -2-2-2-20       0 0 0 01                    R  8e     3466632636 9 9 711    19.0   17.0
 21 9489.134607 1.434E-30 1.616E-04.07120.095 2562.80430.72-.011074       2 0 0 41       0 0 0 11                    P 23e     3366632430 9 9 711    45.0   47.0
 21 9489.539913 3.733E-27 9.273E-05.07300.098  801.17310.70-.009965       2 1 1 32       0 1 1 01                    R 18f     3666632430 9 9 711    39.0   37.0
 21 9489.652765 3.576E-27 9.073E-05.07250.097  815.80320.71-.010124       2 1 1 32       0 1 1 01                    R 19e     3666632430 9 9 711    41.0   39.0
 21 9490.053135 3.591E-29 1.026E-06.07910.108  702.53630.68-.007465       4 0 0 21       0 1 1 01                    R  9e     3466632636 9 9 711    21.0   19.0
 21 9490.353081 7.148E-26 1.047E-04.07020.092  273.86800.73-.011370       2 0 0 32       0 0 0 01                    P 26e     3666632430 9 9 711    51.0   53.0
 21 9490.360412 3.563E-27 9.312E-05.07200.096  831.68290.71-.010279       2 1 1 32       0 1 1 01                    R 20f     3666632430 9 9 711    43.0   41.0
 21 9490.386960 3.366E-27 9.093E-05.07160.095  847.82630.71-.010431       2 1 1 32       0 1 1 01                    R 21e     3666632430 9 9 711    45.0   43.0
 21 9490.586950 1.282E-30 1.355E-09.07820.107   42.92250.68-.007210      -2-2-2-20       0 0 0 01                    R 10e     3466632636 9 9 711    23.0   21.0
 21 9491.046846 3.095E-27 9.110E-05.07090.094  882.97140.72-.010725       2 1 1 32       0 1 1 01                    R 23e     3666632430 9 9 711    49.0   47.0
 21 9491.108388 3.319E-27 9.348E-05.07120.095  865.31990.72-.010580       2 1 1 32       0 1 1 01                    R 22f     3666632430 9 9 711    47.0   45.0
 21 9491.401691 5.097E-29 1.325E-06.07740.105  718.94190.68-.007883       4 0 0 21       0 1 1 01                    R 11e     3466632636 9 9 711    25.0   23.0
 21 9491.456775 1.560E-30 1.629E-04.07200.096 2527.97370.71-.010870       2 0 0 41       0 0 0 11                    P 21e     3366632430 9 9 711    41.0   43.0
 21 9491.632805 2.783E-27 9.123E-05.07020.092  921.23810.73-.011007       2 1 1 32       0 1 1 01                    R 25e     3666632430 9 9 711    53.0   51.0
 21 9491.783915 3.022E-27 9.380E-05.07050.093  902.08370.72-.010867       2 1 1 32       0 1 1 01                    R 24f     3666632430 9 9 711    51.0   49.0
 21 9491.851277 5.374E-30 5.597E-05.06170.067 2292.64530.70-.015149       2 1 1 32       0 1 1 01                    R 64f     3655532430 9 9 711   131.0  129.0
 21 9492.088880 1.016E-29 6.743E-05.06230.068 2193.54520.71-.014982       2 1 1 32       0 1 1 01                    R 62f     3655532430 9 9 711   127.0  125.0
 21 9492.145236 2.452E-27 9.140E-05.06970.090  962.62570.73-.011279       2 1 1 32       0 1 1 01                    R 27e     3666632430 9 9 711    57.0   55.0
 21 9492.168690 1.376E-30 1.352E-09.07660.104   60.87090.68-.007587      -2-2-2-20       0 0 0 01                    R 12e     3466632636 9 9 711    27.0   25.0
 21 9492.314410 1.580E-29 5.439E-05.06320.069 2048.54660.72-.013524       3 2 2 21       0 1 1 01                    R 59e     4355531221 9 9 711   121.0  119.0
 21 9492.325824 1.500E-29 5.164E-05.06320.069 2048.54690.72-.014724       2 1 1 32       0 1 1 01                    R 59e     3655532430 9 9 711   121.0  119.0
 21 9492.348970 8.110E-30 4.274E-05.06260.068 2142.84180.71-.013683       3 2 2 21       0 1 1 01                    R 61e     4355531221 9 9 711   125.0  123.0
 21 9492.385780 2.750E-29 6.285E-05.06370.070 1957.35410.72-.014548       2 1 1 32       0 1 1 01                    R 57e     3655532430 9 9 711   117.0  115.0
 21 9492.387095 2.692E-27 9.407E-05.06990.091  941.97360.73-.011144       2 1 1 32       0 1 1 01                    R 26f     3666632430 9 9 711    55.0   53.0
 21 9492.411161 1.781E-29 7.654E-05.06290.069 2097.54970.71-.014811       2 1 1 32       0 1 1 01                    R 60f     3655532430 9 9 711   123.0  121.0
 21 9492.432005 3.626E-30 4.703E-05.06550.074 2280.12000.74-.013509       3 0 0 32       1 0 0 02                    P 50e     3355532430 9 9 711    99.0  101.0
 21 9492.477640 4.010E-30 3.288E-05.06210.068 2240.23730.71-.013839       3 2 2 21       0 1 1 01                    R 63e     4355531221 9 9 711   129.0  127.0
 21 9492.539393 4.693E-29 7.238E-05.06420.070 1869.26490.73-.014367       2 1 1 32       0 1 1 01                    R 55e     3655532430 9 9 711   113.0  111.0
 21 9492.584576 2.116E-27 9.151E-05.06920.088 1007.13350.74-.011542       2 1 1 32       0 1 1 01                    R 29e     3666632430 9 9 711    61.0   59.0
 21 9492.711962 6.558E-29 1.616E-06.07590.103  738.47160.68-.008259       4 0 0 21       0 1 1 01                    R 13e     3466632636 9 9 711    29.0   27.0
 21 9492.753492 7.503E-29 7.937E-05.06470.071 1784.28080.73-.014181       2 1 1 32       0 1 1 01                    R 53e     3655532430 9 9 711   109.0  107.0
 21 9492.779169 2.935E-29 8.301E-05.06350.069 2004.66030.72-.014637       2 1 1 32       0 1 1 01                    R 58f     3655532430 9 9 711   119.0  117.0
 21 9492.865464 8.011E-26 1.050E-04.07090.094  234.08340.72-.011174       2 0 0 32       0 0 0 01                    P 24e     3666632430 9 9 711    47.0   49.0
 21 9492.918060 2.348E-27 9.428E-05.06940.089  984.98900.73-.011412       2 1 1 32       0 1 1 01                    R 28f     3666632430 9 9 711    59.0   57.0
 21 9492.951342 1.791E-27 9.163E-05.06870.087 1054.76070.74-.011797       2 1 1 32       0 1 1 01                    R 31e     3666632430 9 9 711    65.0   63.0
 21 9492.990750 1.140E-28 8.409E-05.06510.072 1702.40320.74-.013991       2 1 1 32       0 1 1 01                    R 51e     3655532430 9 9 711   105.0  103.0
 21 9493.156758 4.616E-29 8.733E-05.06400.070 1914.87870.72-.014458       2 1 1 32       0 1 1 01                    R 56f     3655532430 9 9 711   115.0  113.0
 21 9493.220551 1.665E-28 8.707E-05.06550.074 1623.63350.74-.013796       2 1 1 32       0 1 1 01                    R 49e     3665632430 9 9 711   101.0   99.0
 21 9493.246173 1.487E-27 9.172E-05.06830.085 1105.50660.74-.012044       2 1 1 32       0 1 1 01                    R 33e     3666632430 9 9 711    69.0   67.0
 21 9493.376984 2.008E-27 9.450E-05.06890.088 1031.12910.74-.011670       2 1 1 32       0 1 1 01                    R 30f     3666632430 9 9 711    63.0   61.0
 21 9493.421248 2.360E-28 8.896E-05.06590.075 1547.97300.74-.013597       2 1 1 32       0 1 1 01                    R 47e     3665632430 9 9 711    97.0   95.0
 21 9493.469892 1.211E-27 9.174E-05.06800.084 1159.37030.74-.012284       2 1 1 32       0 1 1 01                    R 35e     3666632430 9 9 711    73.0   71.0
 21 9493.517062 7.007E-29 9.013E-05.06450.071 1828.20620.73-.014274       2 1 1 32       0 1 1 01                    R 54f     3655532430 9 9 711   111.0  109.0
 21 9493.578418 3.263E-28 9.017E-05.06630.076 1475.42300.74-.013392       2 1 1 32       0 1 1 01                    R 45e     3665632430 9 9 711    93.0   91.0
 21 9493.623590 9.681E-28 9.172E-05.06760.082 1216.35100.75-.012518       2 1 1 32       0 1 1 01                    R 37e     3666632430 9 9 711    77.0   75.0
 21 9493.682578 4.412E-28 9.091E-05.06660.077 1405.98470.74-.013182       2 1 1 32       0 1 1 01                    R 43e     3665632430 9 9 711    89.0   87.0
 21 9493.707639 1.656E-30 1.643E-04.07300.098 2496.23730.70-.010659       2 0 0 41       0 0 0 11                    P 19e     3366632430 9 9 711    37.0   39.0
 21 9493.708751 7.594E-28 9.160E-05.06730.080 1276.44760.75-.012745       2 1 1 32       0 1 1 01                    R 39e     3666632430 9 9 711    81.0   79.0
 21 9493.727438 5.845E-28 9.135E-05.06700.079 1339.65920.75-.012966       2 1 1 32       0 1 1 01                    R 41e     3665632430 9 9 711    85.0   83.0
 21 9493.752986 1.424E-30 1.350E-09.07520.102   81.94010.69-.007928      -2-2-2-20       0 0 0 01                    R 14e     3466632636 9 9 711    31.0   29.0
 21 9493.764094 1.684E-27 9.469E-05.06850.086 1080.39310.74-.011921       2 1 1 32       0 1 1 01                    R 32f     3666632430 9 9 711    67.0   65.0
 21 9493.841970 1.034E-28 9.192E-05.06490.072 1744.64440.73-.014087       2 1 1 32       0 1 1 01                    R 52f     3655532430 9 9 711   107.0  105.0
 21 9493.983270 7.808E-29 1.889E-06.07460.101  761.12540.69-.008602       4 0 0 21       0 1 1 01                    R 15e     3466632636 9 9 711    33.0   31.0
 21 9494.079686 1.385E-27 9.481E-05.06810.084 1132.78030.74-.012165       2 1 1 32       0 1 1 01                    R 34f     3666632430 9 9 711    71.0   69.0
 21 9494.119648 1.491E-28 9.314E-05.06530.073 1664.19460.74-.013894       2 1 1 32       0 1 1 01                    R 50f     3655532430 9 9 711   103.0  101.0
 21 9494.324148 1.118E-27 9.490E-05.06780.083 1188.28970.74-.012402       2 1 1 32       0 1 1 01                    R 36f     3666632430 9 9 711    75.0   73.0
 21 9494.342352 2.105E-28 9.394E-05.06570.074 1586.85820.74-.013697       2 1 1 32       0 1 1 01                    R 48f     3665632430 9 9 711    99.0   97.0
 21 9494.497992 8.863E-28 9.498E-05.06750.081 1246.92050.75-.012632       2 1 1 32       0 1 1 01                    R 38f     3666632430 9 9 711    79.0   77.0
 21 9494.504931 2.912E-28 9.442E-05.06610.075 1512.63650.74-.013495       2 1 1 32       0 1 1 01                    R 46f     3665632430 9 9 711    95.0   93.0
 21 9494.601898 6.897E-28 9.497E-05.06710.080 1308.67160.75-.012856       2 1 1 32       0 1 1 01                    R 40f     3666632430 9 9 711    83.0   81.0
 21 9494.603883 3.954E-28 9.473E-05.06650.077 1441.53070.74-.013287       2 1 1 32       0 1 1 01                    R 44f     3665632430 9 9 711    91.0   89.0
 21 9494.636781 5.270E-28 9.490E-05.06680.078 1373.54210.75-.013075       2 1 1 32       0 1 1 01                    R 42f     3665632430 9 9 711    87.0   85.0
 21 9495.215886 8.724E-29 2.134E-06.07350.099  786.90270.70-.008921       4 0 0 21       0 1 1 01                    R 17e     3466632636 9 9 711    37.0   35.0
 21 9495.300209 8.783E-26 1.053E-04.07160.095  197.41660.71-.010973       2 0 0 32       0 0 0 01                    P 22e     3666632430 9 9 711    43.0   45.0
 21 9495.339593 1.428E-30 1.350E-09.07400.100  106.12970.70-.008244      -2-2-2-20       0 0 0 01                    R 16e     3466632636 9 9 711    35.0   33.0
 21 9495.887017 1.711E-30 1.657E-04.07400.100 2467.59560.70-.010438       2 0 0 41       0 0 0 11                    P 17e     3366632430 9 9 711    33.0   35.0
 21 9495.924002 5.107E-30 4.747E-05.06590.075 2202.95620.74-.013344       3 0 0 32       1 0 0 02                    P 48e     3365632430 9 9 711    95.0   97.0
 21 9496.409572 9.241E-29 2.348E-06.07250.097  815.80310.71-.009222       4 0 0 21       0 1 1 01                    R 19e     3466632636 9 9 711    41.0   39.0
 21 9496.928175 1.393E-30 1.350E-09.07300.098  133.43930.70-.008538      -2-2-2-20       0 0 0 01                    R 18e     3466632636 9 9 711    39.0   37.0
 21 9497.564251 9.347E-29 2.529E-06.07160.095  847.82620.71-.009507       4 0 0 21       0 1 1 01                    R 21e     3466632636 9 9 711    45.0   43.0
 21 9497.657317 9.407E-26 1.057E-04.07250.097  163.86840.71-.010766       2 0 0 32       0 0 0 01                    P 20e     3666632430 9 9 711    39.0   41.0
 21 9497.994742 1.717E-30 1.672E-04.07520.102 2442.04910.69-.010203       2 0 0 41       0 0 0 11                    P 15e     3366632430 9 9 711    29.0   31.0
 21 9498.518416 1.325E-30 1.350E-09.07200.096  163.86840.71-.008817      -2-2-2-20       0 0 0 01                    R 20e     3466632636 9 9 711    43.0   41.0
 21 9498.680642 9.080E-29 2.677E-06.07090.094  882.97130.72-.009779       4 0 0 21       0 1 1 01                    R 23e     3466632636 9 9 711    49.0   47.0
 21 9499.343136 7.070E-30 4.790E-05.06630.076 2128.89870.74-.013176       3 0 0 32       1 0 0 02                    P 46e     3365632430 9 9 711    91.0   93.0
 21 9499.758033 8.509E-29 2.794E-06.07020.092  921.23800.73-.010040       4 0 0 21       0 1 1 01                    R 25e     3466632636 9 9 711    53.0   51.0
 21 9499.936785 9.824E-26 1.061E-04.07350.099  133.43930.70-.010550       2 0 0 32       0 0 0 01                    P 18e     3666632430 9 9 711    35.0   37.0
 21 9500.030665 1.667E-30 1.689E-04.07660.104 2419.59810.68-.009947       2 0 0 41       0 0 0 11                    P 13e     3366632430 9 9 711    25.0   27.0
 21 9500.109811 1.231E-30 1.352E-09.07120.095  197.41660.72-.009082      -2-2-2-20       0 0 0 01                    R 22e     3466632636 9 9 711    47.0   45.0
 21 9500.797469 7.718E-29 2.882E-06.06970.090  962.62560.73-.010292       4 0 0 21       0 1 1 01                    R 27e     3466632636 9 9 711    57.0   55.0
 21 9501.701975 1.118E-30 1.352E-09.07050.093  234.08330.72-.009336      -2-2-2-20       0 0 0 01                    R 24e     3466632636 9 9 711    51.0   49.0
 21 9501.799181 6.796E-29 2.945E-06.06920.088 1007.13340.74-.010536       4 0 0 21       0 1 1 01                    R 29e     3466632636 9 9 711    61.0   59.0
 21 9501.994650 1.555E-30 1.708E-04.07820.107 2400.24310.68-.009662       2 0 0 41       0 0 0 11                    P 11e     3366632430 9 9 711    21.0   23.0
 21 9502.138610 9.981E-26 1.067E-04.07460.101  106.12970.69-.010322       2 0 0 32       0 0 0 01                    P 16e     3666632430 9 9 711    31.0   33.0
 21 9502.688682 9.617E-30 4.831E-05.06660.077 2057.94880.74-.013006       3 0 0 32       1 0 0 02                    P 44e     3365632430 9 9 711    87.0   89.0
 21 9502.763755 5.822E-29 2.985E-06.06870.087 1054.76060.74-.010772       4 0 0 21       0 1 1 01                    R 31e     3466632636 9 9 711    65.0   63.0
 21 9503.691739 4.861E-29 3.005E-06.06830.085 1105.50650.74-.011000       4 0 0 21       0 1 1 01                    R 33e     3466632636 9 9 711    69.0   67.0
 21 9503.886582 1.382E-30 1.733E-04.08010.109 2383.98440.68-.009334       2 0 0 41       0 0 0 11                    P  9e     3366632430 9 9 711    17.0   19.0
 21 9504.262786 9.832E-26 1.073E-04.07590.103   81.94010.68-.010078       2 0 0 32       0 0 0 01                    P 14e     3666632430 9 9 711    27.0   29.0
 21 9504.583707 3.962E-29 3.009E-06.06800.084 1159.37020.74-.011222       4 0 0 21       0 1 1 01                    R 35e     3466632636 9 9 711    73.0   71.0
 21 9505.440331 3.156E-29 2.998E-06.06760.082 1216.35080.75-.011438       4 0 0 21       0 1 1 01                    R 37e     3466632636 9 9 711    77.0   75.0
 21 9505.706359 1.149E-30 1.768E-04.08220.112 2370.82230.68-.008942       2 0 0 41       0 0 0 11                    P  7e     3366632430 9 9 711    13.0   15.0
 21 9505.960025 1.285E-29 4.868E-05.06700.079 1990.10800.75-.012834       3 0 0 32       1 0 0 02                    P 42e     3365632430 9 9 711    83.0   85.0
 21 9506.280369 2.460E-29 2.975E-06.06730.080 1276.44740.75-.011648       4 0 0 21       0 1 1 01                    R 39e     3466632636 9 9 711    81.0   79.0
 21 9506.309308 9.345E-26 1.081E-04.07740.105   60.87090.68-.009809       2 0 0 32       0 0 0 01                    P 12e     3666632430 9 9 711    23.0   25.0
 21 9507.070876 1.878E-29 2.943E-06.06700.079 1339.65910.75-.011852       4 0 0 21       0 1 1 01                    R 41e     3465632636 9 9 711    85.0   83.0
 21 9507.828743 1.405E-29 2.904E-06.06660.077 1405.98450.74-.012051       4 0 0 21       0 1 1 01                    R 43e     3465632636 9 9 711    89.0   87.0
 21 9508.278165 8.506E-26 1.092E-04.07910.108   42.92250.68-.009504       2 0 0 32       0 0 0 01                    P 10e     3666632430 9 9 711    19.0   21.0
 21 9508.554447 1.031E-29 2.858E-06.06630.076 1475.42290.74-.012244       4 0 0 21       0 1 1 01                    R 45e     3465632636 9 9 711    93.0   91.0
 21 9509.156624 1.687E-29 4.906E-05.06730.080 1925.37750.75-.012660       3 0 0 32       1 0 0 02                    P 40e     3366632430 9 9 711    79.0   81.0
 21 9509.249161 7.419E-30 2.806E-06.06590.075 1547.97290.74-.012433       4 0 0 21       0 1 1 01                    R 47e     3465632636 9 9 711    97.0   95.0
 21 9509.913752 5.242E-30 2.751E-06.06550.074 1623.63340.74-.012617       4 0 0 21       0 1 1 01                    R 49e     3465632636 9 9 711   101.0   99.0
 21 9510.169347 7.321E-26 1.108E-04.08110.111   28.09510.68-.009148       2 0 0 32       0 0 0 01                    P  8e     3666632430 9 9 711    15.0   17.0
 21 9510.549381 3.637E-30 2.693E-06.06510.072 1702.40300.74-.012796       4 0 0 21       0 1 1 01                    R 51e     3455532636 9 9 711   105.0  103.0
 21 9511.156904 2.479E-30 2.633E-06.06470.071 1784.28060.73-.012971       4 0 0 21       0 1 1 01                    R 53e     3455532636 9 9 711   109.0  107.0
 21 9511.737672 1.660E-30 2.571E-06.06420.070 1869.26460.73-.013142       4 0 0 21       0 1 1 01                    R 55e     3455532636 9 9 711   113.0  111.0
 21 9511.812141 1.285E-30 1.097E-04.05500.064 2779.36870.64-.016623       2 0 0 32       0 0 0 01                    R 84e     3655532430 9 9 711   171.0  169.0
 21 9511.982839 5.819E-26 1.135E-04.08340.114   16.38900.68-.008713       2 0 0 32       0 0 0 01                    P  6e     3666632430 9 9 711    11.0   13.0
 21 9512.278004 2.175E-29 4.941E-05.06760.082 1863.75860.75-.012483       3 0 0 32       1 0 0 02                    P 38e     3366632430 9 9 711    75.0   77.0
 21 9512.292535 1.093E-30 2.509E-06.06370.070 1957.35390.72-.013308       4 0 0 21       0 1 1 01                    R 57e     3455532636 9 9 711   117.0  115.0
 21 9513.552099 2.359E-30 1.098E-04.05570.064 2649.65610.64-.016490       2 0 0 32       0 0 0 01                    R 82e     3655532430 9 9 711   167.0  165.0
 21 9513.718626 4.049E-26 1.191E-04.08620.118    7.80430.69-.008151       2 0 0 32       0 0 0 01                    P  4e     3666632430 9 9 711     7.0    9.0
 21 9515.216352 4.264E-30 1.099E-04.05640.064 2523.02190.65-.016354       2 0 0 32       0 0 0 01                    R 80e     3655532430 9 9 711   163.0  161.0
 21 9515.323740 2.753E-29 4.974E-05.06800.084 1805.25230.74-.012304       3 0 0 32       1 0 0 02                    P 36e     3366632430 9 9 711    71.0   73.0
 21 9515.376687 2.082E-26 1.392E-04.09030.123    2.34130.69-.007278       2 0 0 32       0 0 0 01                    P  2e     3666632430 9 9 711     3.0    5.0
 21 9515.771737 1.042E-30 1.530E-04.08340.114 2360.75690.68-.007115       2 0 0 41       0 0 0 11                    R  5e     3366632430 9 9 711    13.0   11.0
 21 9515.776401 1.286E-30 2.199E-07.06320.069 1426.41530.72-.014352       1 2 2 31       0 0 0 01                    P 60e     3355532430 9 9 711   119.0  121.0
 21 9516.235777 1.011E-30 4.758E-05.06780.083 2481.56240.74-.012394       3 1 1 32       1 1 1 02                    P 37e     3366632430 9 9 711    73.0   75.0
 21 9516.804345 7.585E-30 1.100E-04.05710.064 2399.46790.66-.016215       2 0 0 32       0 0 0 01                    R 78e     3655532430 9 9 711   159.0  157.0
 21 9517.048729 1.322E-30 1.560E-04.08110.111 2370.82230.68-.007717       2 0 0 41       0 0 0 11                    R  7e     3366632430 9 9 711    17.0   15.0
 21 9517.717996 1.055E-26 6.977E-05.09490.127    0.00000.69-.005491       2 0 0 32       0 0 0 01                    R  0e     3666632430 9 9 711     3.0    1.0
 21 9518.022441 1.127E-30 4.769E-05.06800.084 2453.92450.74-.012304       3 1 1 32       1 1 1 02                    P 36f     3366632430 9 9 711    71.0   73.0
 21 9518.253349 1.549E-30 1.578E-04.07910.108 2383.98440.68-.008232       2 0 0 41       0 0 0 11                    R  9e     3366632430 9 9 711    21.0   19.0
 21 9518.293449 3.420E-29 5.006E-05.06830.085 1749.86000.74-.012122       3 0 0 32       1 0 0 02                    P 34e     3366632430 9 9 711    67.0   69.0
 21 9518.303408 1.677E-30 2.495E-05.05750.065 2399.46790.66-.015571       2 0 0 31       0 0 0 01                    P 78e     3655532430 9 9 711   155.0  157.0
 21 9518.315674 1.327E-29 1.099E-04.05780.065 2278.99630.66-.016073       2 0 0 32       0 0 0 01                    R 76e     3655532430 9 9 711   155.0  153.0
 21 9519.138375 1.714E-30 1.934E-07.06370.070 1333.76790.72-.014199       1 2 2 31       0 0 0 01                    P 58e     3355532430 9 9 711   115.0  117.0
 21 9519.181643 3.133E-26 8.984E-05.08800.120    2.34130.70-.006010       2 0 0 32       0 0 0 01                    R  2e     3666632430 9 9 711     7.0    5.0
 21 9519.191594 1.268E-30 4.788E-05.06810.084 2424.57170.74-.012213       3 1 1 32       1 1 1 02                    P 35e     3366632430 9 9 711    69.0   71.0
 21 9519.385646 1.715E-30 1.588E-04.07740.105 2400.24310.68-.008682       2 0 0 41       0 0 0 11                    R 11e     3366632430 9 9 711    25.0   23.0
 21 9519.749797 2.288E-29 1.100E-04.05850.065 2161.60910.67-.015927       2 0 0 32       0 0 0 01                    R 74e     3655532430 9 9 711   151.0  149.0
 21 9520.445687 1.818E-30 1.595E-04.07590.103 2419.59810.68-.009087       2 0 0 41       0 0 0 11                    R 13e     3366632430 9 9 711    29.0   27.0
 21 9520.567474 5.091E-26 9.543E-05.08470.116    7.80430.69-.006773       2 0 0 32       0 0 0 01                    R  4e     3666632430 9 9 711    11.0    9.0
 21 9520.905166 1.402E-30 4.802E-05.06830.085 2398.36040.74-.012122       3 1 1 32       1 1 1 02                    P 34f     3366632430 9 9 711    67.0   69.0
 21 9521.106539 3.881E-29 1.100E-04.05920.065 2047.30810.68-.015778       2 0 0 32       0 0 0 01                    R 72e     3655532430 9 9 711   147.0  145.0
 21 9521.186786 4.170E-29 5.038E-05.06870.087 1697.58250.74-.011938       3 0 0 32       1 0 0 02                    P 32e     3366632430 9 9 711    63.0   65.0
 21 9521.433555 1.858E-30 1.598E-04.07460.101 2442.04910.69-.009457       2 0 0 41       0 0 0 11                    R 15e     3366632430 9 9 711    33.0   31.0
 21 9521.875459 6.846E-26 9.814E-05.08220.112   16.38900.68-.007429       2 0 0 32       0 0 0 01                    R  6e     3666632430 9 9 711    15.0   13.0
 21 9522.070037 1.562E-30 4.822E-05.06850.086 2370.69800.74-.012031       3 1 1 32       1 1 1 02                    P 33e     3366632430 9 9 711    65.0   67.0
 21 9522.349350 1.841E-30 1.599E-04.07350.099 2467.59560.70-.009800       2 0 0 41       0 0 0 11                    R 17e     3366632430 9 9 711    37.0   35.0
 21 9522.385585 6.478E-29 1.099E-04.05980.066 1936.09530.68-.015626       2 0 0 32       0 0 0 01                    R 70e     3655532430 9 9 711   143.0  141.0
 21 9522.439140 2.236E-30 1.693E-07.06420.070 1244.22040.73-.014042       1 2 2 31       0 0 0 01                    P 56e     3355532430 9 9 711   111.0  113.0
 21 9522.440204 2.999E-30 2.552E-05.05820.065 2278.99630.67-.015439       2 0 0 31       0 0 0 01                    P 76e     3655532430 9 9 711   151.0  153.0
 21 9523.105563 8.328E-26 9.980E-05.08010.109   28.09510.68-.007984       2 0 0 32       0 0 0 01                    R  8e     3666632430 9 9 711    19.0   17.0
 21 9523.193185 1.774E-30 1.599E-04.07250.097 2496.23730.71-.010124       2 0 0 41       0 0 0 11                    R 19e     3366632430 9 9 711    41.0   39.0
 21 9523.586708 1.064E-28 1.099E-04.06050.066 1827.97240.69-.015471       2 0 0 32       0 0 0 01                    R 68e     3655532430 9 9 711   139.0  137.0
 21 9523.712514 1.712E-30 4.836E-05.06870.087 2345.92090.74-.011938       3 1 1 32       1 1 1 02                    P 32f     3366632430 9 9 711    63.0   65.0
 21 9523.965193 1.667E-30 1.597E-04.07160.095 2527.97370.71-.010431       2 0 0 41       0 0 0 11                    R 21e     3366632430 9 9 711    45.0   43.0
 21 9524.003425 4.987E-29 5.069E-05.06920.088 1648.42100.74-.011752       3 0 0 32       1 0 0 02                    P 30e     3366632430 9 9 711    59.0   61.0
 21 9524.257748 9.486E-26 1.009E-04.07820.107   42.92250.68-.008464       2 0 0 32       0 0 0 01                    R 10e     3666632430 9 9 711    23.0   21.0
 21 9524.665522 1.529E-30 1.594E-04.07090.094 2562.80430.72-.010725       2 0 0 41       0 0 0 11                    R 23e     3366632430 9 9 711    49.0   47.0
 21 9524.709718 1.720E-28 1.098E-04.06110.067 1722.94130.70-.015312       2 0 0 32       0 0 0 01                    R 66e     3655532430 9 9 711   135.0  133.0
 21 9524.870905 1.887E-30 4.853E-05.06890.088 2319.94220.74-.011845       3 1 1 32       1 1 1 02                    P 31e     3366632430 9 9 711    61.0   63.0
 21 9525.294338 1.371E-30 1.589E-04.07020.092 2600.72850.73-.011007       2 0 0 41       0 0 0 11                    R 25e     3366632430 9 9 711    53.0   51.0
 21 9525.331974 1.029E-25 1.018E-04.07660.104   60.87090.68-.008889       2 0 0 32       0 0 0 01                    R 12e     3666632430 9 9 711    27.0   25.0
 21 9525.678691 2.854E-30 1.474E-07.06470.071 1157.77410.73-.013884       1 2 2 31       0 0 0 01                    P 54e     3355532430 9 9 711   107.0  109.0
 21 9525.754460 2.736E-28 1.097E-04.06170.067 1621.00360.70-.015149       2 0 0 32       0 0 0 01                    R 64e     3655532430 9 9 711   131.0  129.0
 21 9525.851822 1.203E-30 1.583E-04.06970.090 2641.74570.73-.011279       2 0 0 41       0 0 0 11                    R 27e     3366632430 9 9 711    57.0   55.0
 21 9526.328199 1.073E-25 1.025E-04.07520.102   81.94010.69-.009275       2 0 0 32       0 0 0 01                    R 14e     3666632430 9 9 711    31.0   29.0
 21 9526.338174 1.035E-30 1.577E-04.06920.088 2685.85510.74-.011542       2 0 0 41       0 0 0 11                    R 29e     3366632430 9 9 711    61.0   59.0
 21 9526.444231 2.050E-30 4.868E-05.06920.088 2296.60700.74-.011752       3 1 1 32       1 1 1 02                    P 30f     3366632430 9 9 711    59.0   61.0
 21 9526.518193 5.276E-30 2.609E-05.05880.065 2161.60910.67-.015305       2 0 0 31       0 0 0 01                    P 74e     3655532430 9 9 711   147.0  149.0
 21 9526.720805 4.283E-28 1.095E-04.06230.068 1522.16110.71-.014982       2 0 0 32       0 0 0 01                    R 62e     3655532430 9 9 711   127.0  125.0
 21 9526.743059 5.848E-29 5.100E-05.06970.090 1602.37630.73-.011563       3 0 0 32       1 0 0 02                    P 28e     3366632430 9 9 711    55.0   57.0
 21 9527.246380 1.083E-25 1.030E-04.07400.100  106.12970.70-.009631       2 0 0 32       0 0 0 01                    R 16e     3666632430 9 9 711    35.0   33.0
 21 9527.594012 2.235E-30 4.883E-05.06940.089 2272.30520.73-.011658       3 1 1 32       1 1 1 02                    P 29e     3366632430 9 9 711    57.0   59.0
 21 9527.608648 6.597E-28 1.094E-04.06290.069 1426.41530.71-.014811       2 0 0 32       0 0 0 01                    R 60e     3655532430 9 9 711   123.0  121.0
 21 9528.086469 1.062E-25 1.036E-04.07300.098  133.43930.70-.009965       2 0 0 32       0 0 0 01                    R 18e     3666632430 9 9 711    39.0   37.0
 21 9528.417909 9.996E-28 1.092E-04.06350.069 1333.76790.72-.014637       2 0 0 32       0 0 0 01                    R 58e     3655532430 9 9 711   119.0  117.0
 21 9528.848418 1.014E-25 1.040E-04.07200.096  163.86840.71-.010279       2 0 0 32       0 0 0 01                    R 20e     3666632430 9 9 711    43.0   41.0
 21 9528.857021 3.562E-30 1.275E-07.06510.072 1074.43060.74-.013723       1 2 2 31       0 0 0 01                    P 52e     3355532430 9 9 711   103.0  105.0
 21 9529.100080 2.406E-30 4.899E-05.06970.090 2250.41970.73-.011563       3 1 1 32       1 1 1 02                    P 28f     3366632430 9 9 711    55.0   57.0
 21 9529.148523 1.490E-27 1.090E-04.06400.070 1244.22040.72-.014458       2 0 0 32       0 0 0 01                    R 56e     4655532430 9 9 711   115.0  113.0
 21 9529.238425 1.050E-30 6.786E-05.06420.070 2632.50220.73-.013990       3 0 0 31       1 0 0 01                    P 56e     3355532430 9 9 711   111.0  113.0
 21 9529.405377 6.719E-29 5.132E-05.07020.092 1559.44940.73-.011370       3 0 0 32       1 0 0 02                    P 26e     3366632430 9 9 711    51.0   53.0
 21 9529.532180 9.455E-26 1.045E-04.07120.095  197.41660.72-.010580       2 0 0 32       0 0 0 01                    R 22e     3666632430 9 9 711    47.0   45.0
 21 9529.800445 2.186E-27 1.089E-04.06450.071 1157.77410.73-.014274       2 0 0 32       0 0 0 01                    R 54e     4655532430 9 9 711   111.0  109.0
 21 9530.137703 8.615E-26 1.048E-04.07050.093  234.08340.72-.010867       2 0 0 32       0 0 0 01                    R 24e     3666632430 9 9 711    51.0   49.0
 21 9530.239173 2.593E-30 4.910E-05.06990.091 2227.78800.73-.011467       3 1 1 32       1 1 1 02                    P 27e     3366632430 9 9 711    53.0   55.0
 21 9530.373643 3.153E-27 1.087E-04.06490.072 1074.43060.73-.014087       2 0 0 32       0 0 0 01                    R 52e     3655532430 9 9 711   107.0  105.0
 21 9530.536674 9.131E-30 2.665E-05.05950.066 2047.30810.68-.015168       2 0 0 31       0 0 0 01                    P 72e     3655532430 9 9 711   143.0  145.0
 21 9530.664937 7.682E-26 1.052E-04.06990.091  273.86800.73-.011144       2 0 0 32       0 0 0 01                    R 26e     3666632430 9 9 711    55.0   53.0
 21 9530.868097 4.474E-27 1.085E-04.06530.073  994.19130.74-.013894       2 0 0 32       0 0 0 01                    R 50e     4655532430 9 9 711   103.0  101.0
 21 9531.113831 6.711E-26 1.055E-04.06940.089  316.76990.73-.011412       2 0 0 32       0 0 0 01                    R 28e     3666632430 9 9 711    59.0   57.0
 21 9531.283802 6.243E-27 1.083E-04.06570.074  917.05730.74-.013697       2 0 0 32       0 0 0 01                    R 48e     3665632430 9 9 711    99.0   97.0
 21 9531.400080 1.052E-30 1.274E-06.06870.087 1697.58250.74-.010957       4 1 1 21       1 0 0 02                    P 32e     3466632636 9 9 711    63.0   65.0
 21 9531.484335 5.746E-26 1.058E-04.06890.088  362.78830.74-.011670       2 0 0 32       0 0 0 01                    R 30e     3666632430 9 9 711    63.0   61.0
 21 9531.620760 8.567E-27 1.080E-04.06610.075  843.03010.74-.013495       2 0 0 32       0 0 0 01                    R 46e     3665632430 9 9 711    95.0   93.0
 21 9531.679770 2.765E-30 4.928E-05.07020.092 2207.35980.73-.011370       3 1 1 32       1 1 1 02                    P 26f     3366632430 9 9 711    51.0   53.0
 21 9531.776398 4.827E-26 1.062E-04.06850.086  411.92250.74-.011921       2 0 0 32       0 0 0 01                    R 32e     3666632430 9 9 711    67.0   65.0
 21 9531.878983 1.156E-26 1.078E-04.06650.077  772.11070.74-.013287       2 0 0 32       0 0 0 01                    R 44e     4665632430 9 9 711    91.0   89.0
 21 9531.974118 4.345E-30 1.096E-07.06550.074  994.19130.74-.013559       1 2 2 31       0 0 0 01                    P 50e     3355532430 9 9 711    99.0  101.0
 21 9531.989972 3.979E-26 1.065E-04.06810.084  464.17170.74-.012165       2 0 0 32       0 0 0 01                    R 34e     4666632430 9 9 711    71.0   69.0
 21 9531.990054 7.560E-29 5.167E-05.07090.094 1519.64110.72-.011174       3 0 0 32       1 0 0 02                    P 24e     3366632430 9 9 711    47.0   49.0
 21 9532.058490 1.533E-26 1.076E-04.06680.078  704.30050.75-.013075       2 0 0 32       0 0 0 01                    R 42e     4665632430 9 9 711    87.0   85.0
 21 9532.125011 3.220E-26 1.068E-04.06780.083  519.53500.74-.012402       2 0 0 32       0 0 0 01                    R 36e     4666632430 9 9 711    75.0   73.0
 21 9532.159308 1.998E-26 1.073E-04.06710.080  639.60040.75-.012856       2 0 0 32       0 0 0 01                    R 40e     4666632430 9 9 711    83.0   81.0
 21 9532.181470 2.559E-26 1.070E-04.06750.081  578.01160.75-.012632       2 0 0 32       0 0 0 01                    R 38e     4666632430 9 9 711    79.0   77.0
 21 9532.550183 1.562E-30 6.884E-05.06470.071 2546.03630.73-.013832       3 0 0 31       1 0 0 01                    P 54e     3355532430 9 9 711   107.0  109.0
 21 9532.806109 2.946E-30 4.936E-05.07050.093 2186.39130.72-.011273       3 1 1 32       1 1 1 02                    P 25e     3366632430 9 9 711    49.0   51.0
 21 9533.463920 1.327E-30 1.351E-06.06920.088 1648.42100.74-.010788       4 1 1 21       1 0 0 02                    P 30e     3466632636 9 9 711    59.0   61.0
 21 9534.181290 2.972E-30 4.736E-05.07090.094 2167.42810.72-.011174       3 1 1 32       1 1 1 02                    P 24f     3366632430 9 9 711    47.0   49.0
 21 9534.494969 1.554E-29 2.720E-05.06020.066 1936.09530.69-.015029       2 0 0 31       0 0 0 01                    P 70e     3655532430 9 9 711   139.0  141.0
 21 9534.496721 8.321E-29 5.203E-05.07160.095 1482.95210.71-.010973       3 0 0 32       1 0 0 02                    P 22e     3366632430 9 9 711    43.0   45.0
 21 9535.029967 5.177E-30 9.362E-08.06590.075  917.05730.74-.013393       1 2 2 31       0 0 0 01                    P 48e     3365632430 9 9 711    95.0   97.0
 21 9535.292376 3.107E-30 4.709E-05.07120.095 2148.11590.72-.011074       3 1 1 32       1 1 1 02                    P 23e     3366632430 9 9 711    45.0   47.0
 21 9535.496720 1.627E-30 1.422E-06.06970.090 1602.37630.73-.010618       4 1 1 21       1 0 0 02                    P 28e     3466632636 9 9 711    55.0   57.0
 21 9535.801926 2.284E-30 6.978E-05.06510.072 2462.67570.74-.013672       3 0 0 31       1 0 0 01                    P 52e     3355532430 9 9 711   103.0  105.0
 21 9536.612750 3.422E-30 4.987E-05.07160.095 2130.62550.71-.010973       3 1 1 32       1 1 1 02                    P 22f     3366632430 9 9 711    43.0   45.0
 21 9536.924939 8.950E-29 5.244E-05.07250.097 1449.38310.71-.010766       3 0 0 32       1 0 0 02                    P 20e     3366632430 9 9 711    39.0   41.0
 21 9537.021058 1.148E-30 3.211E-05.06080.066 2500.15230.69-.014888       2 1 1 31       0 1 1 01                    P 68f     3355532430 9 9 711   135.0  137.0
 21 9537.165230 1.523E-30 3.297E-05.06110.067 2444.32380.70-.014817       2 1 1 31       0 1 1 01                    P 67e     3655532430 9 9 711   133.0  135.0
 21 9537.497230 1.932E-30 1.478E-06.07020.092 1559.44930.73-.010445       4 1 1 21       1 0 0 02                    P 26e     3466632636 9 9 711    51.0   53.0
 21 9537.707927 3.561E-30 4.996E-05.07200.096 2112.96250.71-.010870       3 1 1 32       1 1 1 02                    P 21e     3366632430 9 9 711    41.0   43.0
 21 9538.024548 6.021E-30 7.937E-08.06630.076  843.03010.74-.013225       1 2 2 31       0 0 0 01                    P 46e     3365632430 9 9 711    91.0   93.0
 21 9538.392422 2.603E-29 2.776E-05.06080.066 1827.97240.69-.014888       2 0 0 31       0 0 0 01                    P 68e     3655532430 9 9 711   135.0  137.0
 21 9538.963378 3.677E-30 5.018E-05.07250.097 2096.95250.71-.010766       3 1 1 32       1 1 1 02                    P 20f     3366632430 9 9 711    39.0   41.0
 21 9538.993176 3.283E-30 7.069E-05.06550.074 2382.42160.74-.013509       3 0 0 31       1 0 0 01                    P 50e     3355532430 9 9 711    99.0  101.0
 21 9539.274164 9.391E-29 5.291E-05.07350.099 1418.93480.70-.010550       3 0 0 32       1 0 0 02                    P 18e     3366632430 9 9 711    35.0   37.0
 21 9539.464216 2.217E-30 1.518E-06.07090.094 1519.64100.72-.010268       4 1 1 21       1 0 0 02                    P 24e     3466632636 9 9 711    47.0   49.0
 21 9540.039665 3.777E-30 5.027E-05.07300.098 2080.93170.70-.010659       3 1 1 32       1 1 1 02                    P 19e     3366632430 9 9 711    37.0   39.0
 21 9540.846731 1.886E-30 3.261E-05.06140.067 2394.84820.70-.014744       2 1 1 31       0 1 1 01                    P 66f     3355532430 9 9 711   131.0  133.0
 21 9540.957839 6.829E-30 6.674E-08.06660.077  772.11070.74-.013054       1 2 2 31       0 0 0 01                    P 44e     3365632430 9 9 711    87.0   89.0
 21 9541.068813 2.477E-30 3.344E-05.06170.067 2340.73210.70-.014672       2 1 1 31       0 1 1 01                    P 65e     3655532430 9 9 711   129.0  131.0
 21 9541.238017 3.849E-30 5.048E-05.07350.099 2066.41000.70-.010550       3 1 1 32       1 1 1 02                    P 18f     3366632430 9 9 711    35.0   37.0
 21 9541.397040 2.450E-30 1.534E-06.07160.095 1482.95200.71-.010088       4 1 1 21       1 0 0 02                    P 22e     3466632636 9 9 711    43.0   45.0
 21 9541.543703 9.591E-29 5.344E-05.07460.101 1391.60780.69-.010322       3 0 0 32       1 0 0 02                    P 16e     3366632430 9 9 711    31.0   33.0
 21 9542.123473 4.639E-30 7.159E-05.06590.075 2305.27510.74-.013344       3 0 0 31       1 0 0 01                    P 48e     3365632430 9 9 711    95.0   97.0
 21 9542.228395 4.287E-29 2.830E-05.06140.067 1722.94130.70-.014744       2 0 0 31       0 0 0 01                    P 66e     3655532430 9 9 711   131.0  133.0
 21 9542.293388 3.898E-30 5.057E-05.07400.100 2052.02410.70-.010438       3 1 1 32       1 1 1 02                    P 17e     3366632430 9 9 711    33.0   35.0
 21 9543.294860 2.592E-30 1.521E-06.07250.097 1449.38310.71-.009902       4 1 1 21       1 0 0 02                    P 20e     3466632636 9 9 711    39.0   41.0
 21 9543.436280 3.917E-30 5.079E-05.07460.101 2038.99840.69-.010322       3 1 1 32       1 1 1 02                    P 16f     3366632430 9 9 711    31.0   33.0
 21 9543.732667 9.503E-29 5.407E-05.07590.103 1367.40260.68-.010078       3 0 0 32       1 0 0 02                    P 14e     3366632430 9 9 711    27.0   29.0
 21 9543.829814 7.547E-30 5.564E-08.06700.079  704.30050.75-.012881       1 2 2 31       0 0 0 01                    P 42e     3365632430 9 9 711    83.0   85.0
 21 9544.468591 3.906E-30 5.090E-05.07520.102 2026.24040.69-.010203       3 1 1 32       1 1 1 02                    P 15e     3366632430 9 9 711    29.0   31.0
 21 9544.609464 3.047E-30 3.310E-05.06210.068 2292.64530.71-.014598       2 1 1 31       0 1 1 01                    P 64f     3355532430 9 9 711   127.0  129.0
 21 9544.905799 3.962E-30 3.390E-05.06230.068 2240.23750.71-.014524       2 1 1 31       0 1 1 01                    P 63e     3655532430 9 9 711   125.0  127.0
 21 9545.157306 2.608E-30 1.471E-06.07350.099 1418.93480.70-.009708       4 1 1 21       1 0 0 02                    P 18e     3466632636 9 9 711    35.0   37.0
 21 9545.192378 6.442E-30 7.247E-05.06630.076 2231.23730.74-.013176       3 0 0 31       1 0 0 01                    P 46e     3365632430 9 9 711    91.0   93.0
 21 9545.558081 3.861E-30 5.110E-05.07590.103 2014.71820.68-.010078       3 1 1 32       1 1 1 02                    P 14f     3366632430 9 9 711    27.0   29.0
 21 9545.839935 9.090E-29 5.483E-05.07740.105 1346.31960.68-.009809       3 0 0 32       1 0 0 02                    P 12e     3366632430 9 9 711    23.0   25.0
 21 9546.002274 6.944E-29 2.883E-05.06210.068 1621.00360.71-.014598       2 0 0 31       0 0 0 01                    P 64e     3655532430 9 9 711   127.0  129.0
 21 9546.565106 3.783E-30 5.124E-05.07660.104 2003.58080.68-.009947       3 1 1 32       1 1 1 02                    P 13e     3366632430 9 9 711    25.0   27.0
 21 9546.640446 8.119E-30 4.595E-08.06730.080  639.60040.75-.012706       1 2 2 31       0 0 0 01                    P 40e     3366632430 9 9 711    79.0   81.0
 21 9546.858412 1.073E-30 9.198E-05.06800.084 2597.89790.74-.012304       3 1 1 31       1 1 1 01                    P 36f     3366632430 9 9 711    71.0   73.0
 21 9546.984046 2.490E-30 1.389E-06.07460.101 1391.60780.69-.009504       4 1 1 21       1 0 0 02                    P 16e     3466632636 9 9 711    31.0   33.0
 21 9547.603381 3.669E-30 5.146E-05.07740.105 1993.57010.68-.009809       3 1 1 32       1 1 1 02                    P 12f     3366632430 9 9 711    23.0   25.0
 21 9547.864134 8.329E-29 5.575E-05.07910.108 1328.35940.68-.009504       3 0 0 32       1 0 0 02                    P 10e     3366632430 9 9 711    19.0   21.0
 21 9547.989740 1.202E-30 9.196E-05.06810.084 2568.57240.74-.012213       3 1 1 31       1 1 1 01                    P 35e     3366632430 9 9 711    69.0   71.0
 21 9548.199470 8.790E-30 7.331E-05.06660.077 2160.30910.74-.013006       3 0 0 31       1 0 0 01                    P 44e     3365632430 9 9 711    87.0   89.0
 21 9548.308801 4.843E-30 3.358E-05.06260.068 2193.54520.71-.014450       2 1 1 31       0 1 1 01                    P 62f     3355532430 9 9 711   123.0  125.0
 21 9548.582816 3.520E-30 5.164E-05.07820.107 1984.04590.68-.009662       3 1 1 32       1 1 1 02                    P 11e     3366632430 9 9 711    21.0   23.0
 21 9548.675701 6.234E-30 3.434E-05.06290.069 2142.84200.71-.014375       2 1 1 31       0 1 1 01                    P 61e     3655532430 9 9 711   121.0  123.0
 21 9548.775266 2.204E-30 1.255E-06.07590.103 1367.40250.68-.009285       4 1 1 21       1 0 0 02                    P 14e     3466632636 9 9 711    27.0   29.0
 21 9549.389705 8.492E-30 3.755E-08.06760.082  578.01160.75-.012529       1 2 2 31       0 0 0 01                    P 38e     3366632430 9 9 711    75.0   77.0
 21 9549.553634 1.338E-30 9.284E-05.06830.085 2542.37180.74-.012122       3 1 1 31       1 1 1 01                    P 34f     3366632430 9 9 711    67.0   69.0
 21 9549.572158 3.334E-30 5.188E-05.07910.108 1975.55420.68-.009504       3 1 1 32       1 1 1 02                    P 10f     3366632430 9 9 711    19.0   21.0
 21 9549.713466 1.106E-28 2.935E-05.06260.068 1522.16110.71-.014450       2 0 0 31       0 0 0 01                    P 62e     3655532430 9 9 711   123.0  125.0
 21 9549.803652 7.216E-29 5.695E-05.08110.111 1313.52210.68-.009148       3 0 0 32       1 0 0 02                    P  8e     3366632430 9 9 711    15.0   17.0
 21 9550.521619 3.112E-30 5.209E-05.08010.109 1967.63600.68-.009334       3 1 1 32       1 1 1 02                    P  9e     3366632430 9 9 711    17.0   19.0
 21 9550.531345 1.789E-30 1.080E-06.07740.105 1346.31960.68-.009044       4 1 1 21       1 0 0 02                    P 12e     3466632636 9 9 711    23.0   25.0
 21 9550.679522 1.484E-30 9.282E-05.06850.086 2514.73720.74-.012031       3 1 1 31       1 1 1 01                    P 33e     3366632430 9 9 711    65.0   67.0
 21 9551.144345 1.178E-29 7.411E-05.06700.079 2092.49160.75-.012834       3 0 0 31       1 0 0 01                    P 42e     3365632430 9 9 711    83.0   85.0
 21 9551.464396 2.856E-30 5.239E-05.08110.111 1960.67110.68-.009148       3 1 1 32       1 1 1 02                    P  8f     3366632430 9 9 711    15.0   17.0
 21 9551.656730 5.770E-29 5.868E-05.08340.114 1301.80820.68-.008713       3 0 0 32       1 0 0 02                    P  6e     3366632430 9 9 711    11.0   13.0
 21 9551.944300 7.570E-30 3.405E-05.06320.069 2097.54970.72-.014299       2 1 1 31       0 1 1 01                    P 60f     3355532430 9 9 711   119.0  121.0
 21 9552.077557 8.624E-30 3.033E-08.06800.084  519.53500.74-.012349       1 2 2 31       0 0 0 01                    P 36e     3366632430 9 9 711    71.0   73.0
 21 9552.184696 1.636E-30 9.363E-05.06870.087 2489.96950.74-.011938       3 1 1 31       1 1 1 01                    P 32f     3366632430 9 9 711    63.0   65.0
 21 9552.253119 1.296E-30 8.683E-07.07910.108 1328.35930.68-.008771       4 1 1 21       1 0 0 02                    P 10e     3466632636 9 9 711    19.0   21.0
 21 9552.378057 9.647E-30 3.478E-05.06350.069 2048.54690.72-.014223       2 1 1 31       0 1 1 01                    P 59e     3655532430 9 9 711   117.0  119.0
 21 9552.381426 2.566E-30 5.268E-05.08220.112 1954.35140.68-.008942       3 1 1 32       1 1 1 02                    P  7e     3366632430 9 9 711    13.0   15.0
 21 9552.697105 1.057E-30 3.689E-05.06470.071 2497.16000.73-.013832       2 2 2 31       0 2 2 01                    P 54e     3355532430 9 9 711   107.0  109.0
 21 9553.280080 2.244E-30 5.303E-05.08340.114 1948.92090.68-.008713       3 1 1 32       1 1 1 02                    P  6f     3366632430 9 9 711    11.0   13.0
 21 9553.303760 1.798E-30 9.370E-05.06890.088 2464.01850.74-.011845       3 1 1 31       1 1 1 01                    P 31e     3366632430 9 9 711    61.0   63.0
 21 9553.361398 1.733E-28 2.987E-05.06320.069 1426.41530.72-.014299       2 0 0 31       0 0 0 01                    P 60e     3655532430 9 9 711   119.0  121.0
 21 9553.421630 4.034E-29 6.186E-05.08620.118 1293.21780.69-.008151       3 0 0 32       1 0 0 02                    P  4e     3366632430 9 9 711     7.0    9.0
 21 9554.026620 1.552E-29 7.495E-05.06730.080 2027.78570.75-.012660       3 0 0 31       1 0 0 01                    P 40e     3366632430 9 9 711    79.0   81.0
 21 9554.162158 1.890E-30 5.336E-05.08470.116 1944.19240.69-.008453       3 1 1 32       1 1 1 02                    P  5e     3366632430 9 9 711     9.0   11.0
 21 9554.579097 1.281E-30 3.712E-05.06490.072 2454.95160.73-.013752       2 2 2 31       0 2 2 01                    P 53f     3355532430 9 9 711   105.0  107.0
 21 9554.703970 8.488E-30 2.418E-08.06830.085  464.17170.74-.012167       1 2 2 31       0 0 0 01                    P 34e     3366632430 9 9 711    67.0   69.0
 21 9554.751359 1.962E-30 9.441E-05.06920.088 2440.69170.74-.011752       3 1 1 31       1 1 1 01                    P 30f     3366632430 9 9 711    59.0   61.0
 21 9555.019195 1.506E-30 5.366E-05.08620.118 1940.30390.69-.008151       3 1 1 32       1 1 1 02                    P  4f     3366632430 9 9 711     7.0    9.0
 21 9555.096876 2.080E-29 7.250E-05.09030.123 1287.75110.69-.007278       3 0 0 32       1 0 0 02                    P  2e     3366632430 9 9 711     3.0    5.0
 21 9555.515533 1.164E-29 3.452E-05.06370.070 2004.66030.72-.014146       2 1 1 31       0 1 1 01                    P 58f     3355532430 9 9 711   115.0  117.0
 21 9555.862110 2.135E-30 9.453E-05.06940.089 2416.41710.73-.011658       3 1 1 31       1 1 1 01                    P 29e     3366632430 9 9 711    57.0   59.0
 21 9555.863751 1.088E-30 5.346E-05.08800.120 1937.15910.70-.007781       3 1 1 32       1 1 1 02                    P  3e     3366632430 9 9 711     5.0    7.0
 21 9556.012425 1.468E-29 3.521E-05.06400.070 1957.35410.72-.014068       2 1 1 31       0 1 1 01                    P 57e     3655532430 9 9 711   113.0  115.0
 21 9556.130822 1.543E-30 3.728E-05.06510.072 2413.51360.74-.013672       2 2 2 31       0 2 2 01                    P 52e     3355532430 9 9 711   103.0  105.0
 21 9556.845931 2.007E-29 7.572E-05.06760.082 1966.19230.75-.012483       3 0 0 31       1 0 0 01                    P 38e     3366632430 9 9 711    75.0   77.0
 21 9556.945517 2.670E-28 3.037E-05.06370.070 1333.76790.72-.014146       2 0 0 31       0 0 0 01                    P 58e     3655532430 9 9 711   115.0  117.0
 21 9557.253400 2.307E-30 9.521E-05.06970.090 2394.53920.73-.011563       3 1 1 31       1 1 1 01                    P 28f     3366632430 9 9 711    55.0   57.0
 21 9557.268908 8.083E-30 1.901E-08.06870.087  411.92250.74-.011982       1 2 2 31       0 0 0 01                    P 32e     3366632430 9 9 711    63.0   65.0
 21 9557.439764 1.053E-29 3.630E-05.09490.127 1285.40820.69-.005491       3 0 0 32       1 0 0 02                    R  0e     3366632430 9 9 711     3.0    1.0
 21 9557.955403 1.855E-30 3.752E-05.06530.073 2372.86130.74-.013591       2 2 2 31       0 2 2 01                    P 51f     3355532430 9 9 711   101.0  103.0
 21 9558.354257 2.484E-30 9.533E-05.06990.091 2371.93370.73-.011467       3 1 1 31       1 1 1 01                    P 27e     3366632430 9 9 711    53.0   55.0
 21 9558.888325 3.118E-29 4.661E-05.08800.120 1287.75110.70-.006010       3 0 0 32       1 0 0 02                    R  2e     3366632430 9 9 711     7.0    5.0
 21 9559.022085 1.759E-29 3.496E-05.06420.070 1914.87870.73-.013990       2 1 1 31       0 1 1 01                    P 56f     3355532430 9 9 711   111.0  113.0
 21 9559.495043 2.216E-30 3.769E-05.06550.074 2332.98210.74-.013509       2 2 2 31       0 2 2 01                    P 50e     3355532430 9 9 711    99.0  101.0
 21 9559.578384 2.198E-29 3.564E-05.06450.071 1869.26490.73-.013912       2 1 1 31       0 1 1 01                    P 55e     3655532430 9 9 711   109.0  111.0
 21 9559.601932 2.549E-29 7.649E-05.06800.084 1907.71230.74-.012304       3 0 0 31       1 0 0 01                    P 36e     3366632430 9 9 711    71.0   73.0
 21 9559.690613 2.656E-30 9.595E-05.07020.092 2351.51260.73-.011370       3 1 1 31       1 1 1 01                    P 26f     3366632430 9 9 711    51.0   53.0
 21 9559.772334 7.428E-30 1.470E-08.06920.088  362.78830.74-.011795       1 2 2 31       0 0 0 01                    P 30e     3366632430 9 9 711    59.0   61.0
 21 9560.247126 5.040E-29 4.925E-05.08470.116 1293.21780.69-.006773       3 0 0 32       1 0 0 02                    R  4e     3366632430 9 9 711    11.0    9.0
 21 9560.465295 4.044E-28 3.086E-05.06420.070 1244.22040.73-.013990       2 0 0 31       0 0 0 01                    P 56e     3655532430 9 9 711   111.0  113.0
 21 9560.502803 1.104E-30 3.834E-05.08800.120 1934.82030.70-.006010       3 1 1 32       1 1 1 02                    R  2f     3366632430 9 9 711     7.0    5.0
 21 9560.779911 2.829E-30 9.610E-05.07050.093 2330.56900.72-.011273       3 1 1 31       1 1 1 01                    P 25e     3366632430 9 9 711    49.0   51.0
 21 9561.195455 1.535E-30 4.195E-05.08620.118 1937.15910.69-.006401       3 1 1 32       1 1 1 02                    R  3e     3366632430 9 9 711     9.0    7.0
 21 9561.264675 2.641E-30 3.792E-05.06570.074 2293.88680.74-.013427       2 2 2 31       0 2 2 01                    P 49f     3365632430 9 9 711    97.0   99.0
 21 9561.517583 6.732E-29 5.031E-05.08220.112 1301.80820.68-.007429       3 0 0 32       1 0 0 02                    R  6e     3366632430 9 9 711    15.0   13.0
 21 9561.897053 1.935E-30 4.394E-05.08470.116 1940.30390.69-.006773       3 1 1 32       1 1 1 02                    R  4f     3366632430 9 9 711    11.0    9.0
 21 9562.062806 2.993E-30 9.669E-05.07090.094 2311.61260.72-.011174       3 1 1 31       1 1 1 01                    P 24f     3366632430 9 9 711    47.0   49.0
 21 9562.214212 6.570E-30 1.116E-08.06970.090  316.76990.73-.011604       1 2 2 31       0 0 0 01                    P 28e     3366632430 9 9 711    55.0   57.0
 21 9562.294294 3.176E-29 7.721E-05.06830.085 1852.34660.74-.012122       3 0 0 31       1 0 0 01                    P 34e     3366632430 9 9 711    67.0   69.0
 21 9562.463557 2.615E-29 3.540E-05.06470.071 1828.20620.73-.013832       2 1 1 31       0 1 1 01                    P 54f     3355532430 9 9 711   107.0  109.0
 21 9562.540461 2.308E-30 4.519E-05.08340.114 1944.19240.68-.007115       3 1 1 32       1 1 1 02                    R  5e     3366632430 9 9 711    13.0   11.0
 21 9562.701374 8.130E-29 5.079E-05.08010.109 1313.52210.68-.007984       3 0 0 32       1 0 0 02                    R  8e     3366632430 9 9 711    19.0   17.0
 21 9562.789562 3.128E-30 3.808E-05.06590.075 2255.56680.74-.013344       2 2 2 31       0 2 2 01                    P 48e     3365632430 9 9 711    95.0   97.0
 21 9563.075531 3.234E-29 3.604E-05.06490.072 1784.28080.73-.013752       2 1 1 31       0 1 1 01                    P 53e     3655532430 9 9 711   105.0  107.0
 21 9563.138805 3.152E-30 9.685E-05.07120.095 2292.32370.72-.011074       3 1 1 31       1 1 1 01                    P 23e     3366632430 9 9 711    45.0   47.0
 21 9563.214570 2.652E-30 4.606E-05.08220.112 1948.92090.68-.007429       3 1 1 32       1 1 1 02                    R  6f     3366632430 9 9 711    15.0   13.0
 21 9563.800198 9.192E-29 5.100E-05.07820.107 1328.35940.68-.008464       3 0 0 32       1 0 0 02                    R 10e     3366632430 9 9 711    23.0   21.0
 21 9563.806207 2.966E-30 4.667E-05.08110.111 1954.35140.68-.007717       3 1 1 32       1 1 1 02                    R  7e     3366632430 9 9 711    17.0   15.0
 21 9563.920219 6.023E-28 3.135E-05.06470.071 1157.77410.73-.013832       2 0 0 31       0 0 0 01                    P 54e     3655532430 9 9 711   107.0  109.0
 21 9564.369802 3.297E-30 9.741E-05.07160.095 2274.83980.71-.010973       3 1 1 31       1 1 1 01                    P 22f     3366632430 9 9 711    43.0   45.0
 21 9564.455308 3.247E-30 4.715E-05.08010.109 1960.67110.68-.007984       3 1 1 32       1 1 1 02                    R  8f     3366632430 9 9 711    19.0   17.0
 21 9564.506513 3.695E-30 3.830E-05.06610.075 2218.02950.74-.013260       2 2 2 31       0 2 2 01                    P 47f     3365632430 9 9 711    93.0   95.0
 21 9564.594503 5.573E-30 8.288E-09.07020.092  273.86800.73-.011411       1 2 2 31       0 0 0 01                    P 26e     3366632430 9 9 711    51.0   53.0
 21 9564.815606 9.903E-29 5.109E-05.07660.104 1346.31960.68-.008889       3 0 0 32       1 0 0 02                    R 12e     3366632430 9 9 711    27.0   25.0
 21 9564.922709 3.884E-29 7.794E-05.06870.087 1800.09570.74-.011938       3 0 0 31       1 0 0 01                    P 32e     3366632430 9 9 711    63.0   65.0
 21 9564.992712 3.495E-30 4.750E-05.07910.108 1967.63600.68-.008232       3 1 1 32       1 1 1 02                    R  9e     3366632430 9 9 711    21.0   19.0
 21 9565.430696 3.431E-30 9.760E-05.07200.096 2257.19830.71-.010870       3 1 1 31       1 1 1 01                    P 21e     3366632430 9 9 711    41.0   43.0
 21 9565.619222 3.707E-30 4.782E-05.07820.107 1975.55420.68-.008464       3 1 1 32       1 1 1 02                    R 10f     3366632430 9 9 711    23.0   21.0
 21 9565.748911 1.026E-28 5.108E-05.07520.102 1367.40260.69-.009275       3 0 0 32       1 0 0 02                    R 14e     3366632430 9 9 711    31.0   29.0
 21 9565.839563 3.822E-29 3.583E-05.06510.072 1744.64440.74-.013672       2 1 1 31       0 1 1 01                    P 52f     3355532430 9 9 711   103.0  105.0
 21 9566.014187 4.339E-30 3.845E-05.06630.076 2181.26900.74-.013176       2 2 2 31       0 2 2 01                    P 46e     3365632430 9 9 711    91.0   93.0
 21 9566.100009 3.883E-30 4.803E-05.07740.105 1984.04590.68-.008682       3 1 1 32       1 1 1 02                    R 11e     3366632430 9 9 711    25.0   23.0
 21 9566.503484 4.680E-29 3.645E-05.06530.073 1702.40320.74-.013591       2 1 1 31       0 1 1 01                    P 51e     3655532430 9 9 711   101.0  103.0
 21 9566.601175 1.030E-28 5.110E-05.07400.100 1391.60780.70-.009631       3 0 0 32       1 0 0 02                    R 16e     3366632430 9 9 711    35.0   33.0
 21 9566.611435 3.545E-30 9.810E-05.07250.097 2241.19470.71-.010766       3 1 1 31       1 1 1 01                    P 20f     3366632430 9 9 711    39.0   41.0
 21 9566.706268 4.021E-30 4.824E-05.07660.104 1993.57010.68-.008889       3 1 1 32       1 1 1 02                    R 12f     3366632430 9 9 711    27.0   25.0
 21 9566.913170 4.514E-30 6.007E-09.07090.094  234.08340.72-.011214       1 2 2 31       0 0 0 01                    P 24e     3366632430 9 9 711    47.0   49.0
 21 9567.128141 4.125E-30 4.837E-05.07590.103 2003.58080.68-.009087       3 1 1 32       1 1 1 02                    R 13e     3366632430 9 9 711    29.0   27.0
 21 9567.309800 8.819E-28 3.182E-05.06510.072 1074.43060.74-.013672       2 0 0 31       0 0 0 01                    P 52e     4655532430 9 9 711   103.0  105.0
 21 9567.331143 1.241E-30 4.747E-05.06400.070 2530.23390.72-.014458       3 0 0 32       1 0 0 02                    R 56e     3355532430 9 9 711   115.0  113.0
 21 9567.373225 1.004E-28 5.106E-05.07300.098 1418.93480.70-.009965       3 0 0 32       1 0 0 02                    R 18e     3366632430 9 9 711    39.0   37.0
 21 9567.486886 4.657E-29 7.863E-05.06920.088 1750.96060.74-.011752       3 0 0 31       1 0 0 01                    P 30e     3366632430 9 9 711    59.0   61.0
 21 9567.655362 3.644E-30 9.836E-05.07300.098 2225.19330.70-.010659       3 1 1 31       1 1 1 01                    P 19e     3366632430 9 9 711    37.0   39.0
 21 9567.680540 5.080E-30 3.866E-05.06650.077 2145.29050.74-.013092       2 2 2 31       0 2 2 01                    P 45f     3365632430 9 9 711    89.0   91.0
 21 9567.716408 4.190E-30 4.853E-05.07520.102 2014.71820.69-.009275       3 1 1 32       1 1 1 02                    R 14f     3366632430 9 9 711    31.0   29.0
 21 9568.002409 1.842E-30 4.796E-05.06450.071 2443.76040.73-.014274       3 0 0 32       1 0 0 02                    R 54e     3355532430 9 9 711   111.0  109.0
 21 9568.065696 9.544E-29 5.105E-05.07200.096 1449.38310.71-.010279       3 0 0 32       1 0 0 02                    R 20e     3366632430 9 9 711    43.0   41.0
 21 9568.077171 4.224E-30 4.861E-05.07460.101 2026.24040.69-.009457       3 1 1 32       1 1 1 02                    R 15e     3366632430 9 9 711    33.0   31.0
 21 9568.491599 1.412E-30 7.842E-07.07820.107 1328.35930.68-.007714       4 1 1 21       1 0 0 02                    R 10e     3466632636 9 9 711    23.0   21.0
 21 9568.604979 2.685E-30 4.836E-05.06490.072 2360.38860.73-.014087       3 0 0 32       1 0 0 02                    R 52e     3355532430 9 9 711   107.0  105.0
 21 9568.649621 4.220E-30 4.872E-05.07400.100 2038.99840.70-.009631       3 1 1 32       1 1 1 02                    R 16f     3366632430 9 9 711    35.0   33.0
 21 9568.679071 8.855E-29 5.102E-05.07120.095 1482.95210.72-.010580       3 0 0 32       1 0 0 02                    R 22e     3366632430 9 9 711    47.0   45.0
 21 9568.787558 3.716E-30 9.884E-05.07350.099 2210.67790.70-.010550       3 1 1 31       1 1 1 01                    P 18f     3366632430 9 9 711    35.0   37.0
 21 9568.947208 4.191E-30 4.877E-05.07350.099 2052.02410.70-.009800       3 1 1 32       1 1 1 02                    R 17e     3366632430 9 9 711    37.0   35.0
 21 9569.136589 3.847E-30 4.873E-05.06530.073 2280.12000.74-.013894       3 0 0 32       1 0 0 02                    R 50e     3355532430 9 9 711   103.0  101.0
 21 9569.149730 5.492E-29 3.626E-05.06550.074 1664.19460.74-.013509       2 1 1 31       0 1 1 01                    P 50f     3355532430 9 9 711    99.0  101.0
 21 9569.168739 5.914E-30 3.881E-05.06660.077 2110.09010.74-.013006       2 2 2 31       0 2 2 01                    P 44e     3365632430 9 9 711    87.0   89.0
 21 9569.170174 3.473E-30 4.229E-09.07160.095  197.41660.71-.011012       1 2 2 31       0 0 0 01                    P 22e     3366632430 9 9 711    43.0   45.0
 21 9569.213730 8.032E-29 5.098E-05.07050.093 1519.64110.72-.010867       3 0 0 32       1 0 0 02                    R 24e     3366632430 9 9 711    51.0   49.0
 21 9569.505933 4.126E-30 4.885E-05.07300.098 2066.41000.70-.009965       3 1 1 32       1 1 1 02                    R 18f     3366632430 9 9 711    39.0   37.0
 21 9569.595784 5.417E-30 4.907E-05.06570.074 2202.95620.74-.013697       3 0 0 32       1 0 0 02                    R 48e     3365632430 9 9 711    99.0   97.0
 21 9569.669982 7.131E-29 5.094E-05.06990.091 1559.44940.73-.011144       3 0 0 32       1 0 0 02                    R 26e     3366632430 9 9 711    55.0   53.0
 21 9569.738698 4.041E-30 4.884E-05.07250.097 2080.93170.71-.010124       3 1 1 32       1 1 1 02                    R 19e     3366632430 9 9 711    41.0   39.0
 21 9569.812602 3.767E-30 9.912E-05.07400.100 2196.30940.70-.010438       3 1 1 31       1 1 1 01                    P 17e     3366632430 9 9 711    33.0   35.0
 21 9569.858205 1.834E-30 9.471E-07.07660.104 1346.31960.68-.008110       4 1 1 21       1 0 0 02                    R 12e     3466632636 9 9 711    27.0   25.0
 21 9569.861877 6.658E-29 3.684E-05.06570.074 1623.63350.74-.013427       2 1 1 31       0 1 1 01                    P 49e     3665632430 9 9 711    97.0   99.0
 21 9569.981520 7.496E-30 4.937E-05.06610.075 2128.89870.74-.013495       3 0 0 32       1 0 0 02                    R 46e     3365632430 9 9 711    95.0   93.0
 21 9569.986553 5.474E-29 7.931E-05.06970.090 1704.94190.73-.011563       3 0 0 31       1 0 0 01                    P 28e     3366632430 9 9 711    55.0   57.0
 21 9570.048094 6.201E-29 5.088E-05.06940.089 1602.37630.73-.011412       3 0 0 32       1 0 0 02                    R 28e     3366632430 9 9 711    59.0   57.0
 21 9570.285672 3.925E-30 4.890E-05.07200.096 2096.95250.71-.010279       3 1 1 32       1 1 1 02                    R 20f     3366632430 9 9 711    43.0   41.0
 21 9570.292981 1.019E-29 4.963E-05.06650.077 2057.94880.74-.013287       3 0 0 32       1 0 0 02                    R 44e     3365632430 9 9 711    91.0   89.0
 21 9570.348315 5.286E-29 5.081E-05.06890.088 1648.42100.74-.011670       3 0 0 32       1 0 0 02                    R 30e     3366632430 9 9 711    63.0   61.0
 21 9570.445789 3.603E-30 4.637E-05.07160.095 2112.96250.71-.010431       3 1 1 32       1 1 1 02                    R 21e     3366632430 9 9 711    45.0   43.0
 21 9570.529504 1.362E-29 4.990E-05.06680.078 1990.10800.75-.013075       3 0 0 32       1 0 0 02                    R 42e     3365632430 9 9 711    87.0   85.0
 21 9570.570896 4.418E-29 5.071E-05.06850.086 1697.58250.74-.011921       3 0 0 32       1 0 0 02                    R 32e     3366632430 9 9 711    67.0   65.0
 21 9570.633568 1.269E-27 3.228E-05.06550.074  994.19130.74-.013509       2 0 0 31       0 0 0 01                    P 50e     4655532430 9 9 711    99.0  101.0
 21 9570.690528 1.787E-29 5.010E-05.06710.080 1925.37750.75-.012856       3 0 0 32       1 0 0 02                    R 40e     3366632430 9 9 711    83.0   81.0
 21 9570.716100 3.623E-29 5.060E-05.06810.084 1749.86000.74-.012165       3 0 0 32       1 0 0 02                    R 34e     3366632430 9 9 711    71.0   69.0
 21 9570.775572 2.304E-29 5.030E-05.06750.081 1863.75860.75-.012632       3 0 0 32       1 0 0 02                    R 38e     3366632430 9 9 711    79.0   77.0
 21 9570.784218 2.916E-29 5.046E-05.06780.083 1805.25230.74-.012402       3 0 0 32       1 0 0 02                    R 36e     3366632430 9 9 711    75.0   73.0
 21 9570.786399 6.864E-30 3.902E-05.06680.078 2075.67110.75-.012921       2 2 2 31       0 2 2 01                    P 43f     3365632430 9 9 711    85.0   87.0
 21 9570.898032 3.786E-30 9.956E-05.07460.101 2183.28970.69-.010322       3 1 1 31       1 1 1 01                    P 16f     3366632430 9 9 711    31.0   33.0
 21 9570.983935 3.482E-30 4.676E-05.07120.095 2130.62550.72-.010580       3 1 1 32       1 1 1 02                    R 22f     3366632430 9 9 711    47.0   45.0
 21 9571.081519 3.488E-30 4.891E-05.07090.094 2148.11590.72-.010725       3 1 1 32       1 1 1 02                    R 23e     3366632430 9 9 711    49.0   47.0
 21 9571.189276 2.160E-30 1.077E-06.07520.102 1367.40250.69-.008470       4 1 1 21       1 0 0 02                    R 14e     3466632636 9 9 711    31.0   29.0
 21 9571.365478 2.519E-30 2.874E-09.07250.097  163.86840.71-.010804       1 2 2 31       0 0 0 01                    P 20e     3366632430 9 9 711    39.0   41.0
 21 9571.611433 3.306E-30 4.893E-05.07050.093 2167.42810.72-.010867       3 1 1 32       1 1 1 02                    R 24f     3366632430 9 9 711    51.0   49.0
 21 9571.635878 3.133E-30 4.893E-05.07020.092 2186.39130.73-.011007       3 1 1 32       1 1 1 02                    R 25e     3366632430 9 9 711    53.0   51.0
 21 9571.902238 3.779E-30 9.987E-05.07520.102 2170.54690.69-.010203       3 1 1 31       1 1 1 01                    P 15e     3366632430 9 9 711    29.0   31.0
 21 9572.111254 2.754E-30 4.891E-05.06970.090 2227.78800.73-.011279       3 1 1 32       1 1 1 02                    R 27e     3366632430 9 9 711    57.0   55.0
 21 9572.159998 2.935E-30 4.892E-05.06990.091 2207.35980.73-.011144       3 1 1 32       1 1 1 02                    R 26f     3366632430 9 9 711    55.0   53.0
 21 9572.253052 7.922E-30 3.917E-05.06700.079 2042.03130.75-.012834       2 2 2 31       0 2 2 01                    P 42e     3365632430 9 9 711    83.0   85.0
 21 9572.393700 7.758E-29 3.668E-05.06590.075 1586.85820.74-.013344       2 1 1 31       0 1 1 01                    P 48f     3365632430 9 9 711    95.0   97.0
 21 9572.421453 6.302E-29 7.998E-05.07020.092 1662.04020.73-.011370       3 0 0 31       1 0 0 01                    P 26e     3366632430 9 9 711    51.0   53.0
 21 9572.484316 2.339E-30 1.162E-06.07400.100 1391.60780.70-.008801       4 1 1 21       1 0 0 02                    R 16e     3466632636 9 9 711    35.0   33.0
 21 9572.507868 2.370E-30 4.884E-05.06920.088 2272.30520.74-.011542       3 1 1 32       1 1 1 02                    R 29e     3366632430 9 9 711    61.0   59.0
 21 9572.631580 2.550E-30 4.885E-05.06940.089 2250.41970.73-.011412       3 1 1 32       1 1 1 02                    R 28f     3366632430 9 9 711    59.0   57.0
 21 9572.825850 2.000E-30 4.876E-05.06870.087 2319.94220.74-.011797       3 1 1 32       1 1 1 02                    R 31e     3366632430 9 9 711    65.0   63.0
 21 9572.942736 3.738E-30 1.004E-04.07590.103 2159.03060.68-.010078       3 1 1 31       1 1 1 01                    P 14f     3366632430 9 9 711    27.0   29.0
 21 9573.026411 2.171E-30 4.875E-05.06890.088 2296.60700.74-.011670       3 1 1 32       1 1 1 02                    R 30f     3366632430 9 9 711    63.0   61.0
 21 9573.065327 1.655E-30 4.865E-05.06830.085 2370.69800.74-.012044       3 1 1 32       1 1 1 02                    R 33e     3366632430 9 9 711    69.0   67.0
 21 9573.150363 9.310E-29 3.722E-05.06610.075 1547.97300.74-.013260       2 1 1 31       0 1 1 01                    P 47e     3665632430 9 9 711    93.0   95.0
 21 9573.226444 1.344E-30 4.852E-05.06800.084 2424.57170.74-.012284       3 1 1 32       1 1 1 02                    R 35e     3366632430 9 9 711    73.0   71.0
 21 9573.309375 1.071E-30 4.836E-05.06760.082 2481.56240.75-.012518       3 1 1 32       1 1 1 02                    R 37e     3366632430 9 9 711    77.0   75.0
 21 9573.344670 1.812E-30 4.863E-05.06850.086 2345.92090.74-.011921       3 1 1 32       1 1 1 02                    R 32f     3366632430 9 9 711    67.0   65.0
 21 9573.376671 1.012E-30 4.089E-05.06870.087 2417.44140.74-.011938       2 3 3 31       0 3 3 01                    P 32f     3366632430 9 9 711    63.0   65.0
 21 9573.499045 1.707E-30 1.873E-09.07350.099  133.43930.70-.010587       1 2 2 31       0 0 0 01                    P 18e     3366632430 9 9 711    35.0   37.0
 21 9573.586550 1.483E-30 4.846E-05.06810.084 2398.36040.74-.012165       3 1 1 32       1 1 1 02                    R 34f     3366632430 9 9 711    71.0   69.0
 21 9573.743146 2.394E-30 1.219E-06.07300.098 1418.93480.70-.009112       4 1 1 21       1 0 0 02                    R 18e     3466632636 9 9 711    39.0   37.0
 21 9573.752279 1.192E-30 4.831E-05.06780.083 2453.92450.74-.012402       3 1 1 32       1 1 1 02                    R 36f     3366632430 9 9 711    75.0   73.0
 21 9573.823752 9.111E-30 3.936E-05.06710.080 2009.17250.75-.012747       2 2 2 31       0 2 2 01                    P 41f     3365632430 9 9 711    81.0   83.0
 21 9573.891073 1.796E-27 3.274E-05.06590.075  917.05730.74-.013344       2 0 0 31       0 0 0 01                    P 48e     4665632430 9 9 711    95.0   97.0
 21 9573.924107 3.665E-30 1.007E-04.07660.104 2147.90620.68-.009947       3 1 1 31       1 1 1 01                    P 13e     3366632430 9 9 711    25.0   27.0
 21 9574.704559 1.110E-30 4.101E-05.06890.088 2392.34750.74-.011845       2 3 3 31       0 3 3 01                    P 31e     3366632430 9 9 711    61.0   63.0
 21 9574.791349 7.101E-29 8.063E-05.07090.094 1622.25620.72-.011174       3 0 0 31       1 0 0 01                    P 24e     3366632430 9 9 711    47.0   49.0
 21 9574.921559 3.556E-30 1.012E-04.07740.105 2137.90100.68-.009809       3 1 1 31       1 1 1 01                    P 12f     3366632430 9 9 711    23.0   25.0
 21 9574.965980 2.320E-30 1.243E-06.07200.096 1449.38310.71-.009405       4 1 1 21       1 0 0 02                    R 20e     3466632636 9 9 711    43.0   41.0
 21 9575.266970 1.042E-29 3.950E-05.06730.080 1977.09380.75-.012660       2 2 2 31       0 2 2 01                    P 40e     3366632430 9 9 711    79.0   81.0
 21 9575.570836 1.067E-30 1.158E-09.07460.101  106.12970.69-.010359       1 2 2 31       0 0 0 01                    P 16e     3366632430 9 9 711    31.0   33.0
 21 9575.571129 1.077E-28 3.708E-05.06630.076 1512.63650.74-.013176       2 1 1 31       0 1 1 01                    P 46f     3365632430 9 9 711    91.0   93.0
 21 9575.878069 3.413E-30 1.016E-04.07820.107 2128.38770.68-.009662       3 1 1 31       1 1 1 01                    P 11e     3366632430 9 9 711    21.0   23.0
 21 9576.015621 1.212E-30 4.115E-05.06920.088 2368.03680.74-.011752       2 3 3 31       0 3 3 01                    P 30f     3366632430 9 9 711    59.0   61.0
 21 9576.153240 2.147E-30 1.239E-06.07120.095 1482.95200.72-.009684       4 1 1 21       1 0 0 02                    R 22e     3466632636 9 9 711    47.0   45.0
 21 9576.368611 1.280E-28 3.761E-05.06650.077 1475.42300.74-.013092       2 1 1 31       0 1 1 01                    P 45e     3665632430 9 9 711    89.0   91.0
 21 9576.792277 1.188E-29 3.970E-05.06750.081 1945.79590.75-.012571       2 2 2 31       0 2 2 01                    P 39f     3366632430 9 9 711    77.0   79.0
 21 9576.834403 3.234E-30 1.021E-04.07910.108 2119.90110.68-.009504       3 1 1 31       1 1 1 01                    P 10f     3366632430 9 9 711    19.0   21.0
 21 9577.081884 2.497E-27 3.319E-05.06630.076  843.03010.74-.013176       2 0 0 31       0 0 0 01                    P 46e     3665632430 9 9 711    91.0   93.0
 21 9577.096021 7.823E-29 8.129E-05.07160.095 1585.59040.71-.010973       3 0 0 31       1 0 0 01                    P 22e     3366632430 9 9 711    43.0   45.0
 21 9577.305506 1.909E-30 1.214E-06.07050.093 1519.64100.72-.009952       4 1 1 21       1 0 0 02                    R 24e     3466632636 9 9 711    51.0   49.0
 21 9577.309165 1.317E-30 4.130E-05.06940.089 2344.50920.73-.011658       2 3 3 31       0 3 3 01                    P 29e     3366632430 9 9 711    57.0   59.0
 21 9577.763999 3.021E-30 1.026E-04.08010.109 2111.99170.68-.009334       3 1 1 31       1 1 1 01                    P  9e     3366632430 9 9 711    17.0   19.0
 21 9578.210349 1.347E-29 3.985E-05.06760.082 1915.27870.75-.012483       2 2 2 31       0 2 2 01                    P 38e     3366632430 9 9 711    75.0   77.0
 21 9578.423720 1.637E-30 1.171E-06.06990.091 1559.44930.73-.010209       4 1 1 21       1 0 0 02                    R 26e     3466632636 9 9 711    55.0   53.0
 21 9578.585681 1.423E-30 4.141E-05.06970.090 2321.76500.73-.011563       2 3 3 31       0 3 3 01                    P 28f     3366632430 9 9 711    55.0   57.0
 21 9578.681184 2.773E-30 1.032E-04.08110.111 2105.03120.68-.009148       3 1 1 31       1 1 1 01                    P  8f     3366632430 9 9 711    15.0   17.0
 21 9578.681686 1.469E-28 3.747E-05.06660.077 1441.53070.74-.013006       2 1 1 31       0 1 1 01                    P 44f     3365632430 9 9 711    87.0   89.0
 21 9579.335265 8.415E-29 8.194E-05.07250.097 1552.04330.71-.010766       3 0 0 31       1 0 0 01                    P 20e     3366632430 9 9 711    39.0   41.0
 21 9579.508620 1.358E-30 1.116E-06.06940.089 1602.37630.73-.010457       4 1 1 21       1 0 0 02                    R 28e     3466632636 9 9 711    59.0   57.0
 21 9579.516306 1.728E-28 3.796E-05.06680.078 1405.98470.75-.012921       2 1 1 31       0 1 1 01                    P 43e     3665632430 9 9 711    85.0   87.0
 21 9579.581793 2.492E-30 1.038E-04.08220.112 2098.71840.68-.008942       3 1 1 31       1 1 1 01                    P  7e     3366632430 9 9 711    13.0   15.0
 21 9579.691672 1.521E-29 4.003E-05.06780.083 1885.54220.74-.012394       2 2 2 31       0 2 2 01                    P 37f     3366632430 9 9 711    73.0   75.0
 21 9579.844729 1.529E-30 4.151E-05.06990.091 2299.80410.73-.011467       2 3 3 31       0 3 3 01                    P 27e     3366632430 9 9 711    53.0   55.0
 21 9580.205588 3.411E-27 3.361E-05.06660.077  772.11070.74-.013006       2 0 0 31       0 0 0 01                    P 44e     4665632430 9 9 711    87.0   89.0
 21 9580.461827 2.180E-30 1.045E-04.08340.114 2093.29160.68-.008713       3 1 1 31       1 1 1 01                    P  6f     3366632430 9 9 711    11.0   13.0
 21 9580.561580 1.093E-30 1.053E-06.06890.088 1648.42100.74-.010698       4 1 1 21       1 0 0 02                    R 30e     3466632636 9 9 711    63.0   61.0
 21 9581.083050 1.708E-29 4.016E-05.06800.084 1856.58700.74-.012304       2 2 2 31       0 2 2 01                    P 36e     3366632430 9 9 711    71.0   73.0
 21 9581.086601 1.635E-30 4.163E-05.07020.092 2278.62670.73-.011370       2 3 3 31       0 3 3 01                    P 26f     3366632430 9 9 711    51.0   53.0
 21 9581.331362 1.837E-30 1.052E-04.08470.116 2088.56800.69-.008453       3 1 1 31       1 1 1 01                    P  5e     3366632430 9 9 711     9.0   11.0
 21 9581.508894 8.823E-29 8.260E-05.07350.099 1521.61540.70-.010550       3 0 0 31       1 0 0 01                    P 18e     3366632430 9 9 711    35.0   37.0
 21 9581.725054 1.969E-28 3.785E-05.06700.079 1373.54210.75-.012834       2 1 1 31       0 1 1 01                    P 42f     3365632430 9 9 711    83.0   85.0
 21 9582.176271 1.464E-30 1.058E-04.08620.118 2084.68240.69-.008151       3 1 1 31       1 1 1 01                    P  4f     3366632430 9 9 711     7.0    9.0
 21 9582.311018 1.739E-30 4.175E-05.07050.093 2258.23280.72-.011273       2 3 3 31       0 3 3 01                    P 25e     3366632430 9 9 711    49.0   51.0
 21 9582.521653 1.911E-29 4.033E-05.06810.084 1828.41260.74-.012213       2 2 2 31       0 2 2 01                    P 35f     3366632430 9 9 711    69.0   71.0
 21 9582.593148 2.293E-28 3.831E-05.06710.080 1339.65920.75-.012747       2 1 1 31       0 1 1 01                    P 41e     3665632430 9 9 711    81.0   83.0
 21 9583.012635 1.058E-30 1.055E-04.08800.120 2081.54070.70-.007781       3 1 1 31       1 1 1 01                    P  3e     3366632430 9 9 711     5.0    7.0
 21 9583.261793 4.577E-27 3.402E-05.06700.079  704.30050.75-.012834       2 0 0 31       0 0 0 01                    P 42e     3665632430 9 9 711    83.0   85.0
 21 9583.518148 1.838E-30 4.183E-05.07090.094 2238.62270.72-.011174       2 3 3 31       0 3 3 01                    P 24f     3366632430 9 9 711    47.0   49.0
 21 9583.616739 8.995E-29 8.330E-05.07460.101 1494.30710.69-.010322       3 0 0 31       1 0 0 01                    P 16e     3366632430 9 9 711    31.0   33.0
 21 9583.884946 2.127E-29 4.047E-05.06830.085 1801.01980.74-.012122       2 2 2 31       0 2 2 01                    P 34e     3366632430 9 9 711    67.0   69.0
 21 9584.700928 2.593E-28 3.823E-05.06730.080 1308.67160.75-.012660       2 1 1 31       0 1 1 01                    P 40f     3366632430 9 9 711    79.0   81.0
 21 9584.707816 1.932E-30 4.192E-05.07120.095 2219.79620.72-.011074       2 3 3 31       0 3 3 01                    P 23e     3366632430 9 9 711    45.0   47.0
 21 9585.281948 2.357E-29 4.063E-05.06850.086 1774.40790.74-.012031       2 2 2 31       0 2 2 01                    P 33f     3366632430 9 9 711    65.0   67.0
 21 9585.598855 2.988E-28 3.865E-05.06750.081 1276.44760.75-.012571       2 1 1 31       0 1 1 01                    P 39e     3666632430 9 9 711    77.0   79.0
 21 9585.658646 8.888E-29 8.406E-05.07590.103 1470.11880.68-.010078       3 0 0 31       1 0 0 01                    P 14e     3366632430 9 9 711    27.0   29.0
 21 9585.880111 2.019E-30 4.200E-05.07160.095 2201.75360.71-.010973       2 3 3 31       0 3 3 01                    P 22f     3366632430 9 9 711    43.0   45.0
 21 9586.250125 6.035E-27 3.444E-05.06730.080  639.60040.75-.012660       2 0 0 31       0 0 0 01                    P 40e     3666632430 9 9 711    79.0   81.0
 21 9586.615916 2.598E-29 4.077E-05.06870.087 1748.57800.74-.011938       2 2 2 31       0 2 2 01                    P 32e     3366632430 9 9 711    63.0   65.0
 21 9587.034924 2.097E-30 4.208E-05.07200.096 2184.49490.71-.010870       2 3 3 31       0 3 3 01                    P 21e     3366632430 9 9 711    41.0   43.0
 21 9587.609020 3.353E-28 3.859E-05.06760.082 1246.92050.75-.012483       2 1 1 31       0 1 1 01                    P 38f     3366632430 9 9 711    75.0   77.0
 21 9587.634478 8.470E-29 8.492E-05.07740.105 1449.05090.68-.009809       3 0 0 31       1 0 0 01                    P 12e     3366632430 9 9 711    23.0   25.0
 21 9587.654904 1.073E-30 7.561E-05.08800.120 2079.20380.70-.006010       3 1 1 31       1 1 1 01                    R  2f     3366632430 9 9 711     7.0    5.0
 21 9587.972307 2.851E-29 4.092E-05.06890.088 1723.52920.74-.011845       2 2 2 31       0 2 2 01                    P 31f     3366632430 9 9 711    61.0   63.0
 21 9588.172296 2.163E-30 4.213E-05.07250.097 2168.02020.71-.010766       2 3 3 31       0 3 3 01                    P 20f     3366632430 9 9 711    39.0   41.0
 21 9588.358642 1.492E-30 8.272E-05.08620.118 2081.54070.69-.006401       3 1 1 31       1 1 1 01                    R  3e     3366632430 9 9 711     9.0    7.0
 21 9588.533158 3.825E-28 3.899E-05.06780.083 1216.35100.74-.012394       2 1 1 31       0 1 1 01                    P 37e     3666632430 9 9 711    73.0   75.0
 21 9589.071011 1.881E-30 8.665E-05.08470.116 2084.68240.69-.006773       3 1 1 31       1 1 1 01                    R  4f     3366632430 9 9 711    11.0    9.0
 21 9589.170227 7.812E-27 3.483E-05.06760.082  578.01160.75-.012483       2 0 0 31       0 0 0 01                    P 38e     3666632430 9 9 711    75.0   77.0
 21 9589.275846 3.112E-29 4.105E-05.06920.088 1699.26250.74-.011752       2 2 2 31       0 2 2 01                    P 30e     3366632430 9 9 711    59.0   61.0
 21 9589.292158 2.217E-30 4.218E-05.07300.098 2152.32960.70-.010659       2 3 3 31       0 3 3 01                    P 19e     3366632430 9 9 711    37.0   39.0
 21 9589.544114 7.726E-29 8.596E-05.07910.108 1431.10360.68-.009504       3 0 0 31       1 0 0 01                    P 10e     3366632430 9 9 711    19.0   21.0
 21 9589.732165 2.243E-30 8.911E-05.08340.114 2088.56800.68-.007115       3 1 1 31       1 1 1 01                    R  5e     3366632430 9 9 711    13.0   11.0
 21 9590.394525 2.256E-30 4.222E-05.07350.099 2137.42300.70-.010550       2 3 3 31       0 3 3 01                    P 18f     3366632430 9 9 711    35.0   37.0
 21 9590.420792 2.576E-30 9.077E-05.08220.112 2093.29160.68-.007429       3 1 1 31       1 1 1 01                    R  6f     3366632430 9 9 711    15.0   13.0
 21 9590.449053 4.256E-28 3.894E-05.06800.084 1188.28970.74-.012304       2 1 1 31       0 1 1 01                    P 36f     3366632430 9 9 711    71.0   73.0
 21 9590.592490 3.381E-29 4.120E-05.06940.089 1675.77720.73-.011658       2 2 2 31       0 2 2 01                    P 29f     3366632430 9 9 711    57.0   59.0
 21 9591.037306 2.880E-30 9.194E-05.08110.111 2098.71840.68-.007717       3 1 1 31       1 1 1 01                    R  7e     3366632430 9 9 711    17.0   15.0
 21 9591.387449 6.661E-29 8.738E-05.08110.111 1416.27720.68-.009148       3 0 0 31       1 0 0 01                    P  8e     3366632430 9 9 711    15.0   17.0
 21 9591.395801 4.806E-28 3.932E-05.06810.084 1159.37030.74-.012213       2 1 1 31       0 1 1 01                    P 35e     3666632430 9 9 711    69.0   71.0
 21 9591.479353 2.278E-30 4.222E-05.07400.100 2123.30070.70-.010438       2 3 3 31       0 3 3 01                    P 17e     3366632430 9 9 711    33.0   35.0
 21 9591.704260 3.152E-30 9.285E-05.08010.109 2105.03120.68-.007984       3 1 1 31       1 1 1 01                    R  8f     3366632430 9 9 711    19.0   17.0
 21 9591.864629 3.654E-29 4.133E-05.06970.090 1653.07420.73-.011563       2 2 2 31       0 2 2 01                    P 28e     3366632430 9 9 711    55.0   57.0
 21 9592.021762 9.930E-27 3.521E-05.06800.084  519.53500.74-.012304       2 0 0 31       0 0 0 01                    P 36e     3666632430 9 9 711    71.0   73.0
 21 9592.274105 3.392E-30 9.353E-05.07910.108 2111.99170.68-.008232       3 1 1 31       1 1 1 01                    R  9e     3366632430 9 9 711    21.0   19.0
 21 9592.546640 2.283E-30 4.223E-05.07460.101 2109.96250.69-.010322       2 3 3 31       0 3 3 01                    P 16f     3366632430 9 9 711    31.0   33.0
 21 9592.921444 3.596E-30 9.409E-05.07820.107 2119.90110.68-.008464       3 1 1 31       1 1 1 01                    R 10f     3366632430 9 9 711    23.0   21.0
 21 9593.142276 3.929E-29 4.147E-05.06990.091 1631.15270.73-.011467       2 2 2 31       0 2 2 01                    P 27f     3366632430 9 9 711    53.0   55.0
 21 9593.164395 5.301E-29 8.962E-05.08340.114 1404.57190.68-.008713       3 0 0 31       1 0 0 01                    P  6e     3366632430 9 9 711    11.0   13.0
 21 9593.220762 5.304E-28 3.928E-05.06830.085 1132.78030.74-.012122       2 1 1 31       0 1 1 01                    P 34f     3366632430 9 9 711    67.0   69.0
 21 9593.442619 3.765E-30 9.446E-05.07740.105 2128.38770.68-.008682       3 1 1 31       1 1 1 01                    R 11e     3366632430 9 9 711    25.0   23.0
 21 9593.596357 2.267E-30 4.218E-05.07520.102 2097.40870.69-.010203       2 3 3 31       0 3 3 01                    P 15e     3366632430 9 9 711    29.0   31.0
 21 9594.072382 3.897E-30 9.483E-05.07660.104 2137.90100.68-.008889       3 1 1 31       1 1 1 01                    R 12f     3366632430 9 9 711    27.0   25.0
 21 9594.186545 5.926E-28 3.963E-05.06850.086 1105.50660.74-.012031       2 1 1 31       0 1 1 01                    P 33e     3666632430 9 9 711    65.0   67.0
 21 9594.382164 4.201E-29 4.159E-05.07020.092 1610.01380.73-.011370       2 2 2 31       0 2 2 01                    P 26e     3366632430 9 9 711    51.0   53.0
 21 9594.542923 3.995E-30 9.503E-05.07590.103 2147.90620.68-.009087       3 1 1 31       1 1 1 01                    R 13e     3366632430 9 9 711    29.0   27.0
 21 9594.628494 2.230E-30 4.210E-05.07590.103 2085.63920.68-.010078       2 3 3 31       0 3 3 01                    P 14f     3366632430 9 9 711    27.0   29.0
 21 9594.804410 1.239E-26 3.560E-05.06830.085  464.17170.74-.012122       2 0 0 31       0 0 0 01                    P 34e     3666632430 9 9 711    67.0   69.0
 21 9594.874877 3.692E-29 9.411E-05.08620.118 1395.98790.69-.008151       3 0 0 31       1 0 0 01                    P  4e     3366632430 9 9 711     7.0    9.0
 21 9595.157124 4.057E-30 9.530E-05.07520.102 2159.03060.69-.009275       3 1 1 31       1 1 1 01                    R 14f     3366632430 9 9 711    31.0   29.0
 21 9595.575112 4.086E-30 9.537E-05.07460.101 2170.54690.69-.009457       3 1 1 31       1 1 1 01                    R 15e     3366632430 9 9 711    33.0   31.0
 21 9595.621456 4.469E-29 4.172E-05.07050.093 1589.65660.72-.011273       2 2 2 31       0 2 2 01                    P 25f     3366632430 9 9 711    49.0   51.0
 21 9595.643033 2.171E-30 4.197E-05.07660.104 2074.65420.68-.009947       2 3 3 31       0 3 3 01                    P 13e     3366632430 9 9 711    25.0   27.0
 21 9595.923900 6.484E-28 3.961E-05.06870.087 1080.39310.74-.011938       2 1 1 31       0 1 1 01                    P 32f     3366632430 9 9 711    63.0   65.0
 21 9596.175735 4.081E-30 9.556E-05.07400.100 2183.28970.70-.009631       3 1 1 31       1 1 1 01                    R 16f     3366632430 9 9 711    35.0   33.0
 21 9596.518838 1.899E-29 1.100E-04.09030.123 1390.52530.69-.007278       3 0 0 31       1 0 0 01                    P  2e     3366632430 9 9 711     3.0    5.0
 21 9596.539296 4.048E-30 9.553E-05.07350.099 2196.30940.70-.009800       3 1 1 31       1 1 1 01                    R 17e     3366632430 9 9 711    37.0   35.0
 21 9596.639960 2.089E-30 4.178E-05.07740.105 2064.45360.68-.009809       2 3 3 31       0 3 3 01                    P 12f     3366632430 9 9 711    23.0   25.0
 21 9596.828357 4.727E-29 4.185E-05.07090.094 1570.08210.72-.011174       2 2 2 31       0 2 2 01                    P 24e     3366632430 9 9 711    47.0   49.0
 21 9596.905163 7.168E-28 3.994E-05.06890.088 1054.76070.74-.011845       2 1 1 31       0 1 1 01                    P 31e     3666632430 9 9 711    61.0   63.0
 21 9597.128292 3.986E-30 9.571E-05.07300.098 2210.67790.70-.009965       3 1 1 31       1 1 1 01                    R 18f     3366632430 9 9 711    39.0   37.0
 21 9597.435609 3.900E-30 9.559E-05.07250.097 2225.19330.71-.010124       3 1 1 31       1 1 1 01                    R 19e     3366632430 9 9 711    41.0   39.0
 21 9597.517868 1.516E-26 3.595E-05.06870.087  411.92250.74-.011938       2 0 0 31       0 0 0 01                    P 32e     3666632430 9 9 711    63.0   65.0
 21 9597.619261 1.982E-30 4.148E-05.07820.107 2055.03740.68-.009662       2 3 3 31       0 3 3 01                    P 11e     3366632430 9 9 711    21.0   23.0
 21 9598.014884 3.789E-30 9.573E-05.07200.096 2241.19470.71-.010279       3 1 1 31       1 1 1 01                    R 20f     3366632430 9 9 711    43.0   41.0
 21 9598.029838 4.973E-29 4.198E-05.07120.095 1551.28950.72-.011074       2 2 2 31       0 2 2 01                    P 23f     3366632430 9 9 711    45.0   47.0
 21 9598.264202 3.661E-30 9.554E-05.07160.095 2257.19830.71-.010431       3 1 1 31       1 1 1 01                    R 21e     3366632430 9 9 711    45.0   43.0
 21 9598.558229 7.774E-28 3.994E-05.06920.088 1031.12910.74-.011752       2 1 1 31       0 1 1 01                    P 30f     3366632430 9 9 711    59.0   61.0
 21 9598.580923 1.849E-30 4.102E-05.07910.108 2046.40590.68-.009504       2 3 3 31       0 3 3 01                    P 10f     3366632430 9 9 711    19.0   21.0
 21 9598.835615 3.513E-30 9.564E-05.07120.095 2274.83980.72-.010580       3 1 1 31       1 1 1 01                    R 22f     3366632430 9 9 711    47.0   45.0
 21 9598.859968 9.617E-30 5.512E-05.09490.127 1388.18420.69-.005491       3 0 0 31       1 0 0 01                    R  0e     3366632430 9 9 711     3.0    1.0
 21 9599.025249 3.355E-30 9.539E-05.07090.094 2292.32370.72-.010725       3 1 1 31       1 1 1 01                    R 23e     3366632430 9 9 711    49.0   47.0
 21 9599.203119 5.199E-29 4.209E-05.07160.095 1533.27970.71-.010973       2 2 2 31       0 2 2 01                    P 22e     3366632430 9 9 711    43.0   45.0
 21 9599.524934 1.691E-30 4.037E-05.08010.109 2038.55880.68-.009334       2 3 3 31       0 3 3 01                    P  9e     3366632430 9 9 711    17.0   19.0
 21 9599.551442 8.502E-28 4.024E-05.06940.089 1007.13350.73-.011658       2 1 1 31       0 1 1 01                    P 29e     3666632430 9 9 711    57.0   59.0
 21 9599.590602 3.183E-30 9.551E-05.07050.093 2311.61260.72-.010867       3 1 1 31       1 1 1 01                    R 24f     3366632430 9 9 711    51.0   49.0
 21 9599.718945 3.006E-30 9.517E-05.07020.092 2330.56900.73-.011007       3 1 1 31       1 1 1 01                    R 25e     3366632430 9 9 711    53.0   51.0
 21 9599.760426 1.146E-30 1.111E-09.07520.102   81.94010.69-.009311       1 2 2 31       0 0 0 01                    R 14e     3366632430 9 9 711    31.0   29.0
 21 9600.161851 1.819E-26 3.630E-05.06920.088  362.78830.74-.011752       2 0 0 31       0 0 0 01                    P 30e     3666632430 9 9 711    59.0   61.0
 21 9600.279976 2.821E-30 9.530E-05.06990.091 2351.51260.73-.011144       3 1 1 31       1 1 1 01                    R 26f     3366632430 9 9 711    55.0   53.0
 21 9600.337480 2.854E-29 7.092E-05.08800.120 1390.52530.70-.006010       3 0 0 31       1 0 0 01                    R  2e     3366632430 9 9 711     7.0    5.0
 21 9600.345509 2.635E-30 9.486E-05.06970.090 2371.93370.73-.011279       3 1 1 31       1 1 1 01                    R 27e     3366632430 9 9 711    57.0   55.0
 21 9600.367242 5.404E-29 4.220E-05.07200.096 1516.05210.71-.010870       2 2 2 31       0 2 2 01                    P 21f     3366632430 9 9 711    41.0   43.0
 21 9600.451282 1.506E-30 3.938E-05.08110.111 2031.49640.68-.009148       2 3 3 31       0 3 3 01                    P  8f     3366632430 9 9 711    15.0   17.0
 21 9600.808639 1.880E-30 1.816E-09.07400.100  106.12970.70-.009668       1 2 2 31       0 0 0 01                    R 16e     3366632430 9 9 711    35.0   33.0
 21 9600.903884 2.447E-30 9.500E-05.06940.089 2394.53920.73-.011412       3 1 1 31       1 1 1 01                    R 28f     3366632430 9 9 711    59.0   57.0
 21 9600.905183 2.263E-30 9.451E-05.06920.088 2416.41710.74-.011542       3 1 1 31       1 1 1 01                    R 29e     3366632430 9 9 711    61.0   59.0
 21 9601.123526 9.136E-28 4.025E-05.06970.090  984.98900.73-.011563       2 1 1 31       0 1 1 01                    P 28f     3366632430 9 9 711    55.0   57.0
 21 9601.359959 1.292E-30 3.782E-05.08220.112 2025.21870.68-.008942       2 3 3 31       0 3 3 01                    P  7e     3366632430 9 9 711    13.0   15.0
 21 9601.398235 1.905E-30 9.411E-05.06870.087 2464.01850.74-.011797       3 1 1 31       1 1 1 01                    R 31e     3366632430 9 9 711    65.0   63.0
 21 9601.462485 2.081E-30 9.470E-05.06890.088 2440.69170.74-.011670       3 1 1 31       1 1 1 01                    R 30f     3366632430 9 9 711    63.0   61.0
 21 9601.506367 5.581E-29 4.231E-05.07250.097 1499.60730.71-.010766       2 2 2 31       0 2 2 01                    P 20e     3366632430 9 9 711    39.0   41.0
 21 9601.748394 4.633E-29 7.526E-05.08470.116 1395.98790.69-.006773       3 0 0 31       1 0 0 01                    R  4e     3366632430 9 9 711    11.0    9.0
 21 9601.794630 2.840E-30 2.813E-09.07300.098  133.43930.70-.010002       1 2 2 31       0 0 0 01                    R 18e     3366632430 9 9 711    39.0   37.0
 21 9601.824960 1.572E-30 9.362E-05.06830.085 2514.73720.74-.012044       3 1 1 31       1 1 1 01                    R 33e     3366632430 9 9 711    69.0   67.0
 21 9601.955957 1.734E-30 9.429E-05.06850.086 2489.96950.74-.011921       3 1 1 31       1 1 1 01                    R 32f     3366632430 9 9 711    67.0   65.0
 21 9602.125181 9.881E-28 4.053E-05.06990.091  962.62570.73-.011467       2 1 1 31       0 1 1 01                    P 27e     3666632430 9 9 711    53.0   55.0
 21 9602.185682 1.273E-30 9.310E-05.06800.084 2568.57240.74-.012284       3 1 1 31       1 1 1 01                    R 35e     3366632430 9 9 711    73.0   71.0
 21 9602.250954 1.046E-30 3.524E-05.08340.114 2019.72560.68-.008713       2 3 3 31       0 3 3 01                    P  6f     3366632430 9 9 711    11.0   13.0
 21 9602.384490 1.418E-30 9.388E-05.06810.084 2542.37180.74-.012165       3 1 1 31       1 1 1 01                    R 34f     3366632430 9 9 711    71.0   69.0
 21 9602.480754 1.012E-30 9.255E-05.06760.082 2625.52330.75-.012518       3 1 1 31       1 1 1 01                    R 37e     3366632430 9 9 711    77.0   75.0
 21 9602.633503 5.727E-29 4.242E-05.07300.098 1483.94500.70-.010659       2 2 2 31       0 2 2 01                    P 19f     3366632430 9 9 711    37.0   39.0
 21 9602.718384 4.003E-30 4.170E-09.07200.096  163.86840.71-.010318       1 2 2 31       0 0 0 01                    R 20e     3366632430 9 9 711    43.0   41.0
 21 9602.736091 2.140E-26 3.665E-05.06970.090  316.76990.73-.011563       2 0 0 31       0 0 0 01                    P 28e     3666632430 9 9 711    55.0   57.0
 21 9602.748292 1.137E-30 9.335E-05.06780.083 2597.89790.74-.012402       3 1 1 31       1 1 1 01                    R 36f     3366632430 9 9 711    75.0   73.0
 21 9603.092724 6.219E-29 7.726E-05.08220.112 1404.57190.68-.007429       3 0 0 31       1 0 0 01                    R  6e     3366632430 9 9 711    15.0   13.0
 21 9603.579886 5.317E-30 5.966E-09.07120.095  197.41660.72-.010619       1 2 2 31       0 0 0 01                    R 22e     3366632430 9 9 711    47.0   45.0
 21 9603.619581 1.052E-27 4.058E-05.07020.092  941.97360.73-.011370       2 1 1 31       0 1 1 01                    P 26f     3366632430 9 9 711    51.0   53.0
 21 9603.738024 5.836E-29 4.252E-05.07350.099 1469.06550.70-.010550       2 2 2 31       0 2 2 01                    P 18e     3366632430 9 9 711    35.0   37.0
 21 9604.370498 7.549E-29 7.840E-05.08010.109 1416.27720.68-.007984       3 0 0 31       1 0 0 01                    R  8e     3366632430 9 9 711    19.0   17.0
 21 9604.379125 6.702E-30 8.283E-09.07050.093  234.08340.72-.010908       1 2 2 31       0 0 0 01                    R 24e     3366632430 9 9 711    51.0   49.0
 21 9604.626193 1.124E-27 4.081E-05.07050.093  921.23810.72-.011273       2 1 1 31       0 1 1 01                    P 25e     3666632430 9 9 711    49.0   51.0
 21 9604.828469 5.905E-29 4.262E-05.07400.100 1454.96860.70-.010438       2 2 2 31       0 2 2 01                    P 17f     3366632430 9 9 711    33.0   35.0
 21 9605.116087 8.063E-30 1.121E-08.06990.091  273.86800.73-.011186       1 2 2 31       0 0 0 01                    R 26e     3366632430 9 9 711    55.0   53.0
 21 9605.240335 2.466E-26 3.699E-05.07020.092  273.86800.73-.011370       2 0 0 31       0 0 0 01                    P 26e     3666632430 9 9 711    51.0   53.0
 21 9605.581762 8.577E-29 7.910E-05.07820.107 1431.10360.68-.008464       3 0 0 31       1 0 0 01                    R 10e     3366632430 9 9 711    23.0   21.0
 21 9605.790758 9.301E-30 1.486E-08.06940.089  316.76990.73-.011454       1 2 2 31       0 0 0 01                    R 28e     3366632430 9 9 711    59.0   57.0
 21 9605.898016 5.929E-29 4.271E-05.07460.101 1441.65470.69-.010322       2 2 2 31       0 2 2 01                    P 16e     3366632430 9 9 711    31.0   33.0
 21 9606.046197 1.185E-27 4.088E-05.07090.094  902.08370.72-.011174       2 1 1 31       0 1 1 01                    P 24f     3366632430 9 9 711    47.0   49.0
 21 9606.403125 1.032E-29 1.931E-08.06890.088  362.78830.74-.011713       1 2 2 31       0 0 0 01                    R 30e     3366632430 9 9 711    63.0   61.0
 21 9606.726577 9.276E-29 7.953E-05.07660.104 1449.05090.68-.008889       3 0 0 31       1 0 0 01                    R 12e     3366632430 9 9 711    27.0   25.0
 21 9606.952002 5.904E-29 4.278E-05.07520.102 1429.12360.69-.010203       2 2 2 31       0 2 2 01                    P 15f     3366632430 9 9 711    29.0   31.0
 21 9606.953175 1.105E-29 2.469E-08.06850.086  411.92250.74-.011965       1 2 2 31       0 0 0 01                    R 32e     3366632430 9 9 711    67.0   65.0
 21 9607.054303 1.252E-27 4.111E-05.07120.095  882.97140.72-.011074       2 1 1 31       0 1 1 01                    P 23e     3666632430 9 9 711    45.0   47.0
 21 9607.118860 1.297E-30 6.490E-05.08800.120 2007.95440.70-.006896       2 3 3 31       0 3 3 01                    Q  3e     3366632430 9 9 711     7.0    7.0
 21 9607.440892 1.145E-29 3.112E-08.06810.084  464.17170.74-.012210       1 2 2 31       0 0 0 01                    R 34e     3366632430 9 9 711    71.0   69.0
 21 9607.674351 2.780E-26 3.731E-05.07090.094  234.08340.72-.011174       2 0 0 31       0 0 0 01                    P 24e     3666632430 9 9 711    47.0   49.0
 21 9607.711332 1.166E-30 3.033E-07.06230.068 1522.16110.71-.015036       1 2 2 31       0 0 0 01                    R 62e     3355532430 9 9 711   127.0  125.0
 21 9607.805019 9.643E-29 7.980E-05.07520.102 1470.11880.69-.009275       3 0 0 31       1 0 0 01                    R 14e     3366632430 9 9 711    31.0   29.0
 21 9607.866261 1.149E-29 3.870E-08.06780.083  519.53500.74-.012447       1 2 2 31       0 0 0 01                    R 36e     3366632430 9 9 711    75.0   73.0
 21 9607.986277 5.828E-29 4.285E-05.07590.103 1417.37550.68-.010078       2 2 2 31       0 2 2 01                    P 14e     3366632430 9 9 711    27.0   29.0
 21 9608.098971 1.591E-30 2.683E-07.06290.069 1426.41530.71-.014865       1 2 2 31       0 0 0 01                    R 60e     3355532430 9 9 711   123.0  121.0
 21 9608.229264 1.119E-29 4.755E-08.06750.081  578.01160.75-.012678       1 2 2 31       0 0 0 01                    R 38e     3366632430 9 9 711    79.0   77.0
 21 9608.403191 1.305E-27 4.117E-05.07160.095  865.31990.71-.010973       2 1 1 31       0 1 1 01                    P 22f     3366632430 9 9 711    43.0   45.0
 21 9608.423821 2.128E-30 2.365E-07.06350.069 1333.76790.72-.014690       1 2 2 31       0 0 0 01                    R 58e     3355532430 9 9 711   119.0  117.0
 21 9608.529883 1.060E-29 5.784E-08.06710.080  639.60040.75-.012903       1 2 2 31       0 0 0 01                    R 40e     3366632430 9 9 711    83.0   81.0
 21 9608.685938 2.786E-30 2.073E-07.06400.070 1244.22040.72-.014510       1 2 2 31       0 0 0 01                    R 56e     3355532430 9 9 711   115.0  113.0
 21 9608.768097 9.770E-30 6.966E-08.06680.078  704.30050.75-.013122       1 2 2 31       0 0 0 01                    R 42e     3365632430 9 9 711    87.0   85.0
 21 9608.817182 9.695E-29 7.994E-05.07400.100 1494.30710.70-.009631       3 0 0 31       1 0 0 01                    R 16e     3366632430 9 9 711    35.0   33.0
 21 9608.885376 3.569E-30 1.808E-07.06450.071 1157.77410.73-.014326       1 2 2 31       0 0 0 01                    R 54e     3355532430 9 9 711   111.0  109.0
 21 9608.943882 8.774E-30 8.316E-08.06650.077  772.11070.74-.013336       1 2 2 31       0 0 0 01                    R 44e     3365632430 9 9 711    91.0   89.0
 21 9609.003976 5.698E-29 4.291E-05.07660.104 1406.41030.68-.009947       2 2 2 31       0 2 2 01                    P 13f     3366632430 9 9 711    25.0   27.0
 21 9609.022181 4.474E-30 1.568E-07.06490.072 1074.43060.73-.014138       1 2 2 31       0 0 0 01                    R 52e     3355532430 9 9 711   107.0  105.0
 21 9609.057214 7.684E-30 9.848E-08.06610.075  843.03010.74-.013544       1 2 2 31       0 0 0 01                    R 46e     3365632430 9 9 711    95.0   93.0
 21 9609.096397 5.484E-30 1.352E-07.06530.073  994.19130.74-.013945       1 2 2 31       0 0 0 01                    R 50e     3355532430 9 9 711   103.0  101.0
 21 9609.108062 6.569E-30 1.158E-07.06570.074  917.05730.74-.013747       1 2 2 31       0 0 0 01                    R 48e     3365632430 9 9 711    99.0   97.0
 21 9609.409350 1.362E-27 4.140E-05.07200.096  847.82630.71-.010870       2 1 1 31       0 1 1 01                    P 21e     3666632430 9 9 711    41.0   43.0
 21 9609.763175 9.464E-29 7.999E-05.07300.098 1521.61540.70-.009965       3 0 0 31       1 0 0 01                    R 18e     3366632430 9 9 711    39.0   37.0
 21 9610.002745 5.511E-29 4.294E-05.07740.105 1396.22820.68-.009809       2 2 2 31       0 2 2 01                    P 12e     3366632430 9 9 711    23.0   25.0
 21 9610.037919 3.065E-26 3.764E-05.07160.095  197.41660.71-.010973       2 0 0 31       0 0 0 01                    P 22e     3666632430 9 9 711    43.0   45.0
 21 9610.643124 8.994E-29 7.995E-05.07200.096 1552.04330.71-.010279       3 0 0 31       1 0 0 01                    R 20e     3366632430 9 9 711    43.0   41.0
 21 9610.690391 1.403E-27 4.146E-05.07250.097  831.68290.71-.010766       2 1 1 31       0 1 1 01                    P 20f     3366632430 9 9 711    39.0   41.0
 21 9610.984280 5.267E-29 4.295E-05.07820.107 1386.82910.68-.009662       2 2 2 31       0 2 2 01                    P 11f     3366632430 9 9 711    21.0   23.0
 21 9611.457174 8.339E-29 7.984E-05.07120.095 1585.59040.72-.010580       3 0 0 31       1 0 0 01                    R 22e     3366632430 9 9 711    47.0   45.0
 21 9611.561493 1.076E-30 3.003E-05.08340.114 2015.01710.68-.007115       2 3 3 31       0 3 3 01                    R  5e     3366632430 9 9 711    13.0   11.0
 21 9611.691183 1.445E-27 4.168E-05.07300.098  815.80320.70-.010659       2 1 1 31       0 1 1 01                    P 19e     3666632430 9 9 711    37.0   39.0
 21 9611.947363 4.963E-29 4.290E-05.07910.108 1378.21320.68-.009504       2 2 2 31       0 2 2 01                    P 10e     3366632430 9 9 711    19.0   21.0
 21 9612.205482 7.555E-29 7.968E-05.07050.093 1622.25620.72-.010867       3 0 0 31       1 0 0 01                    R 24e     3366632430 9 9 711    51.0   49.0
 21 9612.222165 1.335E-30 3.305E-05.08220.112 2019.72560.68-.007429       2 3 3 31       0 3 3 01                    R  6f     3366632430 9 9 711    15.0   13.0
 21 9612.330839 3.298E-26 3.795E-05.07250.097  163.86840.71-.010766       2 0 0 31       0 0 0 01                    P 20e     3666632430 9 9 711    39.0   41.0
 21 9612.865115 1.564E-30 3.509E-05.08110.111 2025.21870.68-.007717       2 3 3 31       0 3 3 01                    R  7e     3366632430 9 9 711    17.0   15.0
 21 9612.888227 6.696E-29 7.947E-05.06990.091 1662.04020.73-.011144       3 0 0 31       1 0 0 01                    R 26e     3366632430 9 9 711    55.0   53.0
 21 9612.892815 4.601E-29 4.280E-05.08010.109 1370.38040.68-.009334       2 2 2 31       0 2 2 01                    P  9f     3366632430 9 9 711    17.0   19.0
 21 9612.907640 1.470E-27 4.175E-05.07350.099  801.17310.70-.010550       2 1 1 31       0 1 1 01                    P 18f     3366632430 9 9 711    35.0   37.0
 21 9613.490345 1.765E-30 3.653E-05.08010.109 2031.49640.68-.007984       2 3 3 31       0 3 3 01                    R  8f     3366632430 9 9 711    19.0   17.0
 21 9613.505602 5.810E-29 7.919E-05.06940.089 1704.94190.73-.011412       3 0 0 31       1 0 0 01                    R 28e     3366632430 9 9 711    59.0   57.0
 21 9613.820079 4.178E-29 4.257E-05.08110.111 1363.33080.68-.009148       2 2 2 31       0 2 2 01                    P  8e     3366632430 9 9 711    15.0   17.0
 21 9613.899664 1.493E-27 4.197E-05.07400.100  786.90280.70-.010438       2 1 1 31       0 1 1 01                    P 17e     3666632430 9 9 711    33.0   35.0
 21 9614.057820 4.940E-29 7.887E-05.06890.088 1750.96060.74-.011670       3 0 0 31       1 0 0 01                    R 30e     3366632430 9 9 711    63.0   61.0
 21 9614.097861 1.939E-30 3.759E-05.07910.108 2038.55880.68-.008232       2 3 3 31       0 3 3 01                    R  9e     3366632430 9 9 711    21.0   19.0
 21 9614.545110 4.118E-29 7.851E-05.06850.086 1800.09570.74-.011921       3 0 0 31       1 0 0 01                    R 32e     3366632430 9 9 711    67.0   65.0
 21 9614.552923 3.460E-26 3.829E-05.07350.099  133.43930.70-.010550       2 0 0 31       0 0 0 01                    P 18e     3666632430 9 9 711    35.0   37.0
 21 9614.687667 2.088E-30 3.840E-05.07820.107 2046.40590.68-.008464       2 3 3 31       0 3 3 01                    R 10f     3366632430 9 9 711    23.0   21.0
 21 9614.729493 3.696E-29 4.216E-05.08220.112 1357.06440.68-.008942       2 2 2 31       0 2 2 01                    P  7f     3366632430 9 9 711    13.0   15.0
 21 9614.967721 3.368E-29 7.812E-05.06810.084 1852.34660.74-.012165       3 0 0 31       1 0 0 01                    R 34e     3366632430 9 9 711    71.0   69.0
 21 9615.054794 1.498E-27 4.207E-05.07460.101  773.79110.69-.010322       2 1 1 31       0 1 1 01                    P 16f     3366632430 9 9 711    31.0   33.0
 21 9615.259769 2.211E-30 3.901E-05.07740.105 2055.03740.68-.008682       2 3 3 31       0 3 3 01                    R 11e     3366632430 9 9 711    25.0   23.0
 21 9615.325919 2.702E-29 7.766E-05.06780.083 1907.71230.74-.012402       3 0 0 31       1 0 0 01                    R 36e     3366632430 9 9 711    75.0   73.0
 21 9615.437172 1.120E-30 7.114E-05.06400.070 2632.50220.72-.014458       3 0 0 31       1 0 0 01                    R 56e     3355532430 9 9 711   115.0  113.0
 21 9615.619988 2.129E-29 7.719E-05.06750.081 1966.19230.75-.012632       3 0 0 31       1 0 0 01                    R 38e     3366632430 9 9 711    79.0   77.0
 21 9615.620845 3.152E-29 4.138E-05.08340.114 1351.58130.68-.008713       2 2 2 31       0 2 2 01                    P  6e     3366632430 9 9 711    11.0   13.0
 21 9615.704322 1.665E-30 7.198E-05.06450.071 2546.03630.73-.014274       3 0 0 31       1 0 0 01                    R 54e     3355532430 9 9 711   111.0  109.0
 21 9615.814176 2.310E-30 3.951E-05.07660.104 2064.45360.68-.008889       2 3 3 31       0 3 3 01                    R 12f     3366632430 9 9 711    27.0   25.0
 21 9615.850232 1.646E-29 7.664E-05.06710.080 2027.78570.75-.012856       3 0 0 31       1 0 0 01                    R 40e     3366632430 9 9 711    83.0   81.0
 21 9615.910758 2.432E-30 7.273E-05.06490.072 2462.67570.73-.014087       3 0 0 31       1 0 0 01                    R 52e     3355532430 9 9 711   107.0  105.0
 21 9616.016973 1.251E-29 7.611E-05.06680.078 2092.49160.75-.013075       3 0 0 31       1 0 0 01                    R 42e     3365632430 9 9 711    87.0   85.0
 21 9616.034668 1.497E-27 4.227E-05.07520.102  761.12550.69-.010203       2 1 1 31       0 1 1 01                    P 15e     3666632430 9 9 711    29.0   31.0
 21 9616.056027 3.493E-30 7.347E-05.06530.073 2382.42160.74-.013894       3 0 0 31       1 0 0 01                    R 50e     3355532430 9 9 711   103.0  101.0
 21 9616.120553 9.334E-30 7.549E-05.06650.077 2160.30910.74-.013287       3 0 0 31       1 0 0 01                    R 44e     3365632430 9 9 711    91.0   89.0
 21 9616.139691 4.932E-30 7.418E-05.06570.074 2305.27510.74-.013697       3 0 0 31       1 0 0 01                    R 48e     3365632430 9 9 711    99.0   97.0
 21 9616.161333 6.845E-30 7.486E-05.06610.075 2231.23730.74-.013495       3 0 0 31       1 0 0 01                    R 46e     3365632430 9 9 711    95.0   93.0
 21 9616.350892 2.384E-30 3.990E-05.07590.103 2074.65420.68-.009087       2 3 3 31       0 3 3 01                    R 13e     3366632430 9 9 711    29.0   27.0
 21 9616.494242 2.542E-29 3.987E-05.08470.116 1346.88140.69-.008453       2 2 2 31       0 2 2 01                    P  5f     3366632430 9 9 711     9.0   11.0
 21 9616.704003 3.529E-26 3.862E-05.07460.101  106.12970.69-.010322       2 0 0 31       0 0 0 01                    P 16e     3666632430 9 9 711    31.0   33.0
 21 9616.812058 1.111E-30 8.038E-07.07250.097 1499.60730.71-.010445       2 2 2 31       0 2 2 01                    Q 20e     3366632430 9 9 711    41.0   41.0
 21 9616.869932 2.435E-30 4.022E-05.07520.102 2085.63920.69-.009275       2 3 3 31       0 3 3 01                    R 14f     3366632430 9 9 711    31.0   29.0
 21 9617.131719 1.478E-27 4.238E-05.07590.103  749.53740.68-.010078       2 1 1 31       0 1 1 01                    P 14f     3366632430 9 9 711    27.0   29.0
 21 9617.168701 1.262E-30 8.895E-07.07300.098 1483.94500.70-.010312       2 2 2 31       0 2 2 01                    Q 19f     3366632430 9 9 711    39.0   39.0
 21 9617.349620 1.852E-29 3.665E-05.08620.118 1342.96480.69-.008151       2 2 2 31       0 2 2 01                    P  4e     3366632430 9 9 711     7.0    9.0
 21 9617.371297 2.463E-30 4.047E-05.07460.101 2097.40870.69-.009457       2 3 3 31       0 3 3 01                    R 15e     3366632430 9 9 711    33.0   31.0
 21 9617.513001 1.432E-30 9.897E-07.07350.099 1469.06550.70-.010175       2 2 2 31       0 2 2 01                    Q 18e     3366632430 9 9 711    37.0   37.0
 21 9617.834864 1.624E-30 1.108E-06.07400.100 1454.96860.70-.010035       2 2 2 31       0 2 2 01                    Q 17f     3366632430 9 9 711    35.0   35.0
 21 9617.855011 2.470E-30 4.068E-05.07400.100 2109.96250.70-.009631       2 3 3 31       0 3 3 01                    R 16f     3366632430 9 9 711    35.0   33.0
 21 9618.096080 1.451E-27 4.259E-05.07660.104  738.47170.68-.009947       2 1 1 31       0 1 1 01                    P 13e     3666632430 9 9 711    25.0   27.0
 21 9618.142392 1.840E-30 1.248E-06.07460.101 1441.65470.69-.009889       2 2 2 31       0 2 2 01                    Q 16e     3366632430 9 9 711    33.0   33.0
 21 9618.187000 1.046E-29 2.855E-05.08800.120 1339.83150.70-.007781       2 2 2 31       0 2 2 01                    P  3f     3366632430 9 9 711     5.0    7.0
 21 9618.321066 2.457E-30 4.085E-05.07350.099 2123.30070.70-.009800       2 3 3 31       0 3 3 01                    R 17e     3366632430 9 9 711    37.0   35.0
 21 9618.429130 2.084E-30 1.416E-06.07520.102 1429.12360.69-.009739       2 2 2 31       0 2 2 01                    Q 15f     3366632430 9 9 711    31.0   31.0
 21 9618.700121 2.362E-30 1.621E-06.07590.103 1417.37550.68-.009582       2 2 2 31       0 2 2 01                    Q 14e     3366632430 9 9 711    29.0   29.0
 21 9618.769503 2.426E-30 4.098E-05.07300.098 2137.42300.70-.009965       2 3 3 31       0 3 3 01                    R 18f     3366632430 9 9 711    39.0   37.0
 21 9618.783925 3.489E-26 3.900E-05.07590.103   81.94010.68-.010078       2 0 0 31       0 0 0 01                    P 14e     3666632430 9 9 711    27.0   29.0
 21 9618.951456 2.680E-30 1.872E-06.07660.104 1406.41030.68-.009418       2 2 2 31       0 2 2 01                    Q 13f     3366632430 9 9 711    27.0   27.0
 21 9619.138299 1.406E-27 4.272E-05.07740.105  728.41230.68-.009809       2 1 1 31       0 1 1 01                    P 12f     3366632430 9 9 711    23.0   25.0
 21 9619.186088 3.045E-30 2.187E-06.07740.105 1396.22820.68-.009246       2 2 2 31       0 2 2 01                    Q 12e     3366632430 9 9 711    25.0   25.0
 21 9619.200297 2.379E-30 4.111E-05.07250.097 2152.32960.71-.010124       2 3 3 31       0 3 3 01                    R 19e     3366632430 9 9 711    41.0   39.0
 21 9619.300035 1.273E-30 7.575E-08.06870.087 1080.39310.74-.011868       2 1 1 31       0 1 1 01                    Q 32f     3366632430 9 9 711    65.0   65.0
 21 9619.401808 3.468E-30 2.586E-06.07820.107 1386.82910.68-.009063       2 2 2 31       0 2 2 01                    Q 11f     3366632430 9 9 711    23.0   23.0
 21 9619.600209 3.966E-30 3.107E-06.07910.108 1378.21320.68-.008868       2 2 2 31       0 2 2 01                    Q 10e     3366632430 9 9 711    21.0   21.0
 21 9619.613514 2.317E-30 4.120E-05.07200.096 2168.02020.71-.010279       2 3 3 31       0 3 3 01                    R 20f     3366632430 9 9 711    43.0   41.0
 21 9619.780154 4.559E-30 3.800E-06.08010.109 1370.38040.68-.008659       2 2 2 31       0 2 2 01                    Q  9f     3366632430 9 9 711    19.0   19.0
 21 9619.942412 5.281E-30 4.754E-06.08110.111 1363.33080.68-.008433       2 2 2 31       0 2 2 01                    Q  8e     3366632430 9 9 711    17.0   17.0
 21 9620.009101 2.241E-30 4.126E-05.07160.095 2184.49490.71-.010431       2 3 3 31       0 3 3 01                    R 21e     3366632430 9 9 711    45.0   43.0
 21 9620.083797 1.351E-27 4.295E-05.07820.107  718.94190.68-.009662       2 1 1 31       0 1 1 01                    P 11e     3666632430 9 9 711    21.0   23.0
 21 9620.086469 6.180E-30 6.116E-06.08220.112 1357.06440.68-.008186       2 2 2 31       0 2 2 01                    Q  7f     3366632430 9 9 711    15.0   15.0
 21 9620.212638 7.338E-30 8.159E-06.08340.114 1351.58130.68-.007914       2 2 2 31       0 2 2 01                    Q  6e     3366632430 9 9 711    13.0   13.0
 21 9620.320729 8.898E-30 1.143E-05.08470.116 1346.88140.69-.007613       2 2 2 31       0 2 2 01                    Q  5f     3366632430 9 9 711    11.0   11.0
 21 9620.387168 2.155E-30 4.131E-05.07120.095 2201.75360.72-.010580       2 3 3 31       0 3 3 01                    R 22f     3366632430 9 9 711    47.0   45.0
 21 9620.410841 1.113E-29 1.714E-05.08620.118 1342.96480.69-.007276       2 2 2 31       0 2 2 01                    Q  4e     3366632430 9 9 711     9.0    9.0
 21 9620.482920 1.466E-29 2.859E-05.08800.120 1339.83150.70-.006896       2 2 2 31       0 2 2 01                    Q  3f     3366632430 9 9 711     7.0    7.0
 21 9620.494447 1.084E-30 7.072E-08.06850.086 1105.50660.74-.011976       2 1 1 31       0 1 1 01                    Q 33e     3366632430 9 9 711    67.0   67.0
 21 9620.536799 1.732E-30 8.646E-08.06920.088 1031.12910.74-.011647       2 1 1 31       0 1 1 01                    Q 30f     3366632430 9 9 711    61.0   61.0
 21 9620.536986 2.119E-29 5.721E-05.09030.123 1337.48150.69-.006464       2 2 2 31       0 2 2 01                    Q  2e     3366632430 9 9 711     5.0    5.0
 21 9620.747609 2.060E-30 4.136E-05.07090.094 2219.79620.72-.010725       2 3 3 31       0 3 3 01                    R 23e     3366632430 9 9 711    49.0   47.0
 21 9620.792552 3.326E-26 3.941E-05.07740.105   60.87090.68-.009809       2 0 0 31       0 0 0 01                    P 12e     3666632430 9 9 711    23.0   25.0
 21 9621.074425 1.279E-27 4.312E-05.07910.108  710.41630.68-.009504       2 1 1 31       0 1 1 01                    P 10f     3366632430 9 9 711    19.0   21.0
 21 9621.090604 1.958E-30 4.139E-05.07050.093 2238.62270.72-.010867       2 3 3 31       0 3 3 01                    R 24f     3366632430 9 9 711    51.0   49.0
 21 9621.415964 1.850E-30 4.140E-05.07020.092 2258.23280.73-.011007       2 3 3 31       0 3 3 01                    R 25e     3366632430 9 9 711    53.0   51.0
 21 9621.556303 1.485E-30 8.053E-08.06890.088 1054.76070.74-.011758       2 1 1 31       0 1 1 01                    Q 31e     3366632430 9 9 711    63.0   63.0
 21 9621.695931 2.331E-30 9.953E-08.06970.090  984.98900.73-.011421       2 1 1 31       0 1 1 01                    Q 28f     3366632430 9 9 711    57.0   57.0
 21 9621.723980 1.738E-30 4.138E-05.06990.091 2278.62670.73-.011144       2 3 3 31       0 3 3 01                    R 26f     3366632430 9 9 711    55.0   53.0
 21 9621.997728 1.195E-27 4.335E-05.08010.109  702.53630.68-.009334       2 1 1 31       0 1 1 01                    P  9e     3666632430 9 9 711    17.0   19.0
 21 9622.014328 1.625E-30 4.139E-05.06970.090 2299.80410.73-.011279       2 3 3 31       0 3 3 01                    R 27e     3366632430 9 9 711    57.0   55.0
 21 9622.287472 1.511E-30 4.137E-05.06940.089 2321.76500.73-.011412       2 3 3 31       0 3 3 01                    R 28f     3366632430 9 9 711    59.0   57.0
 21 9622.542881 1.398E-30 4.135E-05.06920.088 2344.50920.74-.011542       2 3 3 31       0 3 3 01                    R 29e     3366632430 9 9 711    61.0   59.0
 21 9622.553821 2.010E-30 9.235E-08.06940.089 1007.13350.73-.011535       2 1 1 31       0 1 1 01                    Q 29e     3366632430 9 9 711    59.0   59.0
 21 9622.729760 3.035E-26 3.991E-05.07910.108   42.92250.68-.009504       2 0 0 31       0 0 0 01                    P 10e     3666632430 9 9 711    19.0   21.0
 21 9622.777251 3.104E-30 1.157E-07.07020.092  941.97360.73-.011189       2 1 1 31       0 1 1 01                    Q 26f     3366632430 9 9 711    53.0   53.0
 21 9622.781278 1.286E-30 4.129E-05.06890.088 2368.03680.74-.011670       2 3 3 31       0 3 3 01                    R 30f     3366632430 9 9 711    63.0   61.0
 21 9622.832906 1.061E-29 2.047E-05.08800.120 1337.48150.70-.006010       2 2 2 31       0 2 2 01                    R  2e     3366632430 9 9 711     7.0    5.0
 21 9622.940005 1.096E-27 4.356E-05.08110.111  695.54950.68-.009148       2 1 1 31       0 1 1 01                    P  8f     3366632430 9 9 711    15.0   17.0
 21 9623.001815 1.178E-30 4.126E-05.06870.087 2392.34750.74-.011797       2 3 3 31       0 3 3 01                    R 31e     3366632430 9 9 711    65.0   63.0
 21 9623.205616 1.073E-30 4.119E-05.06850.086 2417.44140.74-.011921       2 3 3 31       0 3 3 01                    R 32f     3366632430 9 9 711    67.0   65.0
 21 9623.486808 2.691E-30 1.069E-07.06990.091  962.62570.73-.011305       2 1 1 31       0 1 1 01                    Q 27e     3366632430 9 9 711    55.0   55.0
 21 9623.544141 1.888E-29 2.866E-05.08620.118 1339.83150.69-.006401       2 2 2 31       0 2 2 01                    R  3f     3366632430 9 9 711     9.0    7.0
 21 9623.780594 4.093E-30 1.359E-07.07090.094  902.08370.72-.010949       2 1 1 31       0 1 1 01                    Q 24f     3366632430 9 9 711    49.0   49.0
 21 9623.837793 9.855E-28 4.384E-05.08220.112  689.25530.68-.008942       2 1 1 31       0 1 1 01                    P  7e     3666632430 9 9 711    13.0   15.0
 21 9624.237328 2.604E-29 3.284E-05.08470.116 1342.96480.69-.006773       2 2 2 31       0 2 2 01                    R  4e     3366632430 9 9 711    11.0    9.0
 21 9624.355085 3.566E-30 1.249E-07.07050.093  921.23810.72-.011070       2 1 1 31       0 1 1 01                    Q 25e     3366632430 9 9 711    51.0   51.0
 21 9624.595444 2.617E-26 4.058E-05.08110.111   28.09510.68-.009148       2 0 0 31       0 0 0 01                    P  8e     3666632430 9 9 711    15.0   17.0
 21 9624.705809 5.350E-30 1.618E-07.07160.095  865.31990.71-.010702       2 1 1 31       0 1 1 01                    Q 22f     3366632430 9 9 711    45.0   45.0
 21 9624.734959 8.616E-28 4.413E-05.08340.114  683.81240.68-.008713       2 1 1 31       0 1 1 01                    P  6f     3366632430 9 9 711    11.0   13.0
 21 9624.912522 3.244E-29 3.529E-05.08340.114 1346.88140.68-.007115       2 2 2 31       0 2 2 01                    R  5f     3366632430 9 9 711    13.0   11.0
 21 9625.158484 4.681E-30 1.477E-07.07120.095  882.97140.72-.010827       2 1 1 31       0 1 1 01                    Q 23e     3366632430 9 9 711    47.0   47.0
 21 9625.552754 6.941E-30 1.957E-07.07250.097  831.68290.71-.010445       2 1 1 31       0 1 1 01                    Q 20f     3366632430 9 9 711    41.0   41.0
 21 9625.569614 3.822E-29 3.687E-05.08220.112 1351.58130.68-.007429       2 2 2 31       0 2 2 01                    R  6e     3366632430 9 9 711    15.0   13.0
 21 9625.603925 7.262E-28 4.443E-05.08470.116  679.09900.69-.008453       2 1 1 31       0 1 1 01                    P  5e     3666632430 9 9 711     9.0   11.0
 21 9625.896852 6.095E-30 1.773E-07.07200.096  847.82630.71-.010575       2 1 1 31       0 1 1 01                    Q 21e     3366632430 9 9 711    43.0   43.0
 21 9626.208802 4.341E-29 3.796E-05.08110.111 1357.06440.68-.007717       2 2 2 31       0 2 2 01                    R  7f     3366632430 9 9 711    17.0   15.0
 21 9626.321304 8.950E-30 2.411E-07.07350.099  801.17310.70-.010175       2 1 1 31       0 1 1 01                    Q 18f     3366632430 9 9 711    37.0   37.0
 21 9626.389512 2.083E-26 4.162E-05.08340.114   16.38900.68-.008713       2 0 0 31       0 0 0 01                    P  6e     3666632430 9 9 711    11.0   13.0
 21 9626.459219 5.787E-28 4.468E-05.08620.118  675.20490.69-.008151       2 1 1 31       0 1 1 01                    P  4f     3366632430 9 9 711     7.0    9.0
 21 9626.570048 7.882E-30 2.163E-07.07300.098  815.80320.70-.010312       2 1 1 31       0 1 1 01                    Q 19e     3366632430 9 9 711    39.0   39.0
 21 9626.829752 4.803E-29 3.874E-05.08010.109 1363.33080.68-.007984       2 2 2 31       0 2 2 01                    R  8e     3366632430 9 9 711    19.0   17.0
 21 9627.011342 1.150E-29 3.042E-07.07460.101  773.79110.69-.009889       2 1 1 31       0 1 1 01                    Q 16f     3366632430 9 9 711    33.0   33.0
 21 9627.177941 1.014E-29 2.695E-07.07400.100  786.90280.70-.010035       2 1 1 31       0 1 1 01                    Q 17e     3366632430 9 9 711    35.0   35.0
 21 9627.296067 4.182E-28 4.453E-05.08800.120  672.06760.70-.007781       2 1 1 31       0 1 1 01                    P  3e     3666632430 9 9 711     5.0    7.0
 21 9627.433000 5.206E-29 3.932E-05.07910.108 1370.38040.68-.008232       2 2 2 31       0 2 2 01                    R  9f     3366632430 9 9 711    21.0   19.0
 21 9627.622768 1.476E-29 3.949E-07.07590.103  749.53740.68-.009582       2 1 1 31       0 1 1 01                    Q 14f     3366632430 9 9 711    29.0   29.0
 21 9627.720418 1.302E-29 3.447E-07.07520.102  761.12550.69-.009739       2 1 1 31       0 1 1 01                    Q 15e     3366632430 9 9 711    31.0   31.0
 21 9628.017737 5.551E-29 3.977E-05.07820.107 1378.21320.68-.008464       2 2 2 31       0 2 2 01                    R 10e     3366632430 9 9 711    23.0   21.0
 21 9628.111888 1.451E-26 4.371E-05.08620.118    7.80430.69-.008151       2 0 0 31       0 0 0 01                    P  4e     3666632430 9 9 711     7.0    9.0
 21 9628.112729 2.381E-28 4.178E-05.09030.123  669.72740.69-.007278       2 1 1 31       0 1 1 01                    P  2f     3366632430 9 9 711     3.0    5.0
 21 9628.155489 1.903E-29 5.330E-07.07740.105  728.41230.68-.009246       2 1 1 31       0 1 1 01                    Q 12f     3366632430 9 9 711    25.0   25.0
 21 9628.197374 1.674E-29 4.559E-07.07660.104  738.47170.68-.009418       2 1 1 31       0 1 1 01                    Q 13e     3366632430 9 9 711    27.0   27.0
 21 9628.585151 5.837E-29 4.013E-05.07740.105 1386.82910.68-.008682       2 2 2 31       0 2 2 01                    R 11f     3366632430 9 9 711    25.0   23.0
 21 9628.608718 2.167E-29 6.301E-07.07820.107  718.94190.68-.009063       2 1 1 31       0 1 1 01                    Q 11e     3366632430 9 9 711    23.0   23.0
 21 9628.609427 2.478E-29 7.571E-07.07910.108  710.41630.68-.008868       2 1 1 31       0 1 1 01                    Q 10f     3366632430 9 9 711    21.0   21.0
 21 9628.954374 2.849E-29 9.260E-07.08010.109  702.53630.68-.008659       2 1 1 31       0 1 1 01                    Q  9e     3366632430 9 9 711    19.0   19.0
 21 9628.984516 3.300E-29 1.159E-06.08110.111  695.54950.68-.008433       2 1 1 31       0 1 1 01                    Q  8f     3366632430 9 9 711    17.0   17.0
 21 9629.133568 6.063E-29 4.040E-05.07660.104 1396.22820.68-.008889       2 2 2 31       0 2 2 01                    R 12e     3366632430 9 9 711    27.0   25.0
 21 9629.234274 3.861E-29 1.490E-06.08220.112  689.25530.68-.008186       2 1 1 31       0 1 1 01                    Q  7e     3366632430 9 9 711    15.0   15.0
 21 9629.280700 4.585E-29 1.989E-06.08340.114  683.81240.68-.007914       2 1 1 31       0 1 1 01                    Q  6f     3366632430 9 9 711    13.0   13.0
 21 9629.448366 5.560E-29 2.786E-06.08470.116  679.09900.69-.007613       2 1 1 31       0 1 1 01                    Q  5e     3366632430 9 9 711    11.0   11.0
 21 9629.497937 6.957E-29 4.180E-06.08620.118  675.20490.69-.007276       2 1 1 31       0 1 1 01                    Q  4f     3366632430 9 9 711     9.0    9.0
 21 9629.596609 9.160E-29 6.970E-06.08800.120  672.06760.70-.006896       2 1 1 31       0 1 1 01                    Q  3e     3366632430 9 9 711     7.0    7.0
 21 9629.636193 1.324E-28 1.394E-05.09030.123  669.72740.69-.006464       2 1 1 31       0 1 1 01                    Q  2f     3366632430 9 9 711     5.0    5.0
 21 9629.665300 6.232E-29 4.063E-05.07590.103 1406.41030.68-.009087       2 2 2 31       0 2 2 01                    R 13f     3366632430 9 9 711    29.0   27.0
 21 9629.678975 2.402E-28 4.184E-05.09490.127  668.16120.69-.005969       2 1 1 31       0 1 1 01                    Q  1e     3366632430 9 9 711     3.0    3.0
 21 9629.762513 7.464E-27 5.111E-05.09030.123    2.34130.69-.007278       2 0 0 31       0 0 0 01                    P  2e     3666632430 9 9 711     3.0    5.0
 21 9630.177248 6.343E-29 4.081E-05.07520.102 1417.37550.69-.009275       2 2 2 31       0 2 2 01                    R 14e     3366632430 9 9 711    31.0   29.0
 21 9630.673506 6.400E-29 4.096E-05.07460.101 1429.12360.69-.009457       2 2 2 31       0 2 2 01                    R 15f     3366632430 9 9 711    33.0   31.0
 21 9631.148787 6.405E-29 4.108E-05.07400.100 1441.65470.70-.009631       2 2 2 31       0 2 2 01                    R 16e     3366632430 9 9 711    35.0   33.0
 21 9631.202439 2.404E-28 2.514E-05.09030.123  668.16120.69-.005649       2 1 1 31       0 1 1 01                    R  1e     3666632430 9 9 711     5.0    3.0
 21 9631.609841 6.360E-29 4.117E-05.07350.099 1454.96860.70-.009800       2 2 2 31       0 2 2 01                    R 17f     3366632430 9 9 711    37.0   35.0
 21 9631.936735 4.242E-28 3.193E-05.08800.120  669.72740.70-.006010       2 1 1 31       0 1 1 01                    R  2f     3366632430 9 9 711     7.0    5.0
 21 9632.048198 6.271E-29 4.124E-05.07300.098 1469.06550.70-.009965       2 2 2 31       0 2 2 01                    R 18e     3366632430 9 9 711    39.0   37.0
 21 9632.103822 3.781E-27 2.561E-05.09490.127    0.00000.69-.005491       2 0 0 31       0 0 0 01                    R  0e     4666632430 9 9 711     3.0    1.0
 21 9632.474392 6.141E-29 4.130E-05.07250.097 1483.94500.71-.010124       2 2 2 31       0 2 2 01                    R 19f     3366632430 9 9 711    41.0   39.0
 21 9632.635327 5.900E-28 3.494E-05.08620.118  672.06760.69-.006401       2 1 1 31       0 1 1 01                    R  3e     3666632430 9 9 711     9.0    7.0
 21 9632.875500 5.974E-29 4.135E-05.07200.096 1499.60730.71-.010279       2 2 2 31       0 2 2 01                    R 20e     3366632430 9 9 711    43.0   41.0
 21 9633.267256 5.776E-29 4.138E-05.07160.095 1516.05210.71-.010431       2 2 2 31       0 2 2 01                    R 21f     3366632430 9 9 711    45.0   43.0
 21 9633.342377 7.437E-28 3.659E-05.08470.116  675.20490.69-.006773       2 1 1 31       0 1 1 01                    R  4f     3366632430 9 9 711    11.0    9.0
 21 9633.574905 1.122E-26 3.295E-05.08800.120    2.34130.70-.006010       2 0 0 31       0 0 0 01                    R  2e     3666632430 9 9 711     7.0    5.0
 21 9633.630717 5.550E-29 4.140E-05.07120.095 1533.27970.72-.010580       2 2 2 31       0 2 2 01                    R 22e     3366632430 9 9 711    47.0   45.0
 21 9633.988546 5.302E-29 4.141E-05.07090.094 1551.28950.72-.010725       2 2 2 31       0 2 2 01                    R 23f     3366632430 9 9 711    49.0   47.0
 21 9633.994107 8.871E-28 3.764E-05.08340.114  679.09900.68-.007115       2 1 1 31       0 1 1 01                    R  5e     3666632430 9 9 711    13.0   11.0
 21 9634.313879 5.036E-29 4.141E-05.07050.093 1570.08210.72-.010867       2 2 2 31       0 2 2 01                    R 24e     3366632430 9 9 711    51.0   49.0
 21 9634.638388 4.757E-29 4.140E-05.07020.092 1589.65660.73-.011007       2 2 2 31       0 2 2 01                    R 25f     3366632430 9 9 711    53.0   51.0
 21 9634.677181 1.019E-27 3.835E-05.08220.112  683.81240.68-.007429       2 1 1 31       0 1 1 01                    R  6f     3366632430 9 9 711    15.0   13.0
 21 9634.925019 4.469E-29 4.138E-05.06990.091 1610.01380.73-.011144       2 2 2 31       0 2 2 01                    R 26e     3366632430 9 9 711    55.0   53.0
 21 9634.974147 1.821E-26 3.496E-05.08470.116    7.80430.69-.006773       2 0 0 31       0 0 0 01                    R  4e     3666632430 9 9 711    11.0    9.0
 21 9635.216922 4.177E-29 4.136E-05.06970.090 1631.15270.73-.011279       2 2 2 31       0 2 2 01                    R 27f     3366632430 9 9 711    57.0   55.0
 21 9635.278785 1.140E-27 3.888E-05.08110.111  689.25530.68-.007717       2 1 1 31       0 1 1 01                    R  7e     3666632430 9 9 711    17.0   15.0
 21 9635.464179 3.883E-29 4.132E-05.06940.089 1653.07420.73-.011412       2 2 2 31       0 2 2 01                    R 28e     3366632430 9 9 711    59.0   57.0
 21 9635.724305 3.592E-29 4.129E-05.06920.088 1675.77720.74-.011542       2 2 2 31       0 2 2 01                    R 29f     3366632430 9 9 711    61.0   59.0
 21 9635.931404 3.305E-29 4.123E-05.06890.088 1699.26250.74-.011670       2 2 2 31       0 2 2 01                    R 30e     3366632430 9 9 711    63.0   61.0
 21 9635.941162 1.247E-27 3.924E-05.08010.109  695.54950.68-.007984       2 1 1 31       0 1 1 01                    R  8f     3366632430 9 9 711    19.0   17.0
 21 9635.953812 1.128E-30 3.861E-05.06450.071 2497.16000.73-.014274       2 2 2 31       0 2 2 01                    R 54e     3355532430 9 9 711   111.0  109.0
 21 9636.160704 3.027E-29 4.118E-05.06870.087 1723.52920.74-.011797       2 2 2 31       0 2 2 01                    R 31f     3366632430 9 9 711    65.0   63.0
 21 9636.301556 2.445E-26 3.590E-05.08220.112   16.38900.68-.007429       2 0 0 31       0 0 0 01                    R  6e     3666632430 9 9 711    15.0   13.0
 21 9636.326747 2.758E-29 4.112E-05.06850.086 1748.57800.74-.011921       2 2 2 31       0 2 2 01                    R 32e     3366632430 9 9 711    67.0   65.0
 21 9636.340826 1.368E-30 3.884E-05.06470.071 2454.95160.73-.014181       2 2 2 31       0 2 2 01                    R 53f     3355532430 9 9 711   109.0  107.0
 21 9636.343453 1.646E-30 3.893E-05.06490.072 2413.51360.73-.014087       2 2 2 31       0 2 2 01                    R 52e     3355532430 9 9 711   107.0  105.0
 21 9636.489376 1.343E-27 3.956E-05.07910.108  702.53630.68-.008232       2 1 1 31       0 1 1 01                    R  9e     3666632430 9 9 711    21.0   19.0
 21 9636.526305 2.502E-29 4.107E-05.06830.085 1774.40790.74-.012044       2 2 2 31       0 2 2 01                    R 33f     3366632430 9 9 711    69.0   67.0
 21 9636.650266 2.258E-29 4.099E-05.06810.084 1801.01980.74-.012165       2 2 2 31       0 2 2 01                    R 34e     3366632430 9 9 711    71.0   69.0
 21 9636.662357 2.361E-30 3.922E-05.06530.073 2332.98210.74-.013894       2 2 2 31       0 2 2 01                    R 50e     3355532430 9 9 711   103.0  101.0
 21 9636.669363 1.979E-30 3.914E-05.06510.072 2372.86130.74-.013991       2 2 2 31       0 2 2 01                    R 51f     3355532430 9 9 711   105.0  103.0
 21 9636.821307 2.029E-29 4.093E-05.06800.084 1828.41260.74-.012284       2 2 2 31       0 2 2 01                    R 35f     3366632430 9 9 711    73.0   71.0
 21 9636.902027 1.813E-29 4.082E-05.06780.083 1856.58700.74-.012402       2 2 2 31       0 2 2 01                    R 36e     3366632430 9 9 711    75.0   73.0
 21 9636.910358 3.330E-30 3.950E-05.06570.074 2255.56680.74-.013697       2 2 2 31       0 2 2 01                    R 48e     3365632430 9 9 711    99.0   97.0
 21 9636.929897 2.815E-30 3.943E-05.06550.074 2293.88680.74-.013796       2 2 2 31       0 2 2 01                    R 49f     3365632430 9 9 711   101.0   99.0
 21 9637.045928 1.615E-29 4.078E-05.06760.082 1885.54220.75-.012518       2 2 2 31       0 2 2 01                    R 37f     3366632430 9 9 711    77.0   75.0
 21 9637.082103 1.430E-29 4.066E-05.06750.081 1915.27870.75-.012632       2 2 2 31       0 2 2 01                    R 38e     3366632430 9 9 711    79.0   77.0
 21 9637.087308 4.617E-30 3.978E-05.06610.075 2181.26900.74-.013495       2 2 2 31       0 2 2 01                    R 46e     3365632430 9 9 711    95.0   93.0
 21 9637.122061 3.935E-30 3.970E-05.06590.075 2218.02950.74-.013597       2 2 2 31       0 2 2 01                    R 47f     3365632430 9 9 711    97.0   95.0
 21 9637.134349 1.423E-27 3.977E-05.07820.107  710.41630.68-.008464       2 1 1 31       0 1 1 01                    R 10f     3366632430 9 9 711    23.0   21.0
 21 9637.190575 1.107E-29 4.046E-05.06710.080 1977.09380.75-.012856       2 2 2 31       0 2 2 01                    R 40e     3366632430 9 9 711    83.0   81.0
 21 9637.193073 6.289E-30 4.002E-05.06650.077 2110.09010.74-.013287       2 2 2 31       0 2 2 01                    R 44e     3365632430 9 9 711    91.0   89.0
 21 9637.200400 1.262E-29 4.060E-05.06730.080 1945.79590.75-.012745       2 2 2 31       0 2 2 01                    R 39f     3366632430 9 9 711    81.0   79.0
 21 9637.227532 8.419E-30 4.026E-05.06680.078 2042.03130.75-.013075       2 2 2 31       0 2 2 01                    R 42e     3365632430 9 9 711    87.0   85.0
 21 9637.245508 5.406E-30 3.994E-05.06630.076 2145.29050.74-.013392       2 2 2 31       0 2 2 01                    R 45f     3365632430 9 9 711    93.0   91.0
 21 9637.284973 9.683E-30 4.039E-05.06700.079 2009.17250.75-.012966       2 2 2 31       0 2 2 01                    R 41f     3365632430 9 9 711    85.0   83.0
 21 9637.299913 7.299E-30 4.018E-05.06660.077 2075.67110.74-.013182       2 2 2 31       0 2 2 01                    R 43f     3365632430 9 9 711    89.0   87.0
 21 9637.557158 2.967E-26 3.642E-05.08010.109   28.09510.68-.007984       2 0 0 31       0 0 0 01                    R  8e     3666632430 9 9 711    19.0   17.0
 21 9637.625909 1.491E-27 3.996E-05.07740.105  718.94190.68-.008682       2 1 1 31       0 1 1 01                    R 11e     3666632430 9 9 711    25.0   23.0
 21 9637.662464 1.814E-30 2.697E-05.05710.064 2399.46790.66-.016215       2 0 0 31       0 0 0 01                    R 78e     3655532430 9 9 711   159.0  157.0
 21 9638.256783 1.542E-27 4.007E-05.07660.104  728.41230.68-.008889       2 1 1 31       0 1 1 01                    R 12f     3366632430 9 9 711    27.0   25.0
 21 9638.688422 1.583E-27 4.023E-05.07590.103  738.47170.68-.009087       2 1 1 31       0 1 1 01                    R 13e     3666632430 9 9 711    29.0   27.0
 21 9638.740992 3.371E-26 3.674E-05.07820.107   42.92250.68-.008464       2 0 0 31       0 0 0 01                    R 10e     3666632430 9 9 711    23.0   21.0
 21 9638.774990 3.241E-30 2.753E-05.05780.065 2278.99630.66-.016073       2 0 0 31       0 0 0 01                    R 76e     3655532430 9 9 711   155.0  153.0
 21 9639.308518 1.606E-27 4.029E-05.07520.102  749.53740.69-.009275       2 1 1 31       0 1 1 01                    R 14f     3366632430 9 9 711    31.0   29.0
 21 9639.676967 1.620E-27 4.040E-05.07460.101  761.12550.69-.009457       2 1 1 31       0 1 1 01                    R 15e     3666632430 9 9 711    33.0   31.0
 21 9639.827449 5.697E-30 2.808E-05.05850.065 2161.60910.67-.015927       2 0 0 31       0 0 0 01                    R 74e     3655532430 9 9 711   151.0  149.0
 21 9639.853113 3.645E-26 3.694E-05.07660.104   60.87090.68-.008889       2 0 0 31       0 0 0 01                    R 12e     3666632430 9 9 711    27.0   25.0
 21 9639.882908 1.642E-30 3.525E-05.06080.066 2444.32380.69-.015392       2 1 1 31       0 1 1 01                    R 67e     3655532430 9 9 711   137.0  135.0
 21 9640.289620 1.616E-27 4.041E-05.07400.100  773.79110.70-.009631       2 1 1 31       0 1 1 01                    R 16f     3366632430 9 9 711    35.0   33.0
 21 9640.591605 1.607E-27 4.052E-05.07350.099  786.90280.70-.009800       2 1 1 31       0 1 1 01                    R 17e     3666632430 9 9 711    37.0   35.0
 21 9640.757028 2.667E-30 3.566E-05.06140.067 2340.73210.70-.015231       2 1 1 31       0 1 1 01                    R 65e     3655532430 9 9 711   133.0  131.0
 21 9640.819174 9.849E-30 2.862E-05.05920.065 2047.30810.68-.015778       2 0 0 31       0 0 0 01                    R 72e     3655532430 9 9 711   147.0  145.0
 21 9640.893593 3.788E-26 3.705E-05.07520.102   81.94010.69-.009275       2 0 0 31       0 0 0 01                    R 14e     3666632430 9 9 711    31.0   29.0
 21 9641.200168 1.579E-27 4.049E-05.07300.098  801.17310.70-.009965       2 1 1 31       0 1 1 01                    R 18f     3366632430 9 9 711    39.0   37.0
 21 9641.432411 1.549E-27 4.057E-05.07250.097  815.80320.71-.010124       2 1 1 31       0 1 1 01                    R 19e     3666632430 9 9 711    41.0   39.0
 21 9641.536469 1.237E-30 3.435E-05.06050.066 2500.15230.69-.015471       2 1 1 31       0 1 1 01                    R 68f     3355532430 9 9 711   139.0  137.0
 21 9641.563335 4.261E-30 3.604E-05.06210.068 2240.23750.71-.015066       2 1 1 31       0 1 1 01                    R 63e     3655532430 9 9 711   129.0  127.0
 21 9641.749514 1.675E-29 2.914E-05.05980.066 1936.09530.68-.015626       2 0 0 31       0 0 0 01                    R 70e     3655532430 9 9 711   143.0  141.0
 21 9641.862518 3.807E-26 3.710E-05.07400.100  106.12970.70-.009631       2 0 0 31       0 0 0 01                    R 16e     3666632430 9 9 711    35.0   33.0
 21 9642.040257 1.501E-27 4.049E-05.07200.096  831.68290.71-.010279       2 1 1 31       0 1 1 01                    R 20f     3366632430 9 9 711    43.0   41.0
 21 9642.199470 1.455E-27 4.057E-05.07160.095  847.82630.71-.010431       2 1 1 31       0 1 1 01                    R 21e     3666632430 9 9 711    45.0   43.0
 21 9642.301373 6.696E-30 3.641E-05.06260.068 2142.84200.71-.014897       2 1 1 31       0 1 1 01                    R 61e     3655532430 9 9 711   125.0  123.0
 21 9642.325186 2.029E-30 3.478E-05.06110.067 2394.84820.70-.015312       2 1 1 31       0 1 1 01                    R 66f     3355532430 9 9 711   135.0  133.0
 21 9642.617841 2.802E-29 2.966E-05.06050.066 1827.97240.69-.015471       2 0 0 31       0 0 0 01                    R 68e     3655532430 9 9 711   139.0  137.0
 21 9642.759990 3.714E-26 3.710E-05.07300.098  133.43930.70-.009965       2 0 0 31       0 0 0 01                    R 18e     3666632430 9 9 711    39.0   37.0
 21 9642.809990 1.392E-27 4.047E-05.07120.095  865.31990.72-.010580       2 1 1 31       0 1 1 01                    R 22f     3366632430 9 9 711    47.0   45.0
 21 9642.892881 1.335E-27 4.056E-05.07090.094  882.97140.72-.010725       2 1 1 31       0 1 1 01                    R 23e     3666632430 9 9 711    49.0   47.0
 21 9642.970708 1.035E-29 3.677E-05.06320.069 2048.54690.72-.014724       2 1 1 31       0 1 1 01                    R 59e     3655532430 9 9 711   121.0  119.0
 21 9643.049676 3.275E-30 3.520E-05.06170.067 2292.64530.70-.015149       2 1 1 31       0 1 1 01                    R 64f     3355532430 9 9 711   131.0  129.0
 21 9643.423551 4.609E-29 3.015E-05.06110.067 1722.94130.70-.015312       2 0 0 31       0 0 0 01                    R 66e     3655532430 9 9 711   135.0  133.0
 21 9643.509487 1.262E-27 4.043E-05.07050.093  902.08370.72-.010867       2 1 1 31       0 1 1 01                    R 24f     3366632430 9 9 711    51.0   49.0
 21 9643.512755 1.197E-27 4.050E-05.07020.092  921.23810.73-.011007       2 1 1 31       0 1 1 01                    R 25e     3666632430 9 9 711    53.0   51.0
 21 9643.570929 1.574E-29 3.713E-05.06370.070 1957.35410.72-.014548       2 1 1 31       0 1 1 01                    R 57e     3655532430 9 9 711   117.0  115.0
 21 9643.586128 3.529E-26 3.707E-05.07200.096  163.86840.71-.010279       2 0 0 31       0 0 0 01                    R 20e     3666632430 9 9 711    43.0   41.0
 21 9643.709519 5.199E-30 3.561E-05.06230.068 2193.54520.71-.014982       2 1 1 31       0 1 1 01                    R 62f     3355532430 9 9 711   127.0  125.0
 21 9644.059213 1.051E-27 4.044E-05.06970.090  962.62570.73-.011279       2 1 1 31       0 1 1 01                    R 27e     3666632430 9 9 711    57.0   55.0
 21 9644.101644 2.353E-29 3.746E-05.06420.070 1869.26490.73-.014367       2 1 1 31       0 1 1 01                    R 55e     3655532430 9 9 711   113.0  111.0
 21 9644.138878 1.119E-27 4.036E-05.06990.091  941.97360.73-.011144       2 1 1 31       0 1 1 01                    R 26f     3366632430 9 9 711    55.0   53.0
 21 9644.166056 7.459E-29 3.064E-05.06170.067 1621.00360.70-.015149       2 0 0 31       0 0 0 01                    R 64e     3655532430 9 9 711   131.0  129.0
 21 9644.304311 8.118E-30 3.601E-05.06290.069 2097.54970.71-.014811       2 1 1 31       0 1 1 01                    R 60f     3355532430 9 9 711   123.0  121.0
 21 9644.341067 3.270E-26 3.700E-05.07120.095  197.41660.72-.010580       2 0 0 31       0 0 0 01                    R 22e     3666632430 9 9 711    47.0   45.0
 21 9644.532391 9.039E-28 4.035E-05.06920.088 1007.13350.74-.011542       2 1 1 31       0 1 1 01                    R 29e     3666632430 9 9 711    61.0   59.0
 21 9644.562485 3.459E-29 3.777E-05.06470.071 1784.28080.73-.014181       2 1 1 31       0 1 1 01                    R 53e     3655532430 9 9 711   109.0  107.0
 21 9644.698310 9.711E-28 4.025E-05.06940.089  984.98900.73-.011412       2 1 1 31       0 1 1 01                    R 28f     3366632430 9 9 711    59.0   57.0
 21 9644.833661 1.247E-29 3.641E-05.06350.069 2004.66030.72-.014637       2 1 1 31       0 1 1 01                    R 58f     3355532430 9 9 711   119.0  117.0
 21 9644.844794 1.187E-28 3.112E-05.06230.068 1522.16110.71-.014982       2 0 0 31       0 0 0 01                    R 62e     3655532430 9 9 711   127.0  125.0
 21 9644.932438 7.618E-28 4.023E-05.06870.087 1054.76070.74-.011797       2 1 1 31       0 1 1 01                    R 31e     3666632430 9 9 711    65.0   63.0
 21 9644.953101 5.001E-29 3.808E-05.06510.072 1702.40320.74-.013991       2 1 1 31       0 1 1 01                    R 51e     3655532430 9 9 711   105.0  103.0
 21 9645.024957 2.961E-26 3.691E-05.07050.093  234.08340.72-.010867       2 0 0 31       0 0 0 01                    R 24e     3666632430 9 9 711    51.0   49.0
 21 9645.187939 8.259E-28 4.012E-05.06890.088 1031.12910.74-.011670       2 1 1 31       0 1 1 01                    R 30f     3366632430 9 9 711    63.0   61.0
 21 9645.259515 6.297E-28 4.010E-05.06830.085 1105.50660.74-.012044       2 1 1 31       0 1 1 01                    R 33e     3666632430 9 9 711    69.0   67.0
 21 9645.273161 7.107E-29 3.837E-05.06550.074 1623.63350.74-.013796       2 1 1 31       0 1 1 01                    R 49e     3665632430 9 9 711   101.0   99.0
 21 9645.297194 1.883E-29 3.677E-05.06400.070 1914.87870.72-.014458       2 1 1 31       0 1 1 01                    R 56f     3355532430 9 9 711   115.0  113.0
 21 9645.459222 1.858E-28 3.158E-05.06290.069 1426.41530.71-.014811       2 0 0 31       0 0 0 01                    R 60e     3655532430 9 9 711   123.0  121.0
 21 9645.513796 5.107E-28 3.994E-05.06800.084 1159.37030.74-.012284       2 1 1 31       0 1 1 01                    R 35e     3666632430 9 9 711    73.0   71.0
 21 9645.522351 9.929E-29 3.864E-05.06590.075 1547.97300.74-.013597       2 1 1 31       0 1 1 01                    R 47e     3665632430 9 9 711    97.0   95.0
 21 9645.607937 6.886E-28 3.997E-05.06850.086 1080.39310.74-.011921       2 1 1 31       0 1 1 01                    R 32f     3366632430 9 9 711    67.0   65.0
 21 9645.637965 2.623E-26 3.679E-05.06990.091  273.86800.73-.011144       2 0 0 31       0 0 0 01                    R 26e     3666632430 9 9 711    55.0   53.0
 21 9645.694547 2.796E-29 3.713E-05.06450.071 1828.20620.73-.014274       2 1 1 31       0 1 1 01                    R 54f     3355532430 9 9 711   111.0  109.0
 21 9645.695471 4.066E-28 3.977E-05.06760.082 1216.35100.75-.012518       2 1 1 31       0 1 1 01                    R 37e     3666632430 9 9 711    77.0   75.0
 21 9645.700375 1.364E-28 3.891E-05.06630.076 1475.42300.74-.013392       2 1 1 31       0 1 1 01                    R 45e     3665632430 9 9 711    93.0   91.0
 21 9645.804742 3.178E-28 3.957E-05.06730.080 1276.44760.75-.012745       2 1 1 31       0 1 1 01                    R 39e     3666632430 9 9 711    81.0   79.0
 21 9645.806954 1.840E-28 3.914E-05.06660.077 1405.98470.74-.013182       2 1 1 31       0 1 1 01                    R 43e     3665632430 9 9 711    89.0   87.0
 21 9645.841826 2.440E-28 3.937E-05.06700.079 1339.65920.75-.012966       2 1 1 31       0 1 1 01                    R 41e     3665632430 9 9 711    85.0   83.0
 21 9645.958488 5.633E-28 3.980E-05.06810.084 1132.78030.74-.012165       2 1 1 31       0 1 1 01                    R 34f     3366632430 9 9 711    71.0   69.0
 21 9646.008817 2.859E-28 3.202E-05.06350.069 1333.76790.72-.014637       2 0 0 31       0 0 0 01                    R 58e     3655532430 9 9 711   119.0  117.0
 21 9646.025372 4.082E-29 3.746E-05.06490.072 1744.64440.73-.014087       2 1 1 31       0 1 1 01                    R 52f     3355532430 9 9 711   107.0  105.0
 21 9646.180275 2.274E-26 3.663E-05.06940.089  316.76990.73-.011412       2 0 0 31       0 0 0 01                    R 28e     3666632430 9 9 711    59.0   57.0
 21 9646.239789 4.521E-28 3.961E-05.06780.083 1188.28970.74-.012402       2 1 1 31       0 1 1 01                    R 36f     3366632430 9 9 711    75.0   73.0
 21 9646.289335 5.860E-29 3.779E-05.06530.073 1664.19460.74-.013894       2 1 1 31       0 1 1 01                    R 50f     3355532430 9 9 711   103.0  101.0
 21 9646.452052 3.562E-28 3.940E-05.06750.081 1246.92050.75-.012632       2 1 1 31       0 1 1 01                    R 38f     3366632430 9 9 711    79.0   77.0
 21 9646.486116 8.270E-29 3.810E-05.06570.074 1586.85820.74-.013697       2 1 1 31       0 1 1 01                    R 48f     3365632430 9 9 711    99.0   97.0
 21 9646.493080 4.326E-28 3.244E-05.06400.070 1244.22040.72-.014458       2 0 0 31       0 0 0 01                    R 56e     3655532430 9 9 711   115.0  113.0
 21 9646.595500 2.756E-28 3.918E-05.06710.080 1308.67160.75-.012856       2 1 1 31       0 1 1 01                    R 40f     3366632430 9 9 711    83.0   81.0
 21 9646.615409 1.147E-28 3.839E-05.06610.075 1512.63650.74-.013495       2 1 1 31       0 1 1 01                    R 46f     3365632430 9 9 711    95.0   93.0
 21 9646.652085 1.933E-26 3.647E-05.06890.088  362.78830.74-.011670       2 0 0 31       0 0 0 01                    R 30e     3666632430 9 9 711    63.0   61.0
 21 9646.670373 2.094E-28 3.892E-05.06680.078 1373.54210.75-.013075       2 1 1 31       0 1 1 01                    R 42f     3365632430 9 9 711    87.0   85.0
 21 9646.676920 1.564E-28 3.868E-05.06650.077 1441.53070.74-.013287       2 1 1 31       0 1 1 01                    R 44f     3365632430 9 9 711    91.0   89.0
 21 9646.911530 6.437E-28 3.286E-05.06450.071 1157.77410.73-.014274       2 0 0 31       0 0 0 01                    R 54e     3655532430 9 9 711   111.0  109.0
 21 9647.053615 1.610E-26 3.627E-05.06850.086  411.92250.74-.011921       2 0 0 31       0 0 0 01                    R 32e     3666632430 9 9 711    67.0   65.0
 21 9647.263708 9.416E-28 3.326E-05.06490.072 1074.43060.73-.014087       2 0 0 31       0 0 0 01                    R 52e     4655532430 9 9 711   107.0  105.0
 21 9647.385097 1.315E-26 3.604E-05.06810.084  464.17170.74-.012165       2 0 0 31       0 0 0 01                    R 34e     3666632430 9 9 711    71.0   69.0
 21 9647.549176 1.354E-27 3.364E-05.06530.073  994.19130.74-.013894       2 0 0 31       0 0 0 01                    R 50e     3655532430 9 9 711   103.0  101.0
 21 9647.646783 1.055E-26 3.583E-05.06780.083  519.53500.74-.012402       2 0 0 31       0 0 0 01                    R 36e     3666632430 9 9 711    75.0   73.0
 21 9647.767512 1.914E-27 3.400E-05.06570.074  917.05730.74-.013697       2 0 0 31       0 0 0 01                    R 48e     3665632430 9 9 711    99.0   97.0
 21 9647.838942 8.301E-27 3.556E-05.06750.081  578.01160.75-.012632       2 0 0 31       0 0 0 01                    R 38e     4666632430 9 9 711    79.0   77.0
 21 9647.918320 2.659E-27 3.435E-05.06610.075  843.03010.74-.013495       2 0 0 31       0 0 0 01                    R 46e     3665632430 9 9 711    95.0   93.0
 21 9647.961862 6.414E-27 3.528E-05.06710.080  639.60040.75-.012856       2 0 0 31       0 0 0 01                    R 40e     4666632430 9 9 711    83.0   81.0
 21 9648.001218 3.630E-27 3.468E-05.06650.077  772.11070.74-.013287       2 0 0 31       0 0 0 01                    R 44e     4665632430 9 9 711    91.0   89.0
 21 9648.015846 4.868E-27 3.499E-05.06680.078  704.30050.75-.013075       2 0 0 31       0 0 0 01                    R 42e     4665632430 9 9 711    87.0   85.0
