filename,condition,tau_mean_WLS,tau_std_WLS,tau_mean_OLS,tau_std_OLS,tau_mean_WLS_QC,tau_std_WLS_QC,tau_mean_OLS_QC,tau_std_OLS_QC,tau_mean_robust,tau_std_robust,tau_mean_robust_QC,tau_std_robust_QC
resampled_data_batch_1.npz,2,139.356184,2.068394,139.183566,2.333856,139.560293,0.466712,139.349347,0.262462,139.247115,1.773853,139.356023,0.262982
resampled_data_batch_2.npz,2,139.975959,0.241741,139.736500,0.308014,140.003065,0.224785,139.781068,0.285906,139.738710,0.295201,139.781872,0.274191
resampled_data_batch_3.npz,2,139.666146,0.209853,139.398719,0.277733,139.669720,0.206911,139.414341,0.286876,139.397194,0.267842,139.410251,0.277146
resampled_data_batch_4.npz,2,139.749151,0.275893,139.453065,0.349394,139.774153,0.274538,139.491047,0.354466,139.459464,0.336449,139.495190,0.340095
resampled_data_batch_5.npz,2,140.045212,0.156233,139.804624,0.205512,140.052243,0.155180,139.805398,0.198209,139.804703,0.191520,139.809134,0.185194
resampled_data_batch_6.npz,2,139.885113,0.198627,139.638192,0.256695,139.881016,0.216699,139.634649,0.275970,139.636325,0.246433,139.631193,0.267691
resampled_data_batch_7.npz,2,139.878234,0.219930,139.624340,0.276761,139.871122,0.209325,139.612177,0.258999,139.623237,0.265362,139.609591,0.246191
resampled_data_batch_8.npz,2,139.756930,0.275530,139.509684,0.325261,139.755708,0.280032,139.507418,0.324569,139.506848,0.312975,139.504646,0.311324
resampled_data_batch_9.npz,2,140.075062,0.189029,139.849340,0.240035,140.067594,0.196489,139.846947,0.247037,139.847821,0.233941,139.845224,0.242945
resampled_data_batch_10.npz,2,139.844041,0.218102,139.606615,0.292562,139.819634,0.224192,139.572513,0.281050,139.598988,0.283287,139.563953,0.274612
resampled_data_batch_11.npz,2,139.792063,0.749702,139.494560,1.017149,139.889795,0.417068,139.595851,0.327643,139.510221,0.864473,139.597798,0.316137
resampled_data_batch_12.npz,2,139.403111,1.640625,139.292234,0.939255,139.559336,0.718460,139.427039,0.319056,139.291878,0.964520,139.425077,0.310899
resampled_data_batch_13.npz,2,139.131756,1.880893,138.798911,2.098466,139.437728,0.482293,139.117198,0.322610,138.838521,1.903106,139.121344,0.321730
resampled_data_batch_14.npz,2,138.460077,1.717043,138.274752,1.956548,138.420374,0.311697,138.137920,0.309468,138.240045,1.678989,138.139409,0.300817
resampled_data_batch_15.npz,2,131.905244,0.827057,131.650196,1.461766,131.975544,0.403675,131.754763,0.388134,131.722377,0.667789,131.755377,0.383913
resampled_data_batch_16.npz,2,112.813842,1.000544,112.593569,0.850530,112.851701,0.734610,112.654074,0.678881,112.606980,0.887063,112.665274,0.671753
resampled_data_batch_17.npz,2,86.734647,1.037994,86.443576,1.321967,86.672614,0.716032,86.465490,0.719678,86.489876,0.809673,86.489430,0.712470
resampled_data_batch_18.npz,2,72.075039,0.278139,71.881753,0.366495,72.104942,0.332004,71.962095,0.257034,71.900119,0.262170,71.958850,0.257030
resampled_data_batch_19.npz,2,75.731501,0.483640,75.574428,0.511581,75.838987,0.433701,75.655905,0.465086,75.571618,0.500819,75.657689,0.464482
resampled_data_batch_20.npz,2,96.664082,1.038893,96.470504,1.033896,96.602816,1.021777,96.443823,1.030485,96.472967,1.037658,96.449468,1.033232
resampled_data_batch_21.npz,2,122.815158,0.848028,122.632075,0.843671,122.826384,0.863911,122.622900,0.857997,122.630491,0.840946,122.624873,0.855219
resampled_data_batch_22.npz,2,136.103493,0.360079,135.889346,0.393520,136.107634,0.374615,135.879124,0.396887,135.892019,0.384186,135.881337,0.388781
resampled_data_batch_23.npz,2,139.201260,0.247757,138.995409,0.311194,139.170556,0.244072,138.952464,0.300173,138.998905,0.300777,138.957457,0.291456
resampled_data_batch_24.npz,2,139.496493,0.258889,139.289760,0.320752,139.490277,0.260325,139.289592,0.327962,139.289491,0.310526,139.282224,0.318127
resampled_data_batch_25.npz,2,139.550182,1.253095,139.381095,1.441014,139.583653,0.420364,139.336098,0.332571,139.362559,1.240099,139.337515,0.325002
resampled_data_batch_26.npz,2,139.725500,0.400465,139.502671,0.394956,139.705811,0.382663,139.477607,0.360893,139.508750,0.400961,139.482508,0.359089
resampled_data_batch_27.npz,2,139.609766,0.254782,139.389043,0.302354,139.617990,0.251831,139.377722,0.295852,139.391843,0.291983,139.383092,0.284025
resampled_data_batch_28.npz,2,139.743965,0.258810,139.544302,0.314708,139.720298,0.263070,139.534541,0.305795,139.545831,0.302916,139.540108,0.294314
resampled_data_batch_29.npz,2,139.752966,0.238611,139.554634,0.279099,139.734515,0.241638,139.537472,0.265172,139.553410,0.269934,139.535586,0.257701
resampled_data_batch_30.npz,2,139.798494,1.120376,139.562768,1.002614,139.652306,0.366260,139.467697,0.336356,139.560913,1.005154,139.460087,0.329755
resampled_data_batch_31.npz,2,139.594236,0.738560,139.362126,1.091419,139.661949,0.286413,139.477390,0.353110,139.376205,0.922716,139.475677,0.343996
resampled_data_batch_32.npz,2,139.693401,0.267206,139.498205,0.325378,139.710707,0.271021,139.516944,0.330343,139.498114,0.315455,139.519271,0.318767
resampled_data_batch_33.npz,2,139.705708,0.224545,139.496395,0.274670,139.717290,0.214776,139.506152,0.259746,139.495288,0.265939,139.506861,0.251808
resampled_data_batch_34.npz,2,139.725674,0.641324,139.545624,0.916629,139.696286,0.408046,139.472883,0.324960,139.534832,0.774804,139.473176,0.316338
resampled_data_batch_35.npz,2,139.629817,0.285448,139.424358,0.339115,139.637162,0.292037,139.445694,0.348951,139.430795,0.335179,139.447284,0.348137
resampled_data_batch_36.npz,2,139.597136,0.254872,139.391643,0.315868,139.632887,0.266556,139.432809,0.332570,139.396203,0.304307,139.435679,0.317877
resampled_data_batch_37.npz,2,139.628082,1.021312,139.393836,1.030197,139.624922,0.583198,139.421281,0.342346,139.402325,0.974081,139.420971,0.325456
resampled_data_batch_38.npz,2,139.420944,0.968854,139.261614,0.914969,139.524353,0.292489,139.382813,0.351816,139.254651,0.956218,139.374574,0.346582
resampled_data_batch_39.npz,2,139.492592,0.259285,139.283566,0.306379,139.487476,0.252635,139.299978,0.293953,139.284036,0.297308,139.298038,0.287002
resampled_data_batch_40.npz,2,139.463759,1.355676,139.174639,1.611158,139.431318,0.358670,139.194622,0.370089,139.209712,1.451436,139.196234,0.357062
resampled_data_batch_41.npz,2,139.381137,0.541034,139.155886,0.371810,139.306458,0.348474,139.095584,0.338617,139.151891,0.356728,139.096801,0.330031
resampled_data_batch_42.npz,2,139.253901,0.280424,139.051549,0.323065,139.234219,0.275110,139.027873,0.318996,139.053383,0.314998,139.030111,0.310530
resampled_data_batch_43.npz,2,139.225607,1.014533,139.071793,1.298772,139.174998,0.489049,138.980445,0.330118,139.056244,1.086095,138.983680,0.319188
resampled_data_batch_44.npz,2,138.889649,0.346641,138.687009,0.330932,138.859691,0.288658,138.654657,0.329173,138.688301,0.323994,138.657804,0.322989
resampled_data_batch_45.npz,2,138.656341,0.261053,138.467588,0.306454,138.640163,0.260960,138.436537,0.311886,138.467810,0.296087,138.442469,0.299366
resampled_data_batch_46.npz,2,138.000140,0.497516,137.773822,0.809435,138.024017,0.266417,137.867319,0.298928,137.790017,0.628266,137.865909,0.288638
resampled_data_batch_47.npz,2,136.018149,0.360218,135.810319,0.393370,135.964657,0.355654,135.728431,0.378456,135.814987,0.384568,135.734069,0.364317
resampled_data_batch_48.npz,2,121.852114,1.993847,121.686873,1.965911,122.068288,2.028643,121.896343,1.989282,121.685417,1.966882,121.895899,1.987800
resampled_data_batch_49.npz,2,69.019970,3.739483,68.873551,3.758863,68.971393,3.265512,69.023423,3.312427,68.874852,3.758841,69.026448,3.308133
resampled_data_batch_54.npz,2,66.211296,3.812599,66.051106,3.824772,68.292280,1.967633,68.143417,1.944003,66.050353,3.832777,68.145788,1.945813
resampled_data_batch_55.npz,2,120.805226,2.471905,120.591024,2.425281,120.829898,2.293912,120.554298,2.369570,120.593469,2.429819,120.630151,2.310527
resampled_data_batch_56.npz,2,136.032529,0.402798,135.850432,0.466451,136.006747,0.388411,135.783186,0.412867,135.837331,0.431750,135.782575,0.405492
resampled_data_batch_57.npz,2,138.067934,0.259071,137.870815,0.311685,138.065916,0.261984,137.872067,0.326432,137.872924,0.303788,137.877274,0.315500
resampled_data_batch_58.npz,2,138.637420,0.326188,138.436936,0.341470,138.639699,0.334357,138.427014,0.334437,138.436228,0.335320,138.424061,0.326238
resampled_data_batch_59.npz,2,139.000534,0.237651,138.797545,0.298460,139.004949,0.261733,138.792671,0.324807,138.799285,0.287414,138.793464,0.313328
resampled_data_batch_60.npz,2,139.261850,0.928518,138.987082,0.540222,139.157358,0.301324,138.955775,0.359762,138.980523,0.440405,138.957154,0.351992
resampled_data_batch_61.npz,2,139.358005,0.274274,139.184919,0.329054,139.364931,0.272391,139.225313,0.304586,139.186373,0.315505,139.222177,0.296751
resampled_data_batch_62.npz,2,139.442593,0.960236,139.226052,0.520421,139.444222,0.284682,139.228863,0.320990,139.221078,0.418086,139.239306,0.313650
resampled_data_batch_63.npz,2,139.460926,0.505003,139.273663,0.589942,139.523641,0.260628,139.350065,0.338894,139.270474,0.584928,139.347410,0.325320
resampled_data_batch_64.npz,2,139.600404,1.070283,139.415083,1.187321,139.502959,0.392796,139.303935,0.322522,139.397019,1.003941,139.303840,0.321058
resampled_data_batch_65.npz,2,139.571813,0.267324,139.368155,0.311626,139.561114,0.267815,139.353425,0.305403,139.367931,0.300633,139.351417,0.294344
resampled_data_batch_66.npz,2,139.627299,0.567892,139.447714,0.745801,139.627024,0.498943,139.409049,0.306992,139.437493,0.606039,139.404380,0.286920
resampled_data_batch_67.npz,2,139.592111,1.023659,139.401892,1.014207,139.702480,0.299748,139.511262,0.347958,139.406227,1.016313,139.515466,0.343986
resampled_data_batch_68.npz,2,139.676348,0.433415,139.547668,1.294342,139.644900,0.240342,139.447148,0.306600,139.498524,0.709826,139.448090,0.291608
resampled_data_batch_69.npz,2,139.683124,0.300146,139.511734,0.349521,139.696311,0.290622,139.532167,0.331556,139.507309,0.347826,139.528205,0.328190
resampled_data_batch_70.npz,2,139.738693,0.228718,139.547025,0.292921,139.750238,0.230515,139.576029,0.301472,139.550731,0.280063,139.578746,0.287961
resampled_data_batch_71.npz,2,139.717464,0.476702,139.534482,0.610215,139.669396,0.303338,139.492472,0.324442,139.535802,0.573763,139.494490,0.320431
resampled_data_batch_72.npz,2,139.743651,0.281665,139.551822,0.355656,139.750861,0.282120,139.575619,0.347824,139.553951,0.344176,139.574052,0.337732
resampled_data_batch_73.npz,2,139.649423,0.985825,139.378552,1.676331,139.740991,0.233762,139.534058,0.284908,139.413191,1.298221,139.531678,0.280300
resampled_data_batch_74.npz,2,139.760179,0.271409,139.565079,0.335165,139.754440,0.243539,139.570998,0.299145,139.567639,0.323912,139.567905,0.288281
resampled_data_batch_75.npz,2,139.692306,0.651999,139.526849,0.529781,139.704444,0.400731,139.547459,0.340487,139.519102,0.488664,139.544784,0.329964
resampled_data_batch_76.npz,2,139.737059,0.239266,139.541266,0.298893,139.716607,0.229847,139.522348,0.304135,139.540411,0.291996,139.521633,0.298507
resampled_data_batch_77.npz,2,139.666700,0.977725,139.501680,0.932281,139.815886,0.391458,139.631022,0.308786,139.506774,0.914259,139.632760,0.304479
resampled_data_batch_78.npz,2,139.775125,0.240798,139.580721,0.310991,139.797665,0.207109,139.600778,0.272104,139.582326,0.298196,139.602590,0.260131
resampled_data_batch_79.npz,2,139.815440,0.861159,139.628412,0.610661,139.786304,0.259155,139.580626,0.305154,139.631283,0.645368,139.579719,0.293215
resampled_data_batch_80.npz,2,139.841980,0.515360,139.622703,0.505643,139.797507,0.283180,139.567096,0.336678,139.629945,0.533684,139.573530,0.330017
resampled_data_batch_81.npz,2,139.864334,0.515317,139.637388,0.338773,139.837243,0.268038,139.649975,0.316867,139.633588,0.313523,139.650930,0.311333
resampled_data_batch_82.npz,2,139.810298,0.593164,139.648583,0.316446,139.753134,0.781193,139.646392,0.281153,139.652241,0.284983,139.645907,0.267442
resampled_data_batch_83.npz,2,139.892361,1.048883,139.710021,1.378376,139.826046,0.268716,139.640829,0.303458,139.693350,1.143428,139.643441,0.295862
resampled_data_batch_84.npz,2,139.717046,0.716025,139.496524,0.779796,139.765177,0.267346,139.562669,0.300119,139.507658,0.747584,139.564160,0.286980
resampled_data_batch_85.npz,2,139.788270,0.601274,139.635925,1.112688,139.768600,0.215474,139.549228,0.276349,139.615417,0.845065,139.560342,0.265710
resampled_data_batch_86.npz,2,139.694960,0.260108,139.499603,0.309316,139.696110,0.266544,139.495369,0.313505,139.502295,0.297063,139.500485,0.303384
resampled_data_batch_87.npz,2,139.695401,0.751979,139.549294,0.622156,139.703174,0.228819,139.502403,0.259124,139.547109,0.516641,139.503448,0.254199
resampled_data_batch_88.npz,2,139.814638,0.484078,139.672336,0.872927,139.778571,0.231138,139.591144,0.280008,139.655169,0.680607,139.595303,0.272958
resampled_data_batch_89.npz,2,139.881430,0.615807,139.694243,0.824216,139.835150,0.264037,139.611725,0.300955,139.690925,0.743201,139.625975,0.302030
resampled_data_batch_90.npz,2,139.891042,1.163429,139.792973,1.654683,139.829653,0.259875,139.635049,0.339440,139.733384,1.235173,139.638725,0.325139
resampled_data_batch_91.npz,2,139.771137,0.431645,139.615649,0.341120,139.798081,0.354868,139.652070,0.301358,139.612984,0.339136,139.650468,0.290621
resampled_data_batch_92.npz,2,139.833423,0.273135,139.643244,0.307471,139.823177,0.297126,139.634299,0.316725,139.644458,0.303175,139.635879,0.314625
resampled_data_batch_93.npz,2,139.847950,0.432940,139.643899,0.342477,139.851958,0.263963,139.660922,0.307967,139.644404,0.335353,139.664579,0.302073
resampled_data_batch_94.npz,2,139.811409,0.583780,139.644207,0.745417,139.844321,0.292090,139.667840,0.342552,139.647781,0.466084,139.671844,0.335268
resampled_data_batch_95.npz,2,139.824761,0.329950,139.624491,0.426576,139.847470,0.223153,139.634138,0.259502,139.650517,0.272351,139.639458,0.253686
resampled_data_batch_96.npz,2,139.887727,0.594895,139.647910,0.583240,139.802899,0.271608,139.583712,0.331045,139.653116,0.574957,139.585710,0.320071
resampled_data_batch_97.npz,2,139.803887,0.334984,139.628183,0.304164,139.768728,0.382591,139.605289,0.313247,139.629288,0.291536,139.606510,0.297626
resampled_data_batch_98.npz,2,139.895319,0.255267,139.710965,0.318196,139.898227,0.254308,139.719180,0.325900,139.712876,0.306911,139.718467,0.315346
resampled_data_batch_99.npz,2,139.785650,0.711122,139.560032,0.968840,139.847471,0.250268,139.666955,0.294019,139.574825,0.832456,139.659844,0.287781
resampled_data_batch_100.npz,2,139.794120,0.686428,139.588668,0.403477,139.770130,0.279471,139.598457,0.292095,139.589334,0.377913,139.598741,0.281367
resampled_data_batch_101.npz,2,139.836800,0.237899,139.655017,0.281110,139.826048,0.240657,139.652436,0.286450,139.652848,0.275095,139.650434,0.277940
resampled_data_batch_1.npz,3,139.364311,2.068477,139.191684,2.335125,139.580760,0.469060,139.373451,0.272559,139.255227,1.772685,139.376920,0.273393
resampled_data_batch_2.npz,3,139.983472,0.241555,139.744425,0.307918,140.013277,0.225795,139.777625,0.288353,139.746126,0.296766,139.779949,0.277213
resampled_data_batch_3.npz,3,139.674257,0.209726,139.407202,0.277823,139.682048,0.206146,139.421208,0.279075,139.405521,0.268547,139.417928,0.270795
resampled_data_batch_4.npz,3,139.757288,0.276550,139.461095,0.349557,139.777557,0.279459,139.490824,0.371928,139.466355,0.335885,139.505337,0.347577
resampled_data_batch_5.npz,3,140.052625,0.156173,139.812492,0.205516,140.055254,0.155269,139.813921,0.199525,139.812294,0.192186,139.818659,0.187987
resampled_data_batch_6.npz,3,139.892765,0.198700,139.646223,0.256825,139.905105,0.214654,139.646648,0.274693,139.645832,0.246727,139.645204,0.266077
resampled_data_batch_7.npz,3,139.885718,0.220721,139.632603,0.276746,139.880314,0.211977,139.623829,0.262152,139.630485,0.265656,139.620425,0.249805
resampled_data_batch_8.npz,3,139.764292,0.276022,139.517677,0.325629,139.778539,0.283385,139.517594,0.332234,139.514994,0.312337,139.514885,0.319556
resampled_data_batch_9.npz,3,140.083377,0.188925,139.857364,0.239983,140.084044,0.192603,139.858768,0.245403,139.855907,0.234609,139.857317,0.241630
resampled_data_batch_10.npz,3,139.852085,0.217862,139.614826,0.292231,139.830750,0.228121,139.589398,0.286213,139.608482,0.284086,139.581873,0.281668
resampled_data_batch_11.npz,3,139.799535,0.749954,139.502354,1.016881,139.900346,0.419068,139.599204,0.327674,139.518597,0.863567,139.600773,0.317386
resampled_data_batch_12.npz,3,139.410917,1.639987,139.300594,0.938744,139.559630,0.729398,139.432568,0.316725,139.300336,0.964189,139.435844,0.307740
resampled_data_batch_13.npz,3,139.139919,1.881155,138.807475,2.097889,139.442585,0.487636,139.116398,0.326629,138.846218,1.903213,139.118616,0.326897
resampled_data_batch_14.npz,3,138.467753,1.717396,138.282628,1.956360,138.423706,0.318171,138.132494,0.303706,138.248902,1.677403,138.139722,0.295722
resampled_data_batch_15.npz,3,131.912549,0.827331,131.657976,1.461839,131.981857,0.412960,131.760315,0.387254,131.729554,0.669696,131.761356,0.382777
resampled_data_batch_16.npz,3,112.820155,1.000349,112.600248,0.850198,112.871069,0.739278,112.676518,0.671644,112.614188,0.887223,112.679618,0.674956
resampled_data_batch_17.npz,3,86.739605,1.038590,86.448622,1.323255,86.667805,0.717768,86.489736,0.738661,86.496040,0.812134,86.493751,0.737338
resampled_data_batch_18.npz,3,72.078844,0.278386,71.885865,0.367285,72.098277,0.312560,71.930127,0.245990,71.905557,0.261606,71.935560,0.241198
resampled_data_batch_19.npz,3,75.735529,0.483745,75.579002,0.511477,75.855861,0.435534,75.666389,0.438287,75.574849,0.499385,75.664191,0.441106
resampled_data_batch_20.npz,3,96.669460,1.038755,96.476207,1.034078,96.567381,1.074842,96.416535,1.047612,96.479486,1.038574,96.422111,1.052881
resampled_data_batch_21.npz,3,122.822168,0.848350,122.639257,0.843662,122.789852,0.870559,122.607165,0.882085,122.636633,0.842152,122.624228,0.884650
resampled_data_batch_22.npz,3,136.111672,0.359761,135.897656,0.393756,136.107062,0.375111,135.886199,0.392191,135.899618,0.384482,135.889729,0.384297
resampled_data_batch_23.npz,3,139.208946,0.247711,139.003563,0.311345,139.188259,0.247347,138.977503,0.292258,139.006947,0.300073,138.981757,0.282416
resampled_data_batch_24.npz,3,139.504314,0.258654,139.297655,0.320726,139.501195,0.249631,139.295031,0.323172,139.296728,0.309374,139.292777,0.307782
resampled_data_batch_25.npz,3,139.558259,1.252960,139.389276,1.440584,139.590737,0.418019,139.336584,0.328086,139.370641,1.240529,139.335505,0.319473
resampled_data_batch_26.npz,3,139.733502,0.400635,139.510931,0.394829,139.727721,0.380308,139.504654,0.363411,139.517002,0.401326,139.505420,0.362337
resampled_data_batch_27.npz,3,139.617486,0.254965,139.397111,0.302310,139.624187,0.254931,139.395486,0.300777,139.400113,0.292548,139.401189,0.290562
resampled_data_batch_28.npz,3,139.751942,0.258960,139.552379,0.314926,139.743467,0.257287,139.560494,0.295332,139.553536,0.302635,139.563416,0.282646
resampled_data_batch_29.npz,3,139.760826,0.239070,139.562540,0.279354,139.743536,0.236229,139.531385,0.267433,139.561896,0.271488,139.537077,0.263519
resampled_data_batch_30.npz,3,139.806440,1.120114,139.571052,1.002356,139.687144,0.315149,139.475579,0.335350,139.568071,1.003255,139.471442,0.333994
resampled_data_batch_31.npz,3,139.602302,0.738553,139.370287,1.091375,139.663512,0.286460,139.481726,0.357463,139.384850,0.924106,139.479590,0.347713
resampled_data_batch_32.npz,3,139.701419,0.267242,139.506155,0.325529,139.695781,0.267953,139.495792,0.325301,139.507281,0.314990,139.505335,0.315441
resampled_data_batch_33.npz,3,139.713620,0.224253,139.504542,0.274925,139.726461,0.216607,139.522178,0.263149,139.504072,0.265450,139.521889,0.253718
resampled_data_batch_34.npz,3,139.733152,0.641234,139.553587,0.916864,139.701492,0.419175,139.485434,0.323819,139.544414,0.776342,139.490975,0.316300
resampled_data_batch_35.npz,3,139.637993,0.285104,139.432799,0.339047,139.635646,0.291404,139.450116,0.342807,139.440299,0.335703,139.454502,0.341854
resampled_data_batch_36.npz,3,139.604622,0.254999,139.399634,0.315995,139.630027,0.261446,139.432959,0.331612,139.404307,0.305045,139.437118,0.319837
resampled_data_batch_37.npz,3,139.635654,1.021352,139.402025,1.029800,139.659536,0.640342,139.424160,0.339279,139.411459,0.975318,139.421348,0.325188
resampled_data_batch_38.npz,3,139.429113,0.968911,139.270119,0.914625,139.551898,0.306161,139.403928,0.356007,139.262820,0.958360,139.399535,0.349490
resampled_data_batch_39.npz,3,139.500667,0.259011,139.291893,0.306445,139.495891,0.254308,139.296436,0.300467,139.293117,0.297884,139.300883,0.293121
resampled_data_batch_40.npz,3,139.471639,1.355832,139.182786,1.610921,139.411411,0.306018,139.214856,0.374950,139.217464,1.451617,139.216844,0.360950
resampled_data_batch_41.npz,3,139.388997,0.540875,139.164110,0.371407,139.308941,0.352294,139.096058,0.341034,139.161174,0.356578,139.097431,0.336220
resampled_data_batch_42.npz,3,139.261446,0.280075,139.059672,0.323046,139.242260,0.264161,139.043877,0.312908,139.060823,0.314514,139.042275,0.303021
resampled_data_batch_43.npz,3,139.233582,1.014450,139.079885,1.298646,139.170542,0.502829,138.975873,0.335195,139.065200,1.087304,138.979490,0.327179
resampled_data_batch_44.npz,3,138.897119,0.346493,138.695077,0.330935,138.877863,0.291778,138.656459,0.332279,138.695234,0.323823,138.659714,0.325015
resampled_data_batch_45.npz,3,138.664029,0.261014,138.475413,0.306056,138.647504,0.276958,138.448955,0.323873,138.476724,0.296624,138.455183,0.314209
resampled_data_batch_46.npz,3,138.007461,0.497543,137.781999,0.809506,138.038184,0.270616,137.870871,0.304926,137.797610,0.627985,137.868483,0.295538
resampled_data_batch_47.npz,3,136.025698,0.360116,135.818208,0.393199,135.972168,0.360986,135.752059,0.380675,135.823517,0.384868,135.758139,0.365783
resampled_data_batch_48.npz,3,121.858997,1.994130,121.693942,1.966298,122.124081,1.991765,121.939310,1.961627,121.693056,1.967343,121.969108,1.960948
resampled_data_batch_49.npz,3,69.024708,3.739547,68.878444,3.758894,69.195226,3.136170,69.216307,3.214519,68.879152,3.758467,69.217143,3.208389
resampled_data_batch_54.npz,3,66.214743,3.812872,66.055124,3.824777,68.172584,1.956053,67.947359,1.887629,66.054917,3.833383,67.945887,1.890906
resampled_data_batch_55.npz,3,120.811952,2.472188,120.598382,2.425506,120.722346,2.411203,120.556581,2.382496,120.601270,2.429617,120.560328,2.383791
resampled_data_batch_56.npz,3,136.040494,0.402566,135.858298,0.466467,136.022031,0.386677,135.817820,0.409694,135.843671,0.430835,135.815570,0.400164
resampled_data_batch_57.npz,3,138.076068,0.259047,137.879113,0.311527,138.074058,0.259139,137.875648,0.325448,137.880279,0.303520,137.873175,0.314868
resampled_data_batch_58.npz,3,138.645049,0.325819,138.444869,0.341386,138.655213,0.339221,138.455600,0.339938,138.442877,0.336370,138.450487,0.331867
resampled_data_batch_59.npz,3,139.008309,0.237586,138.805498,0.298535,139.009034,0.255685,138.791749,0.315252,138.808014,0.288208,138.793709,0.304851
resampled_data_batch_60.npz,3,139.269836,0.928188,138.994954,0.540112,139.164553,0.300741,138.962073,0.357592,138.988150,0.439038,138.966239,0.351526
resampled_data_batch_61.npz,3,139.365980,0.274445,139.193181,0.328866,139.379950,0.268009,139.214762,0.311454,139.192471,0.315098,139.216809,0.299186
resampled_data_batch_62.npz,3,139.450255,0.960013,139.234027,0.520139,139.457026,0.288893,139.246937,0.329280,139.228750,0.416660,139.250439,0.323459
resampled_data_batch_63.npz,3,139.468485,0.505575,139.281176,0.590016,139.518680,0.265611,139.352201,0.338681,139.278001,0.585456,139.347254,0.326059
resampled_data_batch_64.npz,3,139.607802,1.070219,139.422681,1.186940,139.479420,0.311427,139.321966,0.327204,139.404344,1.002506,139.317590,0.327162
resampled_data_batch_65.npz,3,139.579832,0.267326,139.376317,0.311759,139.569395,0.269577,139.361898,0.296147,139.373898,0.300530,139.359903,0.284168
resampled_data_batch_66.npz,3,139.635115,0.568073,139.456012,0.745728,139.649309,0.432931,139.416170,0.290695,139.445464,0.603586,139.418739,0.277311
resampled_data_batch_67.npz,3,139.599837,1.023798,139.410258,1.014078,139.714555,0.303954,139.526562,0.350046,139.414453,1.017154,139.528788,0.343883
resampled_data_batch_68.npz,3,139.684162,0.433611,139.555754,1.294405,139.656825,0.236548,139.460680,0.304016,139.506901,0.712938,139.466639,0.287606
resampled_data_batch_69.npz,3,139.690910,0.300255,139.519882,0.349512,139.704389,0.298272,139.532191,0.339194,139.514376,0.348275,139.528496,0.335444
resampled_data_batch_70.npz,3,139.746329,0.228486,139.554915,0.293000,139.756995,0.231686,139.579636,0.303555,139.556910,0.279377,139.580017,0.290280
resampled_data_batch_71.npz,3,139.725628,0.476207,139.542479,0.609956,139.682488,0.299174,139.492798,0.330695,139.543626,0.574692,139.494295,0.324078
resampled_data_batch_72.npz,3,139.751570,0.281643,139.559980,0.355480,139.760459,0.280343,139.578491,0.345941,139.561349,0.344271,139.576956,0.334311
resampled_data_batch_73.npz,3,139.657248,0.986023,139.386829,1.676195,139.743561,0.231136,139.536159,0.278669,139.422563,1.296325,139.536267,0.276362
resampled_data_batch_74.npz,3,139.767634,0.271641,139.573018,0.335497,139.753032,0.247856,139.556909,0.292342,139.576183,0.324754,139.563265,0.277355
resampled_data_batch_75.npz,3,139.700348,0.652152,139.534780,0.529807,139.705365,0.399213,139.542505,0.336839,139.526044,0.487979,139.545125,0.332380
resampled_data_batch_76.npz,3,139.744831,0.239333,139.549630,0.299141,139.745729,0.238487,139.566581,0.309500,139.547710,0.292001,139.556420,0.305797
resampled_data_batch_77.npz,3,139.674157,0.977736,139.509665,0.931850,139.819055,0.390727,139.629470,0.308541,139.515694,0.915496,139.631403,0.301211
resampled_data_batch_78.npz,3,139.783167,0.241048,139.588856,0.311095,139.798967,0.209238,139.618413,0.276485,139.590677,0.298939,139.620645,0.265560
resampled_data_batch_79.npz,3,139.823129,0.861445,139.636366,0.610465,139.785771,0.257297,139.581499,0.303641,139.639163,0.643149,139.579298,0.292805
resampled_data_batch_80.npz,3,139.849964,0.515620,139.630864,0.505780,139.815529,0.275614,139.571395,0.333924,139.636457,0.533494,139.573120,0.328372
resampled_data_batch_81.npz,3,139.872136,0.515211,139.645390,0.338775,139.854342,0.259583,139.656465,0.311197,139.641443,0.314228,139.656684,0.307009
resampled_data_batch_82.npz,3,139.818710,0.592805,139.657136,0.316278,139.754205,0.776275,139.644219,0.272055,139.660867,0.285594,139.644753,0.258505
resampled_data_batch_83.npz,3,139.899602,1.049106,139.717907,1.378249,139.840456,0.265742,139.670769,0.295677,139.700470,1.140723,139.673503,0.289855
resampled_data_batch_84.npz,3,139.724558,0.716296,139.504649,0.779716,139.761057,0.265484,139.550136,0.298963,139.513716,0.747489,139.556616,0.283104
resampled_data_batch_85.npz,3,139.796112,0.601247,139.643883,1.112344,139.781275,0.203242,139.575400,0.257339,139.624268,0.846374,139.578696,0.246978
resampled_data_batch_86.npz,3,139.702456,0.260161,139.507534,0.309524,139.701239,0.263115,139.501428,0.314632,139.509718,0.297818,139.510805,0.309455
resampled_data_batch_87.npz,3,139.703193,0.751983,139.557238,0.622102,139.703422,0.233140,139.513355,0.258316,139.556185,0.518796,139.514689,0.253833
resampled_data_batch_88.npz,3,139.822034,0.483794,139.680276,0.872734,139.783619,0.231778,139.589943,0.276332,139.663543,0.680803,139.594695,0.269194
resampled_data_batch_89.npz,3,139.889138,0.615823,139.702322,0.824099,139.823457,0.269428,139.624084,0.304166,139.698698,0.745452,139.627937,0.299947
resampled_data_batch_90.npz,3,139.898973,1.163608,139.801233,1.654825,139.835542,0.250374,139.640754,0.337663,139.742401,1.234478,139.644195,0.324041
resampled_data_batch_91.npz,3,139.779036,0.431627,139.623778,0.341320,139.793270,0.368175,139.649061,0.316112,139.620625,0.339817,139.646057,0.305721
resampled_data_batch_92.npz,3,139.841195,0.273358,139.651336,0.307443,139.834488,0.300223,139.649529,0.321662,139.653093,0.302878,139.651129,0.320259
resampled_data_batch_93.npz,3,139.855693,0.432316,139.651947,0.342284,139.851869,0.264139,139.664497,0.310000,139.650146,0.337122,139.662777,0.306854
resampled_data_batch_94.npz,3,139.819336,0.583804,139.652380,0.745505,139.855887,0.291681,139.692828,0.333393,139.656367,0.466363,139.694966,0.327369
resampled_data_batch_95.npz,3,139.832633,0.329948,139.632650,0.426892,139.852298,0.222817,139.638487,0.257826,139.659380,0.272805,139.641653,0.254085
resampled_data_batch_96.npz,3,139.895300,0.594717,139.655779,0.583170,139.828347,0.271139,139.605066,0.334625,139.661485,0.576114,139.607587,0.324716
resampled_data_batch_97.npz,3,139.811516,0.335164,139.636162,0.304189,139.769918,0.382836,139.620721,0.307112,139.637205,0.291162,139.621962,0.291218
resampled_data_batch_98.npz,3,139.903216,0.255736,139.719293,0.318005,139.904834,0.253785,139.727270,0.312164,139.721445,0.310148,139.725780,0.307182
resampled_data_batch_99.npz,3,139.793259,0.711683,139.567936,0.968864,139.850348,0.259752,139.659041,0.292703,139.583531,0.833112,139.659054,0.294395
resampled_data_batch_100.npz,3,139.802113,0.686305,139.597151,0.403400,139.780434,0.279679,139.602035,0.296569,139.598137,0.378053,139.600975,0.289226
resampled_data_batch_101.npz,3,139.844369,0.238111,139.662963,0.281224,139.830106,0.238098,139.658534,0.287972,139.660551,0.277016,139.652521,0.280491
resampled_data_batch_1.npz,4,139.371611,2.068177,139.199653,2.336705,139.589125,0.452925,139.380560,0.269677,139.263580,1.773423,139.384961,0.274011
resampled_data_batch_2.npz,4,139.991421,0.241714,139.752968,0.308046,139.996983,0.239380,139.776102,0.298670,139.753001,0.296136,139.776626,0.284873
resampled_data_batch_3.npz,4,139.682663,0.209179,139.415364,0.278063,139.710494,0.222850,139.457867,0.296288,139.412886,0.269286,139.455275,0.280845
resampled_data_batch_4.npz,4,139.764717,0.275695,139.469490,0.349344,139.755124,0.242901,139.465081,0.329440,139.474922,0.335434,139.470686,0.314825
resampled_data_batch_5.npz,4,140.062122,0.156026,139.820958,0.205899,140.058376,0.154359,139.818680,0.210486,139.820231,0.191912,139.819015,0.197610
resampled_data_batch_6.npz,4,139.901088,0.198761,139.654654,0.256662,139.894301,0.220566,139.648518,0.273509,139.653721,0.249256,139.647751,0.267983
resampled_data_batch_7.npz,4,139.894841,0.220500,139.640844,0.276231,139.898145,0.206109,139.661702,0.244664,139.639560,0.265072,139.653614,0.230257
resampled_data_batch_8.npz,4,139.771562,0.275661,139.526046,0.324949,139.758657,0.274372,139.520480,0.315155,139.525397,0.311025,139.519172,0.298389
resampled_data_batch_9.npz,4,140.090782,0.188071,139.865389,0.240045,140.091124,0.188175,139.869296,0.225170,139.862951,0.234613,139.869660,0.219773
resampled_data_batch_10.npz,4,139.858043,0.218215,139.622591,0.292325,139.840732,0.213902,139.597153,0.268981,139.614621,0.282453,139.589335,0.260380
resampled_data_batch_11.npz,4,139.807508,0.749306,139.510560,1.015909,139.920440,0.437402,139.605583,0.310270,139.526062,0.864131,139.608948,0.299867
resampled_data_batch_12.npz,4,139.417881,1.639777,139.308597,0.938680,139.606194,0.502456,139.422410,0.341038,139.307921,0.962641,139.421962,0.332149
resampled_data_batch_13.npz,4,139.147996,1.881776,138.815308,2.097096,139.475063,0.494226,139.136604,0.341142,138.853472,1.902025,139.139604,0.347976
resampled_data_batch_14.npz,4,138.475114,1.716881,138.290884,1.955949,138.430013,0.315975,138.162886,0.316220,138.255537,1.676297,138.166202,0.312788
resampled_data_batch_15.npz,4,131.920971,0.825803,131.666156,1.460488,132.004936,0.421259,131.779781,0.406797,131.737961,0.667583,131.779574,0.402988
resampled_data_batch_16.npz,4,112.827497,0.999810,112.606823,0.849566,112.833899,0.779783,112.640108,0.705650,112.621096,0.888316,112.647761,0.707330
resampled_data_batch_17.npz,4,86.744045,1.038000,86.453501,1.324652,86.794727,0.700438,86.596464,0.716712,86.500371,0.811002,86.553880,0.710338
resampled_data_batch_18.npz,4,72.083106,0.277919,71.890676,0.367695,72.164284,0.250971,72.013519,0.238453,71.909184,0.261837,72.018723,0.235331
resampled_data_batch_19.npz,4,75.739942,0.483191,75.584179,0.511102,75.746016,0.441190,75.607216,0.474304,75.579944,0.500607,75.600401,0.466483
resampled_data_batch_20.npz,4,96.674121,1.038964,96.481630,1.034201,96.681263,1.071289,96.484739,1.030542,96.482930,1.036601,96.495425,1.026663
resampled_data_batch_21.npz,4,122.828247,0.849031,122.646562,0.844102,122.776221,0.876127,122.616756,0.859913,122.644462,0.839029,122.618849,0.854907
resampled_data_batch_22.npz,4,136.118493,0.359885,135.905497,0.393814,136.113140,0.376802,135.901494,0.405706,135.907497,0.384440,135.900382,0.395130
resampled_data_batch_23.npz,4,139.217254,0.247631,139.011384,0.311255,139.193048,0.248776,138.988854,0.309700,139.013733,0.301690,138.988544,0.303955
resampled_data_batch_24.npz,4,139.512545,0.259508,139.306205,0.320803,139.497611,0.265586,139.275413,0.331886,139.306367,0.313337,139.271303,0.324652
resampled_data_batch_25.npz,4,139.566333,1.252073,139.397544,1.440273,139.593841,0.429540,139.326520,0.329635,139.376524,1.239749,139.323859,0.323833
resampled_data_batch_26.npz,4,139.741983,0.400329,139.518708,0.395193,139.740972,0.394726,139.502523,0.365208,139.525820,0.401948,139.508179,0.362572
resampled_data_batch_27.npz,4,139.625206,0.255390,139.405040,0.302725,139.624468,0.254488,139.402393,0.295584,139.407120,0.292126,139.410515,0.282531
resampled_data_batch_28.npz,4,139.759670,0.259537,139.560748,0.314618,139.734962,0.250710,139.541490,0.296849,139.561813,0.305005,139.545268,0.289237
resampled_data_batch_29.npz,4,139.768298,0.238132,139.570737,0.278959,139.767694,0.243016,139.565603,0.264406,139.568347,0.268715,139.553685,0.260035
resampled_data_batch_30.npz,4,139.813789,1.121255,139.578885,1.002250,139.666066,0.374514,139.485566,0.339960,139.578266,1.001894,139.485913,0.339703
resampled_data_batch_31.npz,4,139.610221,0.739489,139.378111,1.090979,139.684312,0.278425,139.508265,0.340930,139.391053,0.924452,139.500964,0.331454
resampled_data_batch_32.npz,4,139.709184,0.267886,139.514305,0.325572,139.736332,0.265128,139.545669,0.325714,139.513730,0.315707,139.545993,0.312589
resampled_data_batch_33.npz,4,139.721605,0.225430,139.512564,0.275150,139.741750,0.228975,139.548517,0.271011,139.512847,0.266984,139.549451,0.265476
resampled_data_batch_34.npz,4,139.741447,0.641312,139.561634,0.917151,139.715211,0.447426,139.475539,0.336463,139.550751,0.774063,139.472293,0.328085
resampled_data_batch_35.npz,4,139.645612,0.285614,139.440927,0.339097,139.634033,0.304711,139.446818,0.364527,139.448722,0.334236,139.455582,0.358658
resampled_data_batch_36.npz,4,139.613747,0.255251,139.407561,0.316243,139.632934,0.271156,139.441465,0.330856,139.414951,0.305957,139.453685,0.317699
resampled_data_batch_37.npz,4,139.643792,1.021276,139.410160,1.029419,139.636813,0.611674,139.427512,0.347946,139.419073,0.974543,139.427839,0.337314
resampled_data_batch_38.npz,4,139.436650,0.968795,139.277888,0.914687,139.557672,0.307300,139.405452,0.362178,139.271937,0.954041,139.399744,0.354072
resampled_data_batch_39.npz,4,139.508487,0.260125,139.299992,0.306849,139.494141,0.236642,139.299707,0.271026,139.300225,0.298853,139.293851,0.265869
resampled_data_batch_40.npz,4,139.479049,1.357052,139.190600,1.611046,139.434595,0.308033,139.200491,0.379655,139.226183,1.448707,139.222851,0.375662
resampled_data_batch_41.npz,4,139.396605,0.540742,139.172266,0.371545,139.297774,0.354147,139.087957,0.333410,139.169912,0.356585,139.095383,0.327647
resampled_data_batch_42.npz,4,139.269162,0.280192,139.067485,0.322367,139.229038,0.278468,139.040636,0.328920,139.070181,0.315842,139.044105,0.320897
resampled_data_batch_43.npz,4,139.241627,1.015418,139.088185,1.298840,139.129245,0.492106,138.968189,0.296114,139.073436,1.089779,138.966919,0.291420
resampled_data_batch_44.npz,4,138.904999,0.346695,138.702949,0.331029,138.853384,0.287106,138.645559,0.322577,138.703855,0.324153,138.647008,0.319028
resampled_data_batch_45.npz,4,138.671770,0.261817,138.483755,0.305881,138.640108,0.267521,138.426673,0.314196,138.482032,0.297987,138.431879,0.302938
resampled_data_batch_46.npz,4,138.015444,0.497978,137.790326,0.810267,138.023621,0.255969,137.868470,0.285036,137.805803,0.626399,137.865339,0.272942
resampled_data_batch_47.npz,4,136.034090,0.360460,135.826837,0.393142,135.957211,0.330733,135.740092,0.375477,135.831409,0.384988,135.748347,0.363521
resampled_data_batch_48.npz,4,121.866082,1.994294,121.701157,1.966373,122.052437,1.989364,121.804044,1.946954,121.699682,1.965660,121.812529,1.957980
resampled_data_batch_49.npz,4,69.027442,3.739635,68.882548,3.758733,69.023009,2.987087,69.145404,2.929557,68.882675,3.758784,69.147170,2.924102
resampled_data_batch_54.npz,4,66.219340,3.813945,66.059484,3.825060,68.603204,2.410193,68.486333,2.337203,66.060261,3.830648,68.488084,2.328585
resampled_data_batch_55.npz,4,120.818766,2.472064,120.604909,2.425206,120.779559,2.268274,120.663477,2.180129,120.607839,2.429951,120.668007,2.182553
resampled_data_batch_56.npz,4,136.047384,0.402658,135.865971,0.467422,135.959238,0.375995,135.758711,0.407302,135.852252,0.432051,135.757090,0.401121
resampled_data_batch_57.npz,4,138.083593,0.259477,137.886901,0.312162,138.089874,0.267054,137.880946,0.328670,137.889953,0.304233,137.881542,0.321859
resampled_data_batch_58.npz,4,138.652772,0.326301,138.453189,0.341518,138.670386,0.345406,138.444345,0.347935,138.451569,0.336366,138.440258,0.342153
resampled_data_batch_59.npz,4,139.015848,0.238452,138.813684,0.298754,139.026936,0.263644,138.819372,0.327388,138.814453,0.287368,138.819927,0.317982
resampled_data_batch_60.npz,4,139.277573,0.928382,139.003572,0.539820,139.175493,0.307671,138.968192,0.369705,138.995259,0.440381,138.969631,0.362075
resampled_data_batch_61.npz,4,139.373717,0.274481,139.201277,0.328637,139.380266,0.268923,139.236494,0.303843,139.201795,0.314233,139.233146,0.295539
resampled_data_batch_62.npz,4,139.458382,0.959743,139.242638,0.520049,139.443892,0.288104,139.237019,0.350702,139.236108,0.419305,139.236743,0.340936
resampled_data_batch_63.npz,4,139.477344,0.503670,139.289969,0.589744,139.525096,0.258456,139.355325,0.338153,139.286917,0.586488,139.351084,0.324766
resampled_data_batch_64.npz,4,139.616214,1.069682,139.431467,1.186606,139.484760,0.322390,139.310710,0.338404,139.412450,1.003061,139.305950,0.341477
resampled_data_batch_65.npz,4,139.586995,0.267493,139.384208,0.311405,139.563909,0.265227,139.360908,0.291536,139.381165,0.302178,139.354038,0.281319
resampled_data_batch_66.npz,4,139.643224,0.566807,139.464272,0.745979,139.681250,0.460920,139.414999,0.307900,139.453626,0.606534,139.423895,0.299537
resampled_data_batch_67.npz,4,139.608456,1.022602,139.417991,1.013436,139.698105,0.304240,139.514070,0.338273,139.422661,1.017214,139.516376,0.334516
resampled_data_batch_68.npz,4,139.692128,0.433951,139.564043,1.294922,139.664061,0.241086,139.473670,0.300611,139.513318,0.717502,139.470257,0.289718
resampled_data_batch_69.npz,4,139.698181,0.300925,139.527708,0.349930,139.725989,0.287544,139.563828,0.334734,139.523786,0.349098,139.559899,0.331954
resampled_data_batch_70.npz,4,139.753710,0.228162,139.563186,0.292973,139.759024,0.237319,139.585603,0.299292,139.567862,0.280019,139.590165,0.290617
resampled_data_batch_71.npz,4,139.732502,0.477427,139.550475,0.609897,139.687084,0.316219,139.505948,0.346087,139.550449,0.574741,139.507869,0.342536
resampled_data_batch_72.npz,4,139.758953,0.281287,139.568445,0.355572,139.742040,0.276492,139.538868,0.335888,139.568698,0.341800,139.536937,0.321705
resampled_data_batch_73.npz,4,139.665006,0.986176,139.395150,1.676175,139.756373,0.232537,139.551312,0.279267,139.429992,1.301596,139.551230,0.277098
resampled_data_batch_74.npz,4,139.776124,0.271715,139.581300,0.335373,139.776596,0.246519,139.589256,0.285803,139.584659,0.323077,139.590295,0.273126
resampled_data_batch_75.npz,4,139.707959,0.652179,139.543137,0.529612,139.704856,0.406751,139.564555,0.341304,139.534798,0.487901,139.557667,0.330704
resampled_data_batch_76.npz,4,139.752679,0.238871,139.557920,0.298807,139.736952,0.230852,139.544006,0.309770,139.557081,0.291722,139.544499,0.302349
resampled_data_batch_77.npz,4,139.683287,0.977483,139.518137,0.930796,139.878468,0.262422,139.677138,0.301815,139.522497,0.913067,139.675939,0.293980
resampled_data_batch_78.npz,4,139.790612,0.241288,139.596796,0.311415,139.794844,0.198781,139.619525,0.257128,139.599119,0.300778,139.618137,0.247312
resampled_data_batch_79.npz,4,139.830739,0.859909,139.644598,0.610323,139.806261,0.272248,139.589828,0.304461,139.647301,0.642878,139.591089,0.296941
resampled_data_batch_80.npz,4,139.857374,0.515592,139.639133,0.505197,139.823439,0.289307,139.593836,0.328029,139.647719,0.534698,139.601431,0.320018
resampled_data_batch_81.npz,4,139.880243,0.515325,139.653321,0.338418,139.845350,0.262083,139.673671,0.301009,139.649215,0.313781,139.674823,0.296024
resampled_data_batch_82.npz,4,139.826008,0.592575,139.665048,0.316276,139.750822,0.825431,139.659243,0.264411,139.667761,0.284689,139.658040,0.249141
resampled_data_batch_83.npz,4,139.907575,1.049326,139.726124,1.378054,139.855836,0.270997,139.659526,0.304117,139.710399,1.142910,139.664554,0.298199
resampled_data_batch_84.npz,4,139.732787,0.716505,139.512877,0.779656,139.783514,0.277551,139.575109,0.286711,139.523911,0.748112,139.578341,0.283920
resampled_data_batch_85.npz,4,139.804337,0.601347,139.652135,1.112549,139.804239,0.215655,139.590419,0.274140,139.629963,0.843538,139.589217,0.263061
resampled_data_batch_86.npz,4,139.710724,0.260761,139.515870,0.308940,139.721169,0.264548,139.509555,0.313491,139.518182,0.297239,139.516053,0.308906
resampled_data_batch_87.npz,4,139.710805,0.751684,139.565554,0.622261,139.720687,0.219635,139.528852,0.247551,139.562612,0.518557,139.525162,0.245885
resampled_data_batch_88.npz,4,139.830905,0.483266,139.689069,0.872180,139.802775,0.230147,139.620044,0.272478,139.671111,0.679943,139.620883,0.264985
resampled_data_batch_89.npz,4,139.896956,0.615316,139.710956,0.823146,139.857126,0.248100,139.647210,0.290602,139.706206,0.739030,139.649606,0.281946
resampled_data_batch_90.npz,4,139.907573,1.163709,139.810028,1.654964,139.849963,0.250375,139.663211,0.325830,139.750834,1.234871,139.669488,0.314480
resampled_data_batch_91.npz,4,139.786039,0.432200,139.632301,0.341231,139.800488,0.369956,139.688304,0.322614,139.630381,0.339322,139.687627,0.308635
resampled_data_batch_92.npz,4,139.849791,0.273209,139.659814,0.307439,139.834808,0.313033,139.642683,0.330504,139.661145,0.306545,139.643338,0.334626
resampled_data_batch_93.npz,4,139.863856,0.431879,139.660692,0.342044,139.869982,0.261464,139.662762,0.322857,139.660255,0.333792,139.676636,0.312453
resampled_data_batch_94.npz,4,139.827108,0.583656,139.660274,0.745561,139.865487,0.343804,139.668205,0.340846,139.664739,0.468478,139.668156,0.333289
resampled_data_batch_95.npz,4,139.840026,0.330222,139.640895,0.427146,139.832689,0.381174,139.666275,0.255921,139.667232,0.273124,139.670658,0.250869
resampled_data_batch_96.npz,4,139.903135,0.594902,139.663775,0.582944,139.827448,0.268971,139.612407,0.336421,139.669626,0.576711,139.630570,0.324958
resampled_data_batch_97.npz,4,139.819371,0.335952,139.644677,0.304623,139.766234,0.407027,139.593902,0.309246,139.643797,0.294482,139.596603,0.298523
resampled_data_batch_98.npz,4,139.910928,0.256158,139.727508,0.318157,139.891024,0.237618,139.722591,0.312362,139.729008,0.307530,139.725197,0.299684
resampled_data_batch_99.npz,4,139.800911,0.710689,139.575539,0.968444,139.848848,0.253385,139.650649,0.295048,139.590327,0.832523,139.655718,0.295109
resampled_data_batch_100.npz,4,139.809678,0.686676,139.605311,0.403407,139.774472,0.298070,139.598990,0.291887,139.606535,0.378099,139.603292,0.282796
resampled_data_batch_101.npz,4,139.852898,0.238160,139.671802,0.281173,139.850820,0.239801,139.675975,0.275723,139.668379,0.274928,139.675317,0.266237
resampled_data_batch_1.npz,5,139.379740,2.070756,139.207854,2.338242,139.543005,0.577802,139.384992,0.280469,139.271288,1.777415,139.379107,0.285775
resampled_data_batch_2.npz,5,139.999051,0.241898,139.760024,0.307913,140.027006,0.226172,139.794849,0.282885,139.762912,0.295732,139.790178,0.272156
resampled_data_batch_3.npz,5,139.689487,0.208658,139.423959,0.278527,139.706439,0.198800,139.456463,0.278637,139.420982,0.269357,139.452252,0.268571
resampled_data_batch_4.npz,5,139.772785,0.276974,139.477977,0.348722,139.772869,0.263336,139.499568,0.325113,139.484435,0.337679,139.506852,0.314947
resampled_data_batch_5.npz,5,140.069716,0.158052,139.829371,0.206367,140.051161,0.169695,139.810513,0.218179,139.828582,0.193860,139.817745,0.206990
resampled_data_batch_6.npz,5,139.908386,0.199899,139.662555,0.256893,139.953588,0.209191,139.713063,0.259389,139.664390,0.243732,139.703214,0.244117
resampled_data_batch_7.npz,5,139.902646,0.221590,139.650917,0.275788,139.867820,0.223289,139.613419,0.253366,139.650661,0.267175,139.615802,0.252223
resampled_data_batch_8.npz,5,139.780409,0.273953,139.533671,0.324941,139.757784,0.287288,139.537190,0.333621,139.528795,0.311771,139.526496,0.313730
resampled_data_batch_9.npz,5,140.099188,0.187813,139.874175,0.239703,140.089852,0.211841,139.876514,0.256214,139.873529,0.232813,139.879332,0.250928
resampled_data_batch_10.npz,5,139.868271,0.219226,139.630297,0.292745,139.872664,0.198570,139.608835,0.255577,139.623174,0.284756,139.603056,0.249242
resampled_data_batch_11.npz,5,139.815065,0.748773,139.519017,1.016106,139.857820,0.285823,139.595622,0.308182,139.535896,0.861066,139.600294,0.295805
resampled_data_batch_12.npz,5,139.427829,1.638762,139.316866,0.937173,139.546309,0.878085,139.469909,0.326439,139.317234,0.964813,139.481717,0.317422
resampled_data_batch_13.npz,5,139.156154,1.881141,138.824612,2.096311,139.466078,0.503523,139.121676,0.341907,138.866371,1.898329,139.134263,0.342609
resampled_data_batch_14.npz,5,138.484309,1.719221,138.298587,1.956591,138.381150,0.327091,138.092458,0.279500,138.264991,1.678639,138.094304,0.276166
resampled_data_batch_15.npz,5,131.927992,0.829334,131.674431,1.463134,131.977209,0.405423,131.790024,0.359265,131.743792,0.673396,131.789298,0.352378
resampled_data_batch_16.npz,5,112.832439,0.999764,112.613773,0.849862,112.820634,0.885022,112.615191,0.770322,112.626402,0.890536,112.603074,0.755876
resampled_data_batch_17.npz,5,86.749896,1.039988,86.457882,1.326215,86.901345,0.743274,86.603180,0.789145,86.504489,0.808944,86.608945,0.758198
resampled_data_batch_18.npz,5,72.086549,0.278115,71.894737,0.368422,72.099435,0.389166,71.977838,0.216543,71.914044,0.264687,71.912473,0.314289
resampled_data_batch_19.npz,5,75.744026,0.483554,75.588339,0.511149,75.955772,0.404066,75.795727,0.386619,75.586200,0.500076,75.762148,0.380155
resampled_data_batch_20.npz,5,96.680221,1.037337,96.487694,1.033700,96.630250,1.129250,96.374408,1.121663,96.490588,1.036947,96.335105,1.146065
resampled_data_batch_21.npz,5,122.836312,0.847675,122.653550,0.842934,122.668416,0.931857,122.491244,0.936433,122.651356,0.840117,122.490988,0.934521
resampled_data_batch_22.npz,5,136.127259,0.359834,135.913797,0.394906,136.064243,0.399210,135.847507,0.430539,135.918142,0.388635,135.842449,0.422118
resampled_data_batch_23.npz,5,139.224767,0.248280,139.019586,0.311628,139.223926,0.243697,138.999919,0.311964,139.023518,0.299823,138.990199,0.282580
resampled_data_batch_24.npz,5,139.519487,0.258424,139.314340,0.320327,139.513509,0.244457,139.299811,0.306394,139.312667,0.309610,139.292017,0.292870
resampled_data_batch_25.npz,5,139.573650,1.253509,139.404553,1.440838,139.621827,0.391560,139.361161,0.312135,139.383252,1.238713,139.355473,0.305266
resampled_data_batch_26.npz,5,139.750017,0.402268,139.528365,0.396123,139.724377,0.302488,139.513624,0.352118,139.533485,0.401302,139.513342,0.345699
resampled_data_batch_27.npz,5,139.632403,0.255687,139.413557,0.303389,139.670025,0.251547,139.422282,0.301482,139.416397,0.291831,139.429736,0.291011
resampled_data_batch_28.npz,5,139.768768,0.258468,139.569340,0.314297,139.760872,0.279603,139.541968,0.337741,139.569134,0.302132,139.558917,0.336381
resampled_data_batch_29.npz,5,139.777184,0.240488,139.578578,0.279915,139.763711,0.249201,139.563909,0.279330,139.576914,0.275683,139.557693,0.277511
resampled_data_batch_30.npz,5,139.821156,1.120052,139.586780,1.002174,139.707941,0.332060,139.523773,0.351547,139.587042,1.009145,139.523555,0.350244
resampled_data_batch_31.npz,5,139.616984,0.738195,139.386696,1.090018,139.691236,0.268761,139.500564,0.346410,139.399680,0.920370,139.503072,0.335368
resampled_data_batch_32.npz,5,139.716937,0.267511,139.522505,0.325498,139.754417,0.268446,139.543600,0.341254,139.522130,0.312628,139.568750,0.329272
resampled_data_batch_33.npz,5,139.727779,0.225445,139.521212,0.275166,139.702225,0.222786,139.500470,0.275564,139.521827,0.266800,139.502001,0.270414
resampled_data_batch_34.npz,5,139.750457,0.641330,139.570838,0.916376,139.724650,0.473857,139.506174,0.331549,139.558803,0.773103,139.502712,0.322314
resampled_data_batch_35.npz,5,139.653620,0.286913,139.450436,0.339560,139.663689,0.287194,139.456957,0.334129,139.458360,0.334934,139.463324,0.329804
resampled_data_batch_36.npz,5,139.620606,0.254406,139.416053,0.315587,139.623763,0.268535,139.430590,0.344810,139.419850,0.302294,139.433955,0.326901
resampled_data_batch_37.npz,5,139.650224,1.021254,139.418041,1.028966,139.578643,0.738459,139.374728,0.333859,139.426502,0.977238,139.362160,0.302293
resampled_data_batch_38.npz,5,139.445425,0.969731,139.286127,0.914208,139.533958,0.299958,139.411530,0.347548,139.278340,0.958423,139.404882,0.335930
resampled_data_batch_39.npz,5,139.516512,0.259962,139.308207,0.306092,139.499049,0.235156,139.282081,0.296562,139.309743,0.297712,139.284809,0.282669
resampled_data_batch_40.npz,5,139.486604,1.356106,139.198332,1.610133,139.405056,0.300226,139.196484,0.347887,139.233193,1.452500,139.197873,0.343304
resampled_data_batch_41.npz,5,139.404177,0.539982,139.181066,0.371204,139.373146,0.261896,139.167333,0.322058,139.178755,0.355228,139.173670,0.307251
resampled_data_batch_42.npz,5,139.277002,0.281296,139.076050,0.323618,139.261432,0.272864,139.085451,0.307254,139.075015,0.316632,139.077676,0.301601
resampled_data_batch_43.npz,5,139.247415,1.014547,139.096246,1.297999,139.187376,0.247109,138.994269,0.298691,139.080104,1.082753,138.993922,0.299825
resampled_data_batch_44.npz,5,138.913224,0.344329,138.711508,0.329907,138.893244,0.295515,138.672705,0.338708,138.711790,0.321163,138.678038,0.331485
resampled_data_batch_45.npz,5,138.680635,0.261412,138.492713,0.306316,138.660320,0.245597,138.448119,0.279895,138.492393,0.296170,138.459635,0.273362
resampled_data_batch_46.npz,5,138.024974,0.498383,137.799829,0.810367,138.038904,0.237901,137.888171,0.317668,137.815271,0.626161,137.881051,0.307631
resampled_data_batch_47.npz,5,136.042130,0.361396,135.834320,0.393097,136.096194,0.387138,135.880473,0.385730,135.836688,0.385423,135.880753,0.376694
resampled_data_batch_48.npz,5,121.873031,1.994563,121.708357,1.967473,122.070924,1.992593,121.924182,1.975494,121.704523,1.965842,121.916147,1.975539
resampled_data_batch_49.npz,5,69.031921,3.739360,68.887707,3.758807,69.361673,3.477669,69.246975,3.812632,68.890156,3.758647,69.243191,3.804223
resampled_data_batch_54.npz,5,66.222641,3.813293,66.063357,3.825624,67.951266,1.747303,67.306896,1.964546,66.062865,3.833585,68.167014,2.284628
resampled_data_batch_55.npz,5,120.824172,2.472037,120.611476,2.426276,120.777028,2.176708,120.491274,2.324583,120.611164,2.429943,120.489194,2.326444
resampled_data_batch_56.npz,5,136.054110,0.404448,135.875736,0.467209,135.978337,0.404828,135.753596,0.430187,135.860900,0.431092,135.753246,0.425405
resampled_data_batch_57.npz,5,138.092337,0.259362,137.896013,0.311484,138.067087,0.247246,137.896651,0.295525,137.896354,0.303716,137.882613,0.285886
resampled_data_batch_58.npz,5,138.659635,0.326241,138.461858,0.341056,138.657220,0.339546,138.426118,0.294517,138.460816,0.333448,138.423123,0.287381
resampled_data_batch_59.npz,5,139.026041,0.239099,138.822850,0.299978,139.017963,0.261699,138.807736,0.318322,138.823656,0.290529,138.806758,0.311531
resampled_data_batch_60.npz,5,139.285147,0.927092,139.011587,0.540075,139.166775,0.278623,138.966633,0.353748,139.006968,0.448698,138.965723,0.348951
resampled_data_batch_61.npz,5,139.382972,0.273488,139.210299,0.328123,139.394938,0.271705,139.229202,0.313298,139.210021,0.315474,139.222654,0.304162
resampled_data_batch_62.npz,5,139.466063,0.960481,139.251770,0.520251,139.451952,0.274379,139.277975,0.315576,139.247174,0.417628,139.275317,0.306743
resampled_data_batch_63.npz,5,139.484597,0.505412,139.297293,0.590126,139.556165,0.243092,139.398214,0.317406,139.292915,0.587424,139.405366,0.307302
resampled_data_batch_64.npz,5,139.623232,1.068725,139.438716,1.186441,139.472129,0.320654,139.320804,0.340204,139.415735,0.998173,139.311104,0.335423
resampled_data_batch_65.npz,5,139.595301,0.267667,139.392445,0.311015,139.617016,0.281885,139.407520,0.315080,139.391740,0.302159,139.406408,0.306671
resampled_data_batch_66.npz,5,139.650683,0.567110,139.473587,0.746239,139.702359,0.524472,139.430850,0.317382,139.461839,0.606086,139.430889,0.305657
resampled_data_batch_67.npz,5,139.615920,1.025529,139.426323,1.013232,139.685577,0.289120,139.498154,0.357171,139.432968,1.015794,139.507502,0.354333
resampled_data_batch_68.npz,5,139.701985,0.433408,139.573505,1.294151,139.675619,0.219894,139.468176,0.243704,139.525269,0.715148,139.470838,0.235244
resampled_data_batch_69.npz,5,139.706986,0.301131,139.536574,0.349977,139.719528,0.281389,139.574384,0.287102,139.530003,0.348528,139.566510,0.286040
resampled_data_batch_70.npz,5,139.763352,0.228024,139.571387,0.293442,139.766573,0.254652,139.586578,0.328929,139.575113,0.278642,139.591664,0.316115
resampled_data_batch_71.npz,5,139.740459,0.477726,139.558163,0.610984,139.739668,0.303274,139.554672,0.390557,139.559633,0.577875,139.555792,0.383838
resampled_data_batch_72.npz,5,139.766601,0.280855,139.576510,0.356151,139.708579,0.271173,139.510486,0.334458,139.578733,0.342942,139.494222,0.311383
resampled_data_batch_73.npz,5,139.671891,0.984162,139.403848,1.673779,139.716242,0.230655,139.537638,0.284274,139.440747,1.295260,139.531130,0.285230
resampled_data_batch_74.npz,5,139.784538,0.271463,139.590356,0.336084,139.758927,0.250494,139.556386,0.301100,139.592755,0.324613,139.558670,0.287359
resampled_data_batch_75.npz,5,139.715018,0.651783,139.550663,0.528703,139.737691,0.446960,139.482101,0.275748,139.542566,0.483496,139.486518,0.262555
resampled_data_batch_76.npz,5,139.761597,0.240671,139.566802,0.298638,139.745325,0.225398,139.515806,0.281832,139.565817,0.294598,139.510323,0.283372
resampled_data_batch_77.npz,5,139.688594,0.977252,139.526229,0.930739,139.835960,0.459014,139.676405,0.324437,139.532812,0.914381,139.681211,0.317071
resampled_data_batch_78.npz,5,139.798227,0.240079,139.604754,0.310947,139.792995,0.202203,139.605309,0.254352,139.603179,0.297778,139.606223,0.243432
resampled_data_batch_79.npz,5,139.836756,0.861991,139.652616,0.610742,139.834701,0.255897,139.639875,0.324567,139.654556,0.642219,139.636001,0.318771
resampled_data_batch_80.npz,5,139.866365,0.513829,139.646894,0.504710,139.841621,0.273934,139.612722,0.323865,139.653855,0.529485,139.621128,0.316402
resampled_data_batch_81.npz,5,139.887278,0.514941,139.660631,0.338130,139.875090,0.323398,139.661452,0.319085,139.657387,0.312326,139.662267,0.308898
resampled_data_batch_82.npz,5,139.833490,0.595334,139.672941,0.316937,139.871181,0.248616,139.663197,0.317490,139.677860,0.284743,139.669756,0.301885
resampled_data_batch_83.npz,5,139.914649,1.048931,139.734144,1.377883,139.861656,0.227700,139.673857,0.305999,139.717017,1.142868,139.669661,0.296473
resampled_data_batch_84.npz,5,139.740341,0.716541,139.520893,0.779886,139.781035,0.276868,139.581924,0.285538,139.531939,0.751010,139.587949,0.279200
resampled_data_batch_85.npz,5,139.812096,0.601460,139.660600,1.111836,139.768100,0.217097,139.561104,0.277337,139.639293,0.843742,139.564088,0.270608
resampled_data_batch_86.npz,5,139.717406,0.259458,139.524567,0.309313,139.693910,0.278171,139.503720,0.352261,139.525858,0.300861,139.510982,0.344294
resampled_data_batch_87.npz,5,139.721451,0.753162,139.574015,0.621757,139.764955,0.204026,139.535647,0.251026,139.573580,0.513445,139.543488,0.247929
resampled_data_batch_88.npz,5,139.837354,0.483923,139.697135,0.872576,139.743397,0.253674,139.589699,0.266112,139.680342,0.677792,139.584216,0.262483
resampled_data_batch_89.npz,5,139.904987,0.616471,139.718865,0.823607,139.832077,0.268705,139.615966,0.286980,139.712940,0.739224,139.620969,0.287487
resampled_data_batch_90.npz,5,139.916634,1.164345,139.819419,1.655883,139.908490,0.277897,139.736993,0.351414,139.758293,1.238109,139.732057,0.342530
resampled_data_batch_91.npz,5,139.795371,0.431387,139.640391,0.340678,139.831251,0.295173,139.687698,0.329250,139.635303,0.340867,139.676720,0.318425
resampled_data_batch_92.npz,5,139.858156,0.274295,139.667049,0.307235,139.859762,0.259208,139.671804,0.309866,139.669939,0.300284,139.669641,0.303858
resampled_data_batch_93.npz,5,139.870622,0.432287,139.669498,0.342625,139.883986,0.311900,139.700409,0.320422,139.670342,0.338434,139.706450,0.316584
resampled_data_batch_94.npz,5,139.836157,0.583749,139.668713,0.745972,139.822918,0.296436,139.664714,0.358163,139.674182,0.469562,139.660662,0.353368
resampled_data_batch_95.npz,5,139.849389,0.331103,139.649799,0.427383,139.843295,0.258230,139.666568,0.311013,139.677078,0.273055,139.665973,0.310632
resampled_data_batch_96.npz,5,139.910846,0.595880,139.671459,0.583218,139.885264,0.281854,139.644063,0.324896,139.675913,0.573392,139.647913,0.312550
resampled_data_batch_97.npz,5,139.829277,0.335476,139.654254,0.303715,139.766639,0.473391,139.633524,0.332075,139.656659,0.289849,139.633557,0.314588
resampled_data_batch_98.npz,5,139.919013,0.256112,139.735967,0.318855,139.963622,0.251506,139.767346,0.333798,139.736821,0.307785,139.773725,0.320138
resampled_data_batch_99.npz,5,139.810641,0.712136,139.584810,0.968646,139.899438,0.255964,139.710136,0.320470,139.598833,0.832202,139.710581,0.320720
resampled_data_batch_100.npz,5,139.819025,0.685990,139.614622,0.402804,139.819414,0.242527,139.640999,0.293204,139.615898,0.375887,139.640272,0.274764
resampled_data_batch_101.npz,5,139.862977,0.241253,139.680354,0.281707,139.816531,0.235709,139.637341,0.299796,139.677103,0.276703,139.634416,0.293471
resampled_data_batch_1.npz,6,139.386978,2.069563,139.218292,2.340007,139.492949,0.568226,139.342332,0.267294,139.279606,1.774485,139.346383,0.281472
resampled_data_batch_2.npz,6,140.006821,0.243199,139.768981,0.307422,139.984489,0.245407,139.741050,0.277100,139.769095,0.296842,139.747103,0.269024
resampled_data_batch_3.npz,6,139.701131,0.208910,139.435276,0.278764,139.720009,0.220350,139.483990,0.308624,139.432205,0.271156,139.479042,0.283641
resampled_data_batch_4.npz,6,139.781806,0.279714,139.486495,0.351803,139.870607,0.285688,139.609486,0.375617,139.489479,0.341323,139.607450,0.354088
resampled_data_batch_5.npz,6,140.075776,0.157212,139.838201,0.207239,140.085745,0.152519,139.857834,0.202447,139.837589,0.195481,139.850236,0.184858
resampled_data_batch_6.npz,6,139.918406,0.201418,139.673869,0.257470,139.895006,0.223493,139.621134,0.281926,139.672429,0.248647,139.622663,0.269241
resampled_data_batch_7.npz,6,139.913069,0.222508,139.661015,0.277037,139.908460,0.211816,139.633732,0.231864,139.657399,0.264449,139.629531,0.223874
resampled_data_batch_8.npz,6,139.786615,0.280110,139.543133,0.328241,139.777545,0.278781,139.545212,0.313708,139.540856,0.315074,139.543528,0.311518
resampled_data_batch_9.npz,6,140.107104,0.190869,139.883072,0.239922,140.131315,0.178629,139.929678,0.208065,139.880524,0.234287,139.930462,0.201832
resampled_data_batch_10.npz,6,139.875478,0.217969,139.641559,0.292392,139.846900,0.218447,139.597907,0.298456,139.631094,0.287209,139.567588,0.303152
resampled_data_batch_11.npz,6,139.821442,0.751813,139.526593,1.015027,139.905570,0.261492,139.635927,0.323414,139.544157,0.864624,139.628954,0.316092
resampled_data_batch_12.npz,6,139.434889,1.639869,139.326387,0.938638,139.533425,0.871828,139.443940,0.327552,139.325195,0.959868,139.434481,0.315070
resampled_data_batch_13.npz,6,139.164069,1.880649,138.834366,2.096345,139.455071,0.520402,139.127367,0.385979,138.868556,1.903673,139.124176,0.368488
resampled_data_batch_14.npz,6,138.492329,1.715889,138.308955,1.955023,138.415029,0.308395,138.164080,0.314765,138.273671,1.674842,138.171234,0.308538
resampled_data_batch_15.npz,6,131.934606,0.830099,131.684024,1.461481,132.078534,0.450358,131.845955,0.428444,131.755687,0.678318,131.849080,0.422376
resampled_data_batch_16.npz,6,112.839731,0.999617,112.621139,0.851369,112.911860,0.855374,112.716830,0.690970,112.635091,0.891346,112.763882,0.701240
resampled_data_batch_17.npz,6,86.751214,1.039478,86.464375,1.328567,86.542723,0.753510,86.356134,0.766052,86.511503,0.816100,86.403977,0.744798
resampled_data_batch_18.npz,6,72.091058,0.280647,71.901300,0.371056,72.185075,0.219618,72.117002,0.191148,71.919840,0.265035,72.124285,0.193559
resampled_data_batch_19.npz,6,75.751204,0.487508,75.596983,0.512154,75.620018,0.425653,75.491905,0.425962,75.591707,0.498870,75.495502,0.434856
resampled_data_batch_20.npz,6,96.686382,1.038375,96.494037,1.032307,97.020635,0.896792,96.850745,0.828499,96.498360,1.036829,96.868416,0.836105
resampled_data_batch_21.npz,6,122.843446,0.850315,122.661669,0.845850,122.648628,0.957683,122.460949,0.946121,122.660971,0.843983,122.470484,0.943410
resampled_data_batch_22.npz,6,136.135064,0.360133,135.922501,0.396202,136.110896,0.318044,135.878426,0.392110,135.924594,0.389184,135.878290,0.380388
resampled_data_batch_23.npz,6,139.231395,0.245889,139.027592,0.310621,139.237513,0.210195,139.010699,0.259487,139.032930,0.299190,139.008701,0.238209
resampled_data_batch_24.npz,6,139.528222,0.261961,139.323943,0.322245,139.513626,0.280385,139.286272,0.344446,139.320634,0.311400,139.281977,0.331100
resampled_data_batch_25.npz,6,139.580287,1.254071,139.416180,1.440211,139.552615,0.223947,139.364566,0.292944,139.396584,1.237902,139.364883,0.273032
resampled_data_batch_26.npz,6,139.756077,0.404718,139.536742,0.397386,139.749987,0.463392,139.506387,0.396396,139.541364,0.403557,139.512136,0.397362
resampled_data_batch_27.npz,6,139.643791,0.255524,139.423483,0.303394,139.646262,0.267406,139.461101,0.297145,139.424440,0.294310,139.457790,0.288304
resampled_data_batch_28.npz,6,139.773717,0.261395,139.576133,0.315360,139.776416,0.282694,139.579286,0.324697,139.574143,0.303625,139.572107,0.316606
resampled_data_batch_29.npz,6,139.785441,0.238948,139.590021,0.279005,139.812710,0.224397,139.633250,0.266200,139.587372,0.269863,139.624634,0.254886
resampled_data_batch_30.npz,6,139.828422,1.120813,139.596964,1.002602,139.614298,0.403062,139.467004,0.309990,139.592594,1.003635,139.467380,0.313768
resampled_data_batch_31.npz,6,139.623140,0.737940,139.395203,1.090569,139.770306,0.297853,139.581332,0.349409,139.406912,0.924177,139.575458,0.334717
resampled_data_batch_32.npz,6,139.724409,0.266797,139.531758,0.325070,139.781909,0.249676,139.557332,0.298919,139.534559,0.316389,139.568417,0.293652
resampled_data_batch_33.npz,6,139.739160,0.224630,139.533451,0.274838,139.699943,0.191125,139.501805,0.230522,139.534072,0.266492,139.499493,0.225139
resampled_data_batch_34.npz,6,139.756491,0.643039,139.578748,0.918403,139.745985,0.547355,139.462732,0.361172,139.567552,0.778140,139.479379,0.349665
resampled_data_batch_35.npz,6,139.662173,0.287585,139.459854,0.340877,139.667696,0.290075,139.442153,0.362206,139.466995,0.335711,139.449034,0.358106
resampled_data_batch_36.npz,6,139.627906,0.253310,139.423164,0.316172,139.653700,0.273946,139.442187,0.366621,139.426450,0.307555,139.447842,0.355701
resampled_data_batch_37.npz,6,139.660154,1.020395,139.428195,1.027555,139.709982,0.645924,139.445980,0.321508,139.438081,0.978385,139.446157,0.318723
resampled_data_batch_38.npz,6,139.454210,0.966734,139.297257,0.913425,139.589128,0.299407,139.442569,0.331006,139.290204,0.956762,139.441370,0.326343
resampled_data_batch_39.npz,6,139.524974,0.259861,139.316921,0.307718,139.531243,0.241579,139.346745,0.307088,139.317881,0.295920,139.354342,0.293861
resampled_data_batch_40.npz,6,139.495350,1.358284,139.208917,1.612249,139.500029,0.365914,139.243840,0.358064,139.243015,1.447972,139.241564,0.337033
resampled_data_batch_41.npz,6,139.413369,0.539340,139.189133,0.369159,139.397240,0.277695,139.180109,0.353694,139.185910,0.353340,139.184214,0.346515
resampled_data_batch_42.npz,6,139.287326,0.278785,139.084313,0.322296,139.329517,0.239123,139.114707,0.304578,139.087335,0.313688,139.118759,0.288581
resampled_data_batch_43.npz,6,139.255520,1.015794,139.105462,1.297351,139.197088,0.658149,139.032888,0.331414,139.089771,1.086955,139.042357,0.313346
resampled_data_batch_44.npz,6,138.921611,0.348331,138.720341,0.332204,138.903030,0.301609,138.668174,0.338134,138.717891,0.327279,138.672198,0.337725
resampled_data_batch_45.npz,6,138.686148,0.260017,138.501518,0.305295,138.679985,0.268024,138.476850,0.315213,138.502408,0.295834,138.483468,0.312230
resampled_data_batch_46.npz,6,138.032072,0.500317,137.809427,0.811710,138.077904,0.243404,137.943229,0.279978,137.822256,0.625500,137.951518,0.246287
resampled_data_batch_47.npz,6,136.050042,0.356515,135.844548,0.393128,136.056006,0.378378,135.853376,0.341290,135.852521,0.384248,135.845269,0.360146
resampled_data_batch_48.npz,6,121.880461,1.993643,121.717344,1.967502,122.142053,2.108167,121.745711,2.061455,121.717810,1.970112,121.766635,2.022408
resampled_data_batch_49.npz,6,69.038593,3.738200,68.894535,3.757104,68.510352,3.023797,67.908434,2.861055,68.892938,3.756023,67.901502,2.879898
resampled_data_batch_54.npz,6,66.226578,3.814344,66.069812,3.825259,66.915576,2.510504,66.703639,2.489581,66.068704,3.833564,66.712495,2.490704
resampled_data_batch_55.npz,6,120.833458,2.472566,120.620330,2.426785,120.022726,2.447464,119.824240,2.440454,120.623819,2.432026,119.833279,2.449739
resampled_data_batch_56.npz,6,136.063853,0.400934,135.883360,0.467258,136.099526,0.376217,135.909683,0.415662,135.871180,0.433563,135.916942,0.416187
resampled_data_batch_57.npz,6,138.098154,0.257568,137.906043,0.311718,138.050439,0.250995,137.891585,0.294230,137.908336,0.306642,137.888372,0.290170
resampled_data_batch_58.npz,6,138.666725,0.324162,138.467985,0.339989,138.686118,0.397640,138.463476,0.350274,138.467080,0.338048,138.465005,0.336526
resampled_data_batch_59.npz,6,139.032618,0.239181,138.832063,0.299194,139.031005,0.266725,138.820595,0.306860,138.835355,0.291906,138.820063,0.302452
resampled_data_batch_60.npz,6,139.295151,0.928144,139.022697,0.541121,139.133306,0.257380,138.947802,0.344247,139.020159,0.448003,138.956321,0.327894
resampled_data_batch_61.npz,6,139.388239,0.276309,139.218365,0.329048,139.437334,0.242865,139.265954,0.297348,139.217522,0.316108,139.265532,0.281137
resampled_data_batch_62.npz,6,139.473180,0.961344,139.260214,0.519353,139.447503,0.266263,139.250571,0.318571,139.257155,0.420592,139.250488,0.311908
resampled_data_batch_63.npz,6,139.490734,0.508009,139.307685,0.591357,139.563803,0.239814,139.413298,0.297107,139.306260,0.585341,139.408486,0.281551
resampled_data_batch_64.npz,6,139.630362,1.068714,139.448930,1.185263,139.577667,0.326173,139.458117,0.314201,139.430338,1.006853,139.451344,0.316161
resampled_data_batch_65.npz,6,139.605623,0.270272,139.403144,0.312411,139.650263,0.224294,139.427054,0.311670,139.400897,0.301982,139.423366,0.302071
resampled_data_batch_66.npz,6,139.658524,0.565982,139.482289,0.743966,139.736271,0.596829,139.431249,0.260999,139.473486,0.604049,139.434157,0.249857
resampled_data_batch_67.npz,6,139.623282,1.022439,139.436975,1.012694,139.709055,0.276699,139.513464,0.300092,139.443504,1.013259,139.511686,0.298275
resampled_data_batch_68.npz,6,139.708829,0.435251,139.582455,1.295420,139.611577,0.208609,139.414383,0.258982,139.537825,0.721408,139.425829,0.249144
resampled_data_batch_69.npz,6,139.712745,0.299072,139.545300,0.348247,139.818833,0.283665,139.665925,0.343028,139.539545,0.348097,139.664164,0.345021
resampled_data_batch_70.npz,6,139.771391,0.228951,139.580547,0.294647,139.778204,0.236148,139.592738,0.328995,139.584156,0.282872,139.592855,0.311623
resampled_data_batch_71.npz,6,139.751737,0.477269,139.569321,0.609058,139.704847,0.309523,139.511212,0.311451,139.570174,0.575015,139.528375,0.339340
resampled_data_batch_72.npz,6,139.772803,0.281667,139.583813,0.353720,139.745014,0.266887,139.542714,0.341192,139.585504,0.344028,139.539253,0.325093
resampled_data_batch_73.npz,6,139.681538,0.986281,139.415729,1.677163,139.803140,0.248413,139.593571,0.293368,139.448081,1.294907,139.601457,0.286194
resampled_data_batch_74.npz,6,139.794213,0.271046,139.601687,0.335179,139.789750,0.267586,139.582534,0.308816,139.602640,0.329081,139.567762,0.320145
resampled_data_batch_75.npz,6,139.726242,0.652340,139.563042,0.528810,139.667074,0.503685,139.545353,0.355204,139.551997,0.488254,139.536512,0.346850
resampled_data_batch_76.npz,6,139.768475,0.240750,139.575601,0.299019,139.749145,0.221038,139.577353,0.306788,139.573472,0.293610,139.575879,0.300594
resampled_data_batch_77.npz,6,139.699552,0.973816,139.537010,0.927565,139.818653,0.518071,139.714477,0.310620,139.538776,0.911700,139.703210,0.310832
resampled_data_batch_78.npz,6,139.806088,0.243275,139.613264,0.313696,139.785733,0.242649,139.585781,0.295803,139.615538,0.307868,139.590464,0.290927
resampled_data_batch_79.npz,6,139.846782,0.862104,139.661883,0.609303,139.757115,0.270709,139.555644,0.337549,139.665977,0.647362,139.552057,0.322852
resampled_data_batch_80.npz,6,139.871558,0.515848,139.657691,0.507318,139.780422,0.266214,139.540342,0.325029,139.664772,0.534237,139.542154,0.315847
resampled_data_batch_81.npz,6,139.899456,0.512786,139.671771,0.336243,139.877205,0.256649,139.694786,0.325280,139.666577,0.313370,139.698369,0.322558
resampled_data_batch_82.npz,6,139.842963,0.593919,139.683533,0.317279,139.894244,0.205840,139.656832,0.282289,139.684470,0.287223,139.650590,0.264798
resampled_data_batch_83.npz,6,139.923217,1.045138,139.744589,1.375112,139.873243,0.279518,139.648941,0.319596,139.726694,1.131811,139.658293,0.313505
resampled_data_batch_84.npz,6,139.747657,0.715338,139.532183,0.777457,139.755328,0.216394,139.529583,0.298244,139.540501,0.748701,139.531398,0.287387
resampled_data_batch_85.npz,6,139.821563,0.602620,139.671298,1.112459,139.803997,0.190435,139.589944,0.247465,139.651370,0.845823,139.576031,0.236868
resampled_data_batch_86.npz,6,139.723836,0.260064,139.532120,0.307344,139.734406,0.245676,139.559408,0.273741,139.534438,0.292617,139.573433,0.262024
resampled_data_batch_87.npz,6,139.726951,0.752036,139.583787,0.622180,139.774644,0.224088,139.546649,0.268800,139.580175,0.517249,139.547464,0.269293
resampled_data_batch_88.npz,6,139.844905,0.486180,139.704430,0.872262,139.800737,0.247466,139.646507,0.298885,139.687853,0.680808,139.642197,0.294354
resampled_data_batch_89.npz,6,139.914340,0.618793,139.727635,0.824646,139.864803,0.192445,139.656737,0.230258,139.726396,0.746124,139.670557,0.224540
resampled_data_batch_90.npz,6,139.924296,1.166800,139.829353,1.655985,139.872936,0.238634,139.685405,0.293704,139.773231,1.236847,139.684366,0.284560
resampled_data_batch_91.npz,6,139.803591,0.433845,139.650664,0.341689,139.862642,0.274149,139.721253,0.308693,139.646843,0.335529,139.706711,0.292405
resampled_data_batch_92.npz,6,139.866066,0.277467,139.676749,0.309131,139.864543,0.262679,139.646946,0.320076,139.676291,0.306404,139.644583,0.313165
resampled_data_batch_93.npz,6,139.879230,0.432390,139.678940,0.343659,139.894882,0.241045,139.711940,0.303627,139.677350,0.336754,139.714221,0.288359
resampled_data_batch_94.npz,6,139.842782,0.582585,139.677447,0.745429,139.911887,0.280240,139.738188,0.363549,139.678490,0.472234,139.733862,0.345336
resampled_data_batch_95.npz,6,139.856701,0.326069,139.658766,0.425797,139.848250,0.186888,139.650451,0.197139,139.685205,0.276377,139.660705,0.207026
resampled_data_batch_96.npz,6,139.918774,0.595130,139.680414,0.582991,139.893249,0.360831,139.651850,0.347546,139.684881,0.577336,139.653642,0.339826
resampled_data_batch_97.npz,6,139.833908,0.334755,139.663928,0.303902,139.790927,0.357667,139.619629,0.326918,139.664340,0.291205,139.623037,0.311906
resampled_data_batch_98.npz,6,139.927771,0.254762,139.746164,0.316434,139.838468,0.217691,139.644294,0.272597,139.749507,0.312408,139.650556,0.273746
resampled_data_batch_99.npz,6,139.817108,0.712770,139.595474,0.969262,139.904519,0.255744,139.724383,0.285932,139.613514,0.835336,139.739972,0.292025
resampled_data_batch_100.npz,6,139.825528,0.686597,139.623876,0.405256,139.813890,0.263225,139.602140,0.316935,139.625137,0.380769,139.610318,0.309506
resampled_data_batch_101.npz,6,139.867268,0.238282,139.687874,0.280216,139.848669,0.252557,139.678839,0.296670,139.687376,0.278111,139.670093,0.292165
resampled_data_batch_1.npz,7,139.368258,2.067665,139.202731,2.340774,139.546212,0.637391,139.334160,0.291275,139.265346,1.779500,139.335055,0.293784
resampled_data_batch_2.npz,7,139.985135,0.241554,139.759358,0.305853,139.990245,0.177686,139.737329,0.250375,139.762523,0.295658,139.742923,0.248712
resampled_data_batch_3.npz,7,139.676210,0.210681,139.425289,0.285396,139.692739,0.227724,139.505352,0.321307,139.422204,0.275046,139.495624,0.316945
resampled_data_batch_4.npz,7,139.757311,0.275896,139.474217,0.345526,139.716317,0.257651,139.428888,0.350007,139.479849,0.335778,139.453003,0.321518
resampled_data_batch_5.npz,7,140.058169,0.158654,139.830233,0.214940,140.095954,0.163000,139.876704,0.203945,139.829281,0.202028,139.889463,0.207870
resampled_data_batch_6.npz,7,139.899736,0.206521,139.663542,0.258670,139.867320,0.227838,139.609884,0.262194,139.659389,0.248679,139.609077,0.276091
resampled_data_batch_7.npz,7,139.891189,0.221747,139.651254,0.278146,139.848881,0.224185,139.593947,0.252438,139.644131,0.271413,139.587189,0.248958
resampled_data_batch_8.npz,7,139.766015,0.274137,139.533462,0.325787,139.771401,0.275069,139.549187,0.298922,139.526933,0.311303,139.549163,0.287732
resampled_data_batch_9.npz,7,140.089076,0.193300,139.873385,0.248197,140.156460,0.187385,139.967128,0.231989,139.870777,0.245423,139.964631,0.236736
resampled_data_batch_10.npz,7,139.860500,0.223338,139.632345,0.292902,139.855660,0.278868,139.621364,0.333962,139.623025,0.285640,139.599005,0.322521
resampled_data_batch_11.npz,7,139.806192,0.743744,139.517745,1.008979,139.834221,0.303859,139.592711,0.327859,139.529965,0.858894,139.579644,0.326158
resampled_data_batch_12.npz,7,139.414212,1.634042,139.313366,0.938236,139.613064,0.305360,139.397258,0.344811,139.309505,0.961015,139.392439,0.342861
resampled_data_batch_13.npz,7,139.147801,1.883131,138.825924,2.099117,139.460711,0.466269,139.092190,0.371817,138.860213,1.909785,139.096988,0.364738
resampled_data_batch_14.npz,7,138.478010,1.712746,138.304282,1.950053,138.369967,0.325772,137.997264,0.344008,138.262274,1.677330,138.012014,0.335685
resampled_data_batch_15.npz,7,131.919503,0.830145,131.674400,1.465989,132.183645,0.428751,131.923579,0.446513,131.746527,0.659496,131.895284,0.445785
resampled_data_batch_16.npz,7,112.824303,1.001018,112.612610,0.848804,112.794384,0.608859,112.543915,0.656493,112.624361,0.889973,112.556204,0.666508
resampled_data_batch_17.npz,7,86.747898,1.040194,86.465759,1.324633,86.677195,0.811959,86.605511,0.820269,86.505306,0.814512,86.591212,0.840036
resampled_data_batch_18.npz,7,72.085630,0.279599,71.909234,0.374809,72.184821,0.189648,72.051485,0.246608,71.925061,0.266737,72.024471,0.217734
resampled_data_batch_19.npz,7,75.746106,0.485302,75.601623,0.504249,75.762698,0.439888,75.595749,0.468901,75.595339,0.494093,75.593107,0.449229
resampled_data_batch_20.npz,7,96.678214,1.032854,96.494825,1.032367,96.538651,0.797096,96.216580,0.736876,96.496500,1.035385,96.222852,0.727191
resampled_data_batch_21.npz,7,122.829028,0.846837,122.658400,0.840510,122.661211,0.793158,122.528375,0.746939,122.648526,0.835737,122.549892,0.750018
resampled_data_batch_22.npz,7,136.121714,0.363817,135.915166,0.393821,136.162084,0.319608,135.895223,0.415124,135.917059,0.383200,135.955535,0.350299
resampled_data_batch_23.npz,7,139.216053,0.244969,139.017626,0.315517,139.202479,0.218612,139.032456,0.231180,139.019435,0.306190,139.035464,0.233876
resampled_data_batch_24.npz,7,139.508045,0.259674,139.311330,0.323962,139.493277,0.253665,139.305895,0.318776,139.310184,0.315190,139.306131,0.311019
resampled_data_batch_25.npz,7,139.564590,1.246248,139.403490,1.434471,139.670651,0.581944,139.345259,0.358316,139.382896,1.241305,139.350269,0.342417
resampled_data_batch_26.npz,7,139.746168,0.405243,139.531017,0.398130,139.696724,0.263417,139.554134,0.268410,139.533250,0.406552,139.526396,0.256051
resampled_data_batch_27.npz,7,139.627027,0.255017,139.417943,0.304894,139.605366,0.237019,139.410764,0.276056,139.418529,0.290526,139.409748,0.274320
resampled_data_batch_28.npz,7,139.760818,0.262126,139.572317,0.320188,139.744914,0.264098,139.553642,0.339806,139.570998,0.307231,139.555227,0.303944
resampled_data_batch_29.npz,7,139.765910,0.239668,139.573087,0.277689,139.711585,0.211248,139.538491,0.246220,139.572855,0.272820,139.538142,0.240923
resampled_data_batch_30.npz,7,139.812708,1.117931,139.588748,1.001543,139.699455,0.303389,139.531653,0.393340,139.589238,1.001969,139.540226,0.379188
resampled_data_batch_31.npz,7,139.606145,0.739305,139.386350,1.094695,139.599635,0.328309,139.420009,0.403996,139.397090,0.926776,139.410249,0.398523
resampled_data_batch_32.npz,7,139.708160,0.272737,139.525507,0.336646,139.740539,0.286846,139.589149,0.344854,139.523915,0.324882,139.581361,0.336578
resampled_data_batch_33.npz,7,139.718707,0.227347,139.516419,0.275809,139.694612,0.213359,139.497343,0.250391,139.513808,0.267004,139.507866,0.250491
resampled_data_batch_34.npz,7,139.737654,0.640822,139.567011,0.918195,139.796592,0.648313,139.424578,0.259207,139.553243,0.779782,139.424676,0.261270
resampled_data_batch_35.npz,7,139.646238,0.289495,139.454583,0.345343,139.629648,0.232370,139.423584,0.288070,139.455505,0.340050,139.437290,0.281315
resampled_data_batch_36.npz,7,139.612863,0.256343,139.416827,0.314191,139.702454,0.252650,139.472254,0.358112,139.419496,0.302151,139.485580,0.334558
resampled_data_batch_37.npz,7,139.645670,1.026445,139.420965,1.032440,139.646676,0.251402,139.486797,0.277333,139.423288,0.981490,139.463058,0.285505
resampled_data_batch_38.npz,7,139.433435,0.967379,139.287672,0.916943,139.554073,0.283753,139.406584,0.311124,139.280288,0.964134,139.388485,0.307826
resampled_data_batch_39.npz,7,139.509171,0.261902,139.309789,0.306043,139.507755,0.282783,139.292276,0.356477,139.306423,0.303206,139.290821,0.352433
resampled_data_batch_40.npz,7,139.478935,1.359222,139.200959,1.614524,139.393615,0.297044,139.165087,0.367759,139.232413,1.438673,139.171568,0.371052
resampled_data_batch_41.npz,7,139.392569,0.537496,139.179574,0.369356,139.296822,0.284911,139.125971,0.357671,139.176455,0.358052,139.101789,0.334585
resampled_data_batch_42.npz,7,139.264709,0.284531,139.072531,0.328803,139.268557,0.263756,139.139438,0.235484,139.071217,0.317691,139.105271,0.258355
resampled_data_batch_43.npz,7,139.236529,1.013416,139.098588,1.300148,139.021664,0.771777,138.940823,0.445178,139.078030,1.087389,138.941825,0.425176
resampled_data_batch_44.npz,7,138.896587,0.349391,138.711290,0.332697,138.767297,0.304596,138.585396,0.356632,138.711524,0.324311,138.595825,0.361384
resampled_data_batch_45.npz,7,138.666290,0.263334,138.492367,0.311774,138.677234,0.274249,138.512208,0.322968,138.487558,0.299784,138.491637,0.318655
resampled_data_batch_46.npz,7,138.007544,0.500364,137.799592,0.813133,137.982152,0.324937,137.906320,0.294997,137.812367,0.632031,137.900259,0.282562
resampled_data_batch_47.npz,7,136.034395,0.358781,135.836827,0.391931,136.106523,0.385527,135.898841,0.420709,135.834437,0.385264,135.884574,0.423568
resampled_data_batch_48.npz,7,121.860956,1.997309,121.712253,1.970934,122.096968,1.895341,121.656964,1.926465,121.708948,1.973295,121.656592,1.944715
resampled_data_batch_49.npz,7,69.032922,3.739907,68.905256,3.752131,72.143382,4.978915,70.571238,5.312596,68.904080,3.752252,72.006805,4.920960
resampled_data_batch_54.npz,7,66.226134,3.806215,66.079680,3.824441,67.180032,2.795154,66.217634,2.715260,66.073467,3.832196,66.223324,2.731632
resampled_data_batch_55.npz,7,120.813829,2.472217,120.614016,2.425790,120.993911,2.688911,120.548227,2.705992,120.613276,2.430814,120.572066,2.701373
resampled_data_batch_56.npz,7,136.042362,0.403953,135.879019,0.464080,135.944374,0.328328,135.763566,0.332252,135.862228,0.427506,135.762390,0.327683
resampled_data_batch_57.npz,7,138.083379,0.263223,137.899897,0.317057,138.089041,0.230145,137.915963,0.269063,137.901679,0.307877,137.899520,0.265559
resampled_data_batch_58.npz,7,138.648547,0.327389,138.458664,0.341925,138.518831,0.248428,138.356809,0.260590,138.451537,0.335398,138.366840,0.256901
resampled_data_batch_59.npz,7,139.013796,0.239432,138.821587,0.305153,139.080241,0.226862,138.854002,0.304542,138.822464,0.293083,138.874296,0.281148
resampled_data_batch_60.npz,7,139.271708,0.926134,139.015535,0.535304,139.158761,0.314546,138.943177,0.374297,139.006040,0.443218,138.944187,0.363024
resampled_data_batch_61.npz,7,139.372183,0.279327,139.209550,0.332057,139.402378,0.182465,139.305886,0.185570,139.208493,0.317823,139.294870,0.177404
resampled_data_batch_62.npz,7,139.455715,0.959583,139.252435,0.518741,139.469364,0.233533,139.277334,0.304912,139.244102,0.417871,139.274360,0.315825
resampled_data_batch_63.npz,7,139.470680,0.511497,139.294768,0.594745,139.530002,0.251527,139.349899,0.317702,139.290152,0.594002,139.357205,0.292304
resampled_data_batch_64.npz,7,139.610364,1.069719,139.441818,1.188257,139.520609,0.343858,139.361907,0.354761,139.418910,1.000508,139.355343,0.358845
resampled_data_batch_65.npz,7,139.586456,0.273275,139.393334,0.318474,139.615802,0.295805,139.422383,0.291320,139.389053,0.308050,139.418566,0.274906
resampled_data_batch_66.npz,7,139.643499,0.570809,139.478376,0.746712,139.546766,0.257001,139.349759,0.298147,139.465706,0.606383,139.377383,0.293148
resampled_data_batch_67.npz,7,139.609795,1.020992,139.421639,1.010151,139.597670,0.274256,139.370187,0.381407,139.420368,1.024524,139.376323,0.370712
resampled_data_batch_68.npz,7,139.695123,0.429388,139.580656,1.288262,139.680777,0.222398,139.492468,0.316082,139.529065,0.705504,139.493207,0.308529
resampled_data_batch_69.npz,7,139.696287,0.297341,139.537984,0.350266,139.691559,0.285535,139.558811,0.328769,139.529416,0.348224,139.545521,0.330441
resampled_data_batch_70.npz,7,139.752785,0.230481,139.566208,0.297051,139.727836,0.267745,139.561624,0.292772,139.568440,0.282976,139.559099,0.290389
resampled_data_batch_71.npz,7,139.729508,0.477202,139.558353,0.613122,139.738456,0.232732,139.541833,0.280295,139.561013,0.580495,139.542064,0.270580
resampled_data_batch_72.npz,7,139.757054,0.283102,139.578118,0.352506,139.724872,0.371091,139.565958,0.416410,139.574607,0.341937,139.549440,0.405146
resampled_data_batch_73.npz,7,139.664864,0.987213,139.409143,1.681567,139.792742,0.204429,139.637363,0.235544,139.440204,1.295587,139.611122,0.237290
resampled_data_batch_74.npz,7,139.778072,0.275471,139.595745,0.339944,139.690877,0.237337,139.507243,0.296908,139.592837,0.325373,139.502022,0.273666
resampled_data_batch_75.npz,7,139.711555,0.649954,139.557410,0.528383,139.688061,0.277984,139.507121,0.300759,139.543116,0.484979,139.502775,0.305743
resampled_data_batch_76.npz,7,139.747844,0.244411,139.563385,0.304240,139.731935,0.241257,139.587352,0.339817,139.557733,0.300418,139.581809,0.340811
resampled_data_batch_77.npz,7,139.682092,0.978079,139.524335,0.931554,139.885181,0.182242,139.630031,0.246646,139.524293,0.917592,139.638693,0.219406
resampled_data_batch_78.npz,7,139.788709,0.246758,139.601962,0.317645,139.853046,0.228714,139.687052,0.298521,139.600596,0.305003,139.680029,0.289432
resampled_data_batch_79.npz,7,139.833310,0.858627,139.657257,0.615768,139.821107,0.272990,139.665811,0.321883,139.654180,0.642945,139.645584,0.316595
resampled_data_batch_80.npz,7,139.860948,0.514491,139.650925,0.502354,139.763561,0.267726,139.527778,0.284552,139.656273,0.529935,139.517185,0.273404
resampled_data_batch_81.npz,7,139.881493,0.516026,139.663021,0.338688,139.870807,0.367855,139.640745,0.288320,139.654455,0.315233,139.662046,0.274677
resampled_data_batch_82.npz,7,139.824946,0.592292,139.676532,0.317013,139.829389,0.174851,139.610038,0.257468,139.681377,0.289911,139.622330,0.234205
resampled_data_batch_83.npz,7,139.907073,1.045845,139.730499,1.370606,139.865818,0.307117,139.691216,0.343969,139.708471,1.145813,139.694138,0.335102
resampled_data_batch_84.npz,7,139.730729,0.715939,139.523438,0.779588,139.736032,0.209845,139.568400,0.266739,139.529483,0.744156,139.565206,0.256438
resampled_data_batch_85.npz,7,139.804375,0.600063,139.666859,1.111311,139.725839,0.213261,139.556728,0.260114,139.644924,0.846276,139.535910,0.231673
resampled_data_batch_86.npz,7,139.715416,0.260994,139.531591,0.309972,139.643354,0.297101,139.469938,0.415261,139.528750,0.295656,139.475829,0.394633
resampled_data_batch_87.npz,7,139.713998,0.756129,139.576521,0.629454,139.721499,0.234315,139.523224,0.225437,139.571351,0.521212,139.519156,0.214217
resampled_data_batch_88.npz,7,139.829330,0.486227,139.700036,0.873493,139.732793,0.185075,139.602499,0.243475,139.677097,0.674082,139.581446,0.233562
resampled_data_batch_89.npz,7,139.894362,0.623049,139.722992,0.831596,139.853037,0.242822,139.700102,0.279717,139.714524,0.746090,139.683924,0.269640
resampled_data_batch_90.npz,7,139.909858,1.166913,139.824491,1.658743,139.865241,0.210812,139.684695,0.259543,139.759799,1.231534,139.681140,0.254897
resampled_data_batch_91.npz,7,139.782407,0.434307,139.648322,0.348519,139.826045,0.302628,139.670272,0.303306,139.641248,0.344641,139.669800,0.295779
resampled_data_batch_92.npz,7,139.845932,0.276795,139.667128,0.309925,139.846134,0.290643,139.636984,0.394841,139.667303,0.303557,139.646890,0.394524
resampled_data_batch_93.npz,7,139.863108,0.436218,139.672265,0.343803,139.844905,0.246668,139.649002,0.302406,139.668113,0.334713,139.638967,0.291088
resampled_data_batch_94.npz,7,139.824692,0.588837,139.673384,0.745697,139.842625,0.308086,139.732515,0.284174,139.671177,0.478649,139.697669,0.278415
resampled_data_batch_95.npz,7,139.842424,0.325652,139.654681,0.426302,139.855188,0.200141,139.663574,0.214368,139.676742,0.274559,139.666174,0.214864
resampled_data_batch_96.npz,7,139.898940,0.593963,139.680752,0.584565,139.832472,0.284217,139.663113,0.337595,139.678503,0.573709,139.667979,0.340747
resampled_data_batch_97.npz,7,139.816177,0.336483,139.652645,0.309901,139.804135,0.498006,139.668980,0.357818,139.650898,0.295201,139.691698,0.334054
resampled_data_batch_98.npz,7,139.915478,0.258935,139.744246,0.318708,139.967858,0.164616,139.770660,0.241722,139.741779,0.307403,139.765588,0.218768
resampled_data_batch_99.npz,7,139.799152,0.707750,139.584584,0.964536,139.834544,0.267611,139.667909,0.299547,139.593511,0.835922,139.652418,0.299449
resampled_data_batch_100.npz,7,139.801301,0.684271,139.610586,0.408384,139.890029,0.220504,139.685095,0.262562,139.610701,0.387128,139.690654,0.252657
resampled_data_batch_101.npz,7,139.846958,0.244642,139.677867,0.286250,139.923333,0.221260,139.769658,0.274551,139.673500,0.278493,139.759519,0.267496
resampled_data_batch_1.npz,8,139.400250,2.066176,139.224113,2.342034,139.647523,0.351054,139.442405,0.271633,139.289937,1.776354,139.437365,0.265715
resampled_data_batch_2.npz,8,140.023629,0.246634,139.780369,0.317801,140.117458,0.192976,139.853968,0.299015,139.781788,0.306906,139.841749,0.282838
resampled_data_batch_3.npz,8,139.720519,0.212234,139.448249,0.277701,139.744452,0.257103,139.483924,0.292615,139.449976,0.267889,139.480280,0.284137
resampled_data_batch_4.npz,8,139.792412,0.279675,139.493404,0.356580,139.773882,0.242595,139.491027,0.318298,139.499764,0.342487,139.494271,0.291445
resampled_data_batch_5.npz,8,140.090964,0.161955,139.852112,0.208395,140.128148,0.148016,139.862532,0.218271,139.851639,0.193557,139.856407,0.202901
resampled_data_batch_6.npz,8,139.932248,0.196844,139.686964,0.255412,139.921920,0.207437,139.659211,0.218910,139.684389,0.247524,139.660273,0.215844
resampled_data_batch_7.npz,8,139.925863,0.227479,139.671235,0.272895,139.888831,0.229213,139.585486,0.275643,139.668266,0.262553,139.584578,0.261305
resampled_data_batch_8.npz,8,139.802126,0.276721,139.553638,0.322370,139.751951,0.284484,139.487283,0.300234,139.552511,0.308347,139.487989,0.281834
resampled_data_batch_9.npz,8,140.117700,0.195729,139.890657,0.246104,140.114497,0.174187,139.881665,0.222697,139.887483,0.242265,139.896282,0.213432
resampled_data_batch_10.npz,8,139.889852,0.230117,139.650058,0.300287,139.895579,0.164091,139.673832,0.313556,139.644117,0.289601,139.660574,0.277435
resampled_data_batch_11.npz,8,139.829302,0.755740,139.535124,1.021896,139.874017,0.256064,139.634590,0.355413,139.547956,0.874960,139.631364,0.342985
resampled_data_batch_12.npz,8,139.445726,1.640109,139.331814,0.935148,139.582853,0.739160,139.450243,0.320504,139.334573,0.955834,139.457757,0.308547
resampled_data_batch_13.npz,8,139.178332,1.880192,138.845890,2.091006,139.440508,0.623989,139.174477,0.344565,138.881340,1.895651,139.177155,0.356343
resampled_data_batch_14.npz,8,138.506117,1.716910,138.318103,1.955283,138.279781,0.347095,138.030590,0.327135,138.284583,1.669851,138.042709,0.309788
resampled_data_batch_15.npz,8,131.946307,0.832224,131.693444,1.464471,132.216468,0.540440,132.033669,0.414739,131.768849,0.662201,132.071555,0.404283
resampled_data_batch_16.npz,8,112.852609,0.995981,112.632828,0.845462,112.824546,0.714385,112.581047,0.790754,112.647230,0.885405,112.523984,0.810157
resampled_data_batch_17.npz,8,86.761797,1.033434,86.470735,1.326946,86.776537,0.586990,86.599047,0.730308,86.517841,0.801883,86.597961,0.721649
resampled_data_batch_18.npz,8,72.096686,0.280408,71.903493,0.373666,72.125323,0.213734,71.915487,0.266117,71.924103,0.265051,71.928782,0.262506
resampled_data_batch_19.npz,8,75.753252,0.483858,75.593415,0.512348,75.939531,0.471084,75.714328,0.498237,75.588156,0.500629,75.713051,0.503878
resampled_data_batch_20.npz,8,96.698783,1.040782,96.500639,1.041304,97.293363,0.892341,97.088495,0.897041,96.505045,1.042211,97.115491,0.880258
resampled_data_batch_21.npz,8,122.853956,0.848987,122.673293,0.845183,122.927897,0.869577,122.716783,0.913096,122.671612,0.841278,122.715291,0.921121
resampled_data_batch_22.npz,8,136.147101,0.362277,135.937481,0.398306,136.272520,0.335971,136.039739,0.384069,135.933779,0.387436,136.029808,0.368763
resampled_data_batch_23.npz,8,139.250597,0.252278,139.039618,0.313374,139.228318,0.187890,138.979133,0.243059,139.038835,0.305590,138.991860,0.248628
resampled_data_batch_24.npz,8,139.547226,0.256991,139.338796,0.320569,139.614870,0.253336,139.436282,0.337385,139.337318,0.312888,139.453842,0.323210
resampled_data_batch_25.npz,8,139.594220,1.253925,139.425163,1.442507,139.567847,0.511798,139.263185,0.311936,139.406794,1.243142,139.260291,0.291315
resampled_data_batch_26.npz,8,139.771951,0.400534,139.544690,0.401213,139.721619,0.276486,139.543705,0.328954,139.554754,0.406336,139.534915,0.329995
resampled_data_batch_27.npz,8,139.658199,0.252942,139.436455,0.300401,139.679369,0.293089,139.476469,0.280258,139.442028,0.290711,139.471709,0.276025
resampled_data_batch_28.npz,8,139.790252,0.265157,139.591514,0.318234,139.734384,0.274245,139.490099,0.364889,139.592053,0.310532,139.498964,0.344117
resampled_data_batch_29.npz,8,139.801879,0.238812,139.600893,0.276886,139.719236,0.244190,139.554711,0.222020,139.595764,0.268044,139.545360,0.212123
resampled_data_batch_30.npz,8,139.844430,1.124694,139.603155,1.002482,139.822605,0.318765,139.614286,0.330951,139.605301,1.006490,139.616163,0.347400
resampled_data_batch_31.npz,8,139.644437,0.745347,139.404616,1.092538,139.654918,0.250843,139.463608,0.301771,139.417990,0.930404,139.471750,0.297055
resampled_data_batch_32.npz,8,139.742961,0.273782,139.545120,0.327194,139.796029,0.258889,139.623664,0.287365,139.543539,0.318578,139.622151,0.273242
resampled_data_batch_33.npz,8,139.749124,0.232543,139.544298,0.281269,139.781632,0.210202,139.576067,0.318489,139.545794,0.273876,139.589165,0.307040
resampled_data_batch_34.npz,8,139.769402,0.646756,139.586496,0.920758,139.844636,0.614094,139.502132,0.325650,139.575399,0.775107,139.503795,0.304050
resampled_data_batch_35.npz,8,139.674830,0.290350,139.465138,0.341327,139.701755,0.254404,139.492231,0.301855,139.474410,0.337404,139.498559,0.300433
resampled_data_batch_36.npz,8,139.640913,0.257649,139.435390,0.324594,139.626156,0.265056,139.366375,0.342404,139.443725,0.312654,139.384797,0.325769
resampled_data_batch_37.npz,8,139.671592,1.019706,139.438965,1.030037,139.462898,0.709137,139.385237,0.338409,139.446427,0.978833,139.383587,0.330773
resampled_data_batch_38.npz,8,139.464546,0.970733,139.302388,0.915292,139.523814,0.260252,139.345442,0.315520,139.296876,0.949108,139.335567,0.309213
resampled_data_batch_39.npz,8,139.540878,0.262651,139.325350,0.307606,139.491441,0.276681,139.247234,0.350964,139.322840,0.299574,139.245687,0.322614
resampled_data_batch_40.npz,8,139.506116,1.360472,139.215297,1.606994,139.407376,0.292712,139.170826,0.345634,139.252454,1.448941,139.198652,0.339266
resampled_data_batch_41.npz,8,139.423011,0.541664,139.196200,0.375318,139.433352,0.341784,139.148836,0.342775,139.194028,0.362849,139.133110,0.363053
resampled_data_batch_42.npz,8,139.291091,0.281327,139.092284,0.318653,139.363888,0.273960,139.142774,0.287408,139.091863,0.312711,139.156968,0.298085
resampled_data_batch_43.npz,8,139.264319,1.017222,139.112855,1.302767,139.153455,0.209078,138.957097,0.288791,139.100916,1.096921,138.959411,0.284445
resampled_data_batch_44.npz,8,138.936705,0.349144,138.730819,0.336803,138.891986,0.272796,138.642305,0.337446,138.733249,0.327298,138.650418,0.334789
resampled_data_batch_45.npz,8,138.703968,0.269286,138.515676,0.309468,138.710956,0.292279,138.531914,0.332349,138.515585,0.303732,138.524286,0.330457
resampled_data_batch_46.npz,8,138.039815,0.505834,137.817024,0.813841,138.107241,0.217419,137.950157,0.239266,137.834612,0.632541,137.960411,0.243417
resampled_data_batch_47.npz,8,136.059326,0.361133,135.856379,0.393637,135.965501,0.315841,135.754008,0.389364,135.856354,0.387849,135.739741,0.374128
resampled_data_batch_48.npz,8,121.893593,1.997608,121.726226,1.971439,122.014650,1.956613,121.947437,1.925012,121.724936,1.971348,121.862050,1.937768
resampled_data_batch_49.npz,8,69.043186,3.735376,68.893391,3.758687,68.781963,2.652425,68.492183,2.531368,68.893632,3.759970,68.505576,2.508469
resampled_data_batch_54.npz,8,66.229727,3.814758,66.064332,3.828526,67.830075,3.144844,67.202280,3.043696,66.065350,3.833200,67.207094,3.037415
resampled_data_batch_55.npz,8,120.842781,2.474758,120.627310,2.428338,121.175139,2.241549,121.191378,2.188232,120.630664,2.434142,121.098739,2.194536
resampled_data_batch_56.npz,8,136.076337,0.401986,135.891248,0.470493,135.859244,0.422808,135.734409,0.455913,135.878828,0.434588,135.709061,0.442340
resampled_data_batch_57.npz,8,138.106557,0.264634,137.910384,0.318384,138.069543,0.298220,137.820426,0.403198,137.912698,0.311479,137.828227,0.392093
resampled_data_batch_58.npz,8,138.680540,0.325661,138.483847,0.343185,138.686864,0.304750,138.500256,0.318141,138.483152,0.340842,138.479865,0.303617
resampled_data_batch_59.npz,8,139.045910,0.239077,138.841577,0.298360,138.987515,0.254986,138.770526,0.300076,138.843249,0.287242,138.777177,0.291817
resampled_data_batch_60.npz,8,139.304258,0.928517,139.025321,0.540524,139.232960,0.294463,139.030789,0.365243,139.016561,0.447850,139.033856,0.344309
resampled_data_batch_61.npz,8,139.402029,0.277378,139.224757,0.325451,139.414449,0.231875,139.197069,0.266984,139.227164,0.315257,139.210873,0.266553
resampled_data_batch_62.npz,8,139.486830,0.956599,139.267854,0.520572,139.419761,0.222576,139.225619,0.293073,139.263431,0.428021,139.222214,0.284580
resampled_data_batch_63.npz,8,139.510903,0.501880,139.325464,0.588542,139.555828,0.261488,139.407073,0.347653,139.325108,0.581512,139.403641,0.338187
resampled_data_batch_64.npz,8,139.646714,1.072848,139.457976,1.186207,139.472936,0.336917,139.249614,0.391626,139.440243,1.004852,139.260065,0.394420
resampled_data_batch_65.npz,8,139.614447,0.269698,139.407933,0.311920,139.657845,0.318398,139.441183,0.337609,139.402252,0.304968,139.431226,0.331559
resampled_data_batch_66.npz,8,139.671215,0.571445,139.486990,0.748190,139.534179,0.518047,139.397878,0.293445,139.477107,0.609417,139.408186,0.288309
resampled_data_batch_67.npz,8,139.639633,1.024755,139.445551,1.013587,139.785642,0.278340,139.592240,0.356012,139.451001,1.021190,139.598662,0.355871
resampled_data_batch_68.npz,8,139.727527,0.438453,139.599674,1.298129,139.735311,0.263376,139.518438,0.324635,139.551530,0.734617,139.510088,0.320622
resampled_data_batch_69.npz,8,139.729388,0.299013,139.552679,0.353712,139.716885,0.312196,139.615553,0.371990,139.551209,0.354285,139.613016,0.376752
resampled_data_batch_70.npz,8,139.785116,0.231290,139.591628,0.292964,139.821255,0.216684,139.677918,0.290866,139.594691,0.284210,139.675056,0.278224
resampled_data_batch_71.npz,8,139.759993,0.477306,139.570666,0.609191,139.675980,0.290360,139.481635,0.359363,139.572423,0.573852,139.494656,0.374439
resampled_data_batch_72.npz,8,139.791843,0.284558,139.597372,0.357741,139.831671,0.335499,139.651926,0.404129,139.598673,0.348121,139.650323,0.400107
resampled_data_batch_73.npz,8,139.691494,0.984522,139.424178,1.680361,139.782236,0.219563,139.566521,0.268994,139.457814,1.305233,139.548970,0.279390
resampled_data_batch_74.npz,8,139.811214,0.271766,139.610472,0.343392,139.789850,0.267060,139.614683,0.339815,139.615239,0.330647,139.619724,0.337209
resampled_data_batch_75.npz,8,139.735261,0.654817,139.565633,0.532364,139.636025,0.620054,139.567638,0.415238,139.557822,0.494453,139.541458,0.410227
resampled_data_batch_76.npz,8,139.782689,0.241021,139.587205,0.296175,139.751889,0.211401,139.510409,0.331974,139.587694,0.288326,139.514921,0.313982
resampled_data_batch_77.npz,8,139.711349,0.976869,139.539996,0.931865,139.713310,0.554183,139.565928,0.266901,139.546455,0.911139,139.570789,0.264835
resampled_data_batch_78.npz,8,139.817239,0.243854,139.623030,0.313090,139.793349,0.209476,139.596971,0.217470,139.626351,0.304601,139.596747,0.221015
resampled_data_batch_79.npz,8,139.858567,0.858056,139.670799,0.605721,139.869466,0.241433,139.622831,0.229922,139.676101,0.639538,139.619992,0.234808
resampled_data_batch_80.npz,8,139.890255,0.509156,139.667465,0.503151,139.882242,0.284098,139.650802,0.373224,139.676627,0.529686,139.671499,0.344852
resampled_data_batch_81.npz,8,139.910803,0.513889,139.684695,0.340327,139.843060,0.267345,139.633853,0.347929,139.680805,0.316472,139.650592,0.335334
resampled_data_batch_82.npz,8,139.857785,0.589255,139.694145,0.316135,139.870521,0.219104,139.691303,0.287599,139.696749,0.286784,139.691675,0.256550
resampled_data_batch_83.npz,8,139.939596,1.051832,139.754313,1.379636,139.954902,0.262053,139.759844,0.316124,139.738605,1.147094,139.757777,0.323131
resampled_data_batch_84.npz,8,139.763021,0.719503,139.543339,0.782669,139.828885,0.423482,139.622008,0.333718,139.556475,0.756213,139.611368,0.308728
resampled_data_batch_85.npz,8,139.830816,0.601709,139.676501,1.113911,139.887163,0.274565,139.677514,0.312455,139.657342,0.848666,139.683365,0.307559
resampled_data_batch_86.npz,8,139.732684,0.260247,139.540100,0.310946,139.676337,0.243943,139.541901,0.304841,139.542203,0.296793,139.546419,0.282974
resampled_data_batch_87.npz,8,139.748210,0.748685,139.596876,0.619837,139.805081,0.219434,139.635000,0.267458,139.592636,0.520153,139.623520,0.267276
resampled_data_batch_88.npz,8,139.861198,0.487190,139.716017,0.868818,139.773477,0.315346,139.603197,0.256628,139.700195,0.683147,139.604268,0.250013
resampled_data_batch_89.npz,8,139.923838,0.615121,139.735447,0.817963,139.890600,0.245633,139.691010,0.286801,139.729860,0.737296,139.699365,0.292920
resampled_data_batch_90.npz,8,139.935233,1.160849,139.837865,1.654316,139.870748,0.265607,139.700596,0.347314,139.781831,1.232131,139.704689,0.327739
resampled_data_batch_91.npz,8,139.815020,0.429756,139.658944,0.342560,139.837042,0.297280,139.659483,0.308672,139.657014,0.341198,139.664967,0.278855
resampled_data_batch_92.npz,8,139.879917,0.273623,139.684936,0.307403,139.787098,0.348808,139.620734,0.352408,139.686872,0.308153,139.617124,0.360121
resampled_data_batch_93.npz,8,139.890206,0.419450,139.683372,0.337356,139.811415,0.292746,139.639649,0.327134,139.684167,0.329565,139.636530,0.320455
resampled_data_batch_94.npz,8,139.858095,0.586721,139.685229,0.741282,139.941038,0.287684,139.817114,0.340918,139.688772,0.471502,139.811118,0.337521
resampled_data_batch_95.npz,8,139.866823,0.334949,139.667468,0.433269,139.826269,0.223339,139.644067,0.261481,139.694118,0.276250,139.656395,0.265383
resampled_data_batch_96.npz,8,139.932969,0.591867,139.690062,0.587700,139.968191,0.240591,139.680479,0.280185,139.699101,0.576285,139.689742,0.289123
resampled_data_batch_97.npz,8,139.848140,0.344606,139.673739,0.308622,139.823952,0.527685,139.714875,0.334652,139.675479,0.296465,139.713914,0.324901
resampled_data_batch_98.npz,8,139.945123,0.259349,139.754063,0.319675,139.945339,0.276250,139.739745,0.306362,139.756558,0.309822,139.747148,0.292778
resampled_data_batch_99.npz,8,139.828327,0.710726,139.601919,0.970721,139.865393,0.239101,139.660005,0.266668,139.617102,0.830677,139.654431,0.272619
resampled_data_batch_100.npz,8,139.843215,0.686773,139.634763,0.404205,139.828974,0.368119,139.668510,0.311653,139.635218,0.378551,139.669397,0.316920
resampled_data_batch_101.npz,8,139.883253,0.239006,139.701332,0.281682,139.828769,0.217821,139.626192,0.263908,139.701266,0.274679,139.629722,0.250055
resampled_data_batch_1.npz,9,139.404876,2.067112,139.239123,2.341856,139.588113,0.341722,139.411928,0.222536,139.301078,1.771701,139.406370,0.217668
resampled_data_batch_2.npz,9,140.030462,0.243579,139.790477,0.307446,139.999569,0.235383,139.777446,0.303741,139.791306,0.296918,139.781760,0.295072
resampled_data_batch_3.npz,9,139.717628,0.209843,139.456174,0.279760,139.671120,0.144145,139.415176,0.296438,139.453177,0.271377,139.430263,0.265203
resampled_data_batch_4.npz,9,139.802005,0.287450,139.507093,0.354413,139.875361,0.339236,139.544988,0.452476,139.511438,0.341857,139.544960,0.422023
resampled_data_batch_5.npz,9,140.102593,0.166291,139.860500,0.213016,140.151057,0.181976,139.887889,0.204532,139.860425,0.199062,139.862098,0.208215
resampled_data_batch_6.npz,9,139.935252,0.211534,139.689856,0.265712,139.944513,0.232536,139.667636,0.267462,139.690425,0.254627,139.659406,0.262671
resampled_data_batch_7.npz,9,139.932989,0.230540,139.680652,0.286580,139.932739,0.177155,139.679647,0.207577,139.679114,0.276298,139.667855,0.195066
resampled_data_batch_8.npz,9,139.812146,0.285325,139.564998,0.334315,139.868628,0.331619,139.650568,0.414577,139.556052,0.321751,139.629686,0.397211
resampled_data_batch_9.npz,9,140.124389,0.203898,139.900218,0.254470,140.035432,0.247769,139.796839,0.282557,139.905219,0.247956,139.813524,0.289218
resampled_data_batch_10.npz,9,139.899359,0.224239,139.657077,0.288092,139.800555,0.315907,139.562907,0.379371,139.648824,0.279237,139.552878,0.361545
resampled_data_batch_11.npz,9,139.844539,0.753533,139.545001,1.019499,139.887454,0.208759,139.630475,0.222281,139.559817,0.876971,139.628214,0.227462
resampled_data_batch_12.npz,9,139.454277,1.636199,139.340611,0.934460,139.712079,0.202623,139.414411,0.215580,139.340789,0.960564,139.398191,0.217267
resampled_data_batch_13.npz,9,139.184432,1.893564,138.852029,2.100487,139.448708,0.533397,139.091050,0.322539,138.892823,1.905595,139.043048,0.317755
resampled_data_batch_14.npz,9,138.516248,1.721406,138.333415,1.957219,138.430335,0.232750,138.140940,0.252590,138.296865,1.681128,138.178392,0.239016
resampled_data_batch_15.npz,9,131.947074,0.830766,131.699126,1.459171,132.164624,0.399568,131.903502,0.427234,131.767768,0.693255,131.928634,0.431541
resampled_data_batch_16.npz,9,112.856514,1.006373,112.637587,0.852018,113.487492,0.930837,113.266383,0.850644,112.651091,0.893783,113.272134,0.857617
resampled_data_batch_17.npz,9,86.757827,1.041388,86.471347,1.332894,87.210794,0.724196,86.945015,0.745605,86.517046,0.821485,86.723490,0.576734
resampled_data_batch_18.npz,9,72.105268,0.284781,71.914340,0.376002,71.973933,0.255572,71.487680,0.961953,71.934844,0.275596,71.801382,0.177837
resampled_data_batch_19.npz,9,75.767205,0.476006,75.605671,0.508520,75.568963,0.554887,75.396290,0.512824,75.599525,0.497031,75.387252,0.531963
resampled_data_batch_20.npz,9,96.702267,1.037744,96.503721,1.041317,96.002268,1.206866,96.000657,1.096572,96.505519,1.043227,95.945272,1.139437
resampled_data_batch_21.npz,9,122.866593,0.851229,122.682117,0.843954,122.428353,0.920186,122.310308,0.929089,122.676652,0.841814,122.304509,0.908865
resampled_data_batch_22.npz,9,136.153415,0.361595,135.941464,0.396756,136.236234,0.283074,136.045852,0.322617,135.943760,0.388618,136.050198,0.311599
resampled_data_batch_23.npz,9,139.251605,0.248427,139.049107,0.311727,139.266238,0.226226,139.064284,0.280639,139.051968,0.297317,139.066997,0.271313
resampled_data_batch_24.npz,9,139.550678,0.263507,139.344552,0.324114,139.424006,0.176468,139.231380,0.260522,139.340782,0.312894,139.224624,0.258770
resampled_data_batch_25.npz,9,139.604472,1.257136,139.437845,1.444874,139.640491,0.258657,139.434940,0.299248,139.418959,1.250846,139.418383,0.286955
resampled_data_batch_26.npz,9,139.778333,0.411365,139.560067,0.404943,139.912439,0.624375,139.581027,0.334541,139.566331,0.410874,139.586813,0.325779
resampled_data_batch_27.npz,9,139.657802,0.262648,139.435554,0.302695,139.635203,0.214576,139.369904,0.310236,139.437577,0.298530,139.381004,0.302009
resampled_data_batch_28.npz,9,139.800611,0.269733,139.599865,0.321295,139.738916,0.223831,139.497509,0.243802,139.601067,0.310371,139.502631,0.239646
resampled_data_batch_29.npz,9,139.799034,0.242705,139.608236,0.282811,139.821837,0.230544,139.681774,0.241015,139.605176,0.275343,139.670450,0.236764
resampled_data_batch_30.npz,9,139.857130,1.121834,139.627209,1.000037,139.661602,0.395712,139.451259,0.408505,139.622146,1.002324,139.453341,0.401676
resampled_data_batch_31.npz,9,139.650002,0.741901,139.416071,1.087258,139.703597,0.248867,139.522913,0.351995,139.432568,0.924676,139.515236,0.339857
resampled_data_batch_32.npz,9,139.749177,0.272730,139.553657,0.331207,139.769007,0.275341,139.529699,0.333603,139.556521,0.323134,139.558082,0.303861
resampled_data_batch_33.npz,9,139.762668,0.234719,139.556723,0.280712,139.826790,0.226610,139.633561,0.295260,139.553239,0.270331,139.624180,0.285008
resampled_data_batch_34.npz,9,139.781712,0.641537,139.602691,0.919668,139.762227,0.569222,139.469030,0.312000,139.590872,0.780218,139.455028,0.308894
resampled_data_batch_35.npz,9,139.685070,0.283771,139.481751,0.340801,139.701830,0.289765,139.455470,0.322179,139.491411,0.340368,139.453310,0.326094
resampled_data_batch_36.npz,9,139.647576,0.263212,139.450024,0.320742,139.764975,0.220026,139.630836,0.251006,139.455503,0.312621,139.615797,0.256203
resampled_data_batch_37.npz,9,139.679603,1.024357,139.447747,1.031609,139.796391,0.785110,139.517129,0.362572,139.454927,0.981945,139.489600,0.325581
resampled_data_batch_38.npz,9,139.476466,0.972454,139.313609,0.915624,139.603092,0.257294,139.514132,0.263444,139.303528,0.960021,139.492872,0.251485
resampled_data_batch_39.npz,9,139.548044,0.266738,139.336635,0.319536,139.556775,0.259368,139.312106,0.316310,139.337419,0.309789,139.313528,0.293046
resampled_data_batch_40.npz,9,139.518876,1.356815,139.231736,1.610321,139.399543,0.280133,139.157184,0.315190,139.264128,1.445795,139.205828,0.329626
resampled_data_batch_41.npz,9,139.434325,0.534062,139.211418,0.363161,139.419442,0.202947,139.226755,0.228374,139.208018,0.346251,139.215423,0.244698
resampled_data_batch_42.npz,9,139.305711,0.285679,139.103749,0.329561,139.198874,0.314070,138.976917,0.388103,139.103174,0.319492,138.961236,0.379588
resampled_data_batch_43.npz,9,139.275832,1.017563,139.124197,1.298768,139.053428,0.858820,139.076747,0.342353,139.110920,1.080336,139.096020,0.335264
resampled_data_batch_44.npz,9,138.941514,0.350495,138.737422,0.331426,138.968725,0.261869,138.788401,0.252631,138.735128,0.325855,138.776452,0.246970
resampled_data_batch_45.npz,9,138.707495,0.257890,138.523661,0.302541,138.738096,0.197845,138.604377,0.226455,138.525273,0.295843,138.582983,0.219919
resampled_data_batch_46.npz,9,138.055607,0.497556,137.834200,0.812570,138.077112,0.202129,137.933009,0.253649,137.849644,0.622384,137.923940,0.247357
resampled_data_batch_47.npz,9,136.071836,0.363961,135.862462,0.393911,136.157219,0.393832,135.944008,0.289697,135.868846,0.382942,135.935263,0.284179
resampled_data_batch_48.npz,9,121.895852,1.993054,121.732359,1.963394,122.168154,1.936808,122.129277,1.845181,121.733728,1.961988,122.125370,1.851750
resampled_data_batch_49.npz,9,69.049318,3.742188,68.901705,3.760896,67.999360,3.288404,67.598447,3.129872,68.900122,3.763646,67.589918,3.137652
resampled_data_batch_54.npz,9,66.240561,3.812942,66.078316,3.823693,65.033367,3.978736,65.742264,3.562895,66.079307,3.829838,65.755073,3.573702
resampled_data_batch_55.npz,9,120.847627,2.479670,120.637013,2.432409,121.297513,1.577458,120.920556,1.679122,120.637648,2.434023,120.917647,1.676676
resampled_data_batch_56.npz,9,136.081855,0.410712,135.899107,0.480872,135.978486,0.389005,135.801560,0.441735,135.882488,0.443007,135.788288,0.430999
resampled_data_batch_57.npz,9,138.118258,0.269057,137.919940,0.313035,138.105619,0.256817,137.894576,0.244273,137.924187,0.308222,137.930287,0.225471
resampled_data_batch_58.npz,9,138.692707,0.334048,138.495815,0.346279,138.603798,0.294781,138.458439,0.335009,138.493345,0.343245,138.443859,0.319017
resampled_data_batch_59.npz,9,139.045574,0.245030,138.851511,0.299490,139.079843,0.241147,138.888489,0.273619,138.856119,0.289348,138.896185,0.263063
resampled_data_batch_60.npz,9,139.313768,0.931245,139.038486,0.544411,139.281246,0.287463,139.082157,0.301234,139.037677,0.446673,139.082732,0.279577
resampled_data_batch_61.npz,9,139.412224,0.284822,139.239633,0.335503,139.433702,0.270432,139.315294,0.298491,139.240729,0.321140,139.254949,0.336867
resampled_data_batch_62.npz,9,139.496802,0.957126,139.281462,0.521951,139.482832,0.353302,139.277168,0.402454,139.278049,0.422741,139.288529,0.400458
resampled_data_batch_63.npz,9,139.513063,0.508039,139.325710,0.584214,139.509002,0.222771,139.334959,0.265536,139.326100,0.585445,139.320609,0.252278
resampled_data_batch_64.npz,9,139.658417,1.063516,139.473366,1.179636,139.721564,0.544419,139.429556,0.383781,139.459562,0.988125,139.428293,0.364649
resampled_data_batch_65.npz,9,139.633901,0.275783,139.431561,0.310815,139.653515,0.206074,139.446505,0.243981,139.425999,0.302122,139.438834,0.227295
resampled_data_batch_66.npz,9,139.692091,0.575333,139.509276,0.758135,139.746630,0.769021,139.361217,0.285038,139.493859,0.616434,139.362069,0.280853
resampled_data_batch_67.npz,9,139.647166,1.025167,139.454898,1.017127,139.734706,0.318899,139.570332,0.358386,139.457612,1.021783,139.567121,0.366358
resampled_data_batch_68.npz,9,139.735428,0.442044,139.601331,1.294187,139.642816,0.215562,139.368295,0.222393,139.554351,0.721239,139.372840,0.226232
resampled_data_batch_69.npz,9,139.740999,0.311254,139.567196,0.358714,139.802057,0.296877,139.606170,0.337530,139.565473,0.358487,139.605436,0.342957
resampled_data_batch_70.npz,9,139.793637,0.231604,139.602203,0.303405,139.822086,0.227138,139.664849,0.259359,139.603218,0.287884,139.676771,0.235331
resampled_data_batch_71.npz,9,139.774539,0.482343,139.589416,0.615824,139.754902,0.234914,139.502706,0.247290,139.591624,0.582207,139.508045,0.237526
resampled_data_batch_72.npz,9,139.794890,0.293156,139.603695,0.362151,139.822321,0.273021,139.658238,0.239233,139.606517,0.349735,139.664235,0.238148
resampled_data_batch_73.npz,9,139.696097,0.985555,139.432407,1.665234,139.802383,0.202945,139.694132,0.244787,139.470816,1.293922,139.691763,0.229782
resampled_data_batch_74.npz,9,139.816351,0.275374,139.620918,0.336739,139.731789,0.231389,139.606614,0.216088,139.628734,0.327370,139.618939,0.207828
resampled_data_batch_75.npz,9,139.750611,0.651994,139.588443,0.534326,139.662517,0.165318,139.338102,0.269141,139.577682,0.492701,139.358841,0.248646
resampled_data_batch_76.npz,9,139.793354,0.243930,139.598622,0.296718,139.731215,0.223292,139.543423,0.305175,139.596713,0.289320,139.532080,0.295093
resampled_data_batch_77.npz,9,139.720927,0.974669,139.556821,0.928038,139.962126,0.229421,139.734031,0.278827,139.557195,0.918638,139.726798,0.281035
resampled_data_batch_78.npz,9,139.824458,0.240187,139.633470,0.315308,139.781331,0.214102,139.538852,0.343950,139.637366,0.301484,139.545713,0.333665
resampled_data_batch_79.npz,9,139.869812,0.866536,139.682195,0.609101,139.781766,0.207853,139.554995,0.217532,139.687463,0.645554,139.524785,0.272523
resampled_data_batch_80.npz,9,139.903546,0.518292,139.679268,0.507070,139.896592,0.236788,139.664245,0.292700,139.684772,0.533836,139.659767,0.280890
resampled_data_batch_81.npz,9,139.915858,0.508836,139.688644,0.340416,139.906667,0.246912,139.726281,0.339581,139.687628,0.317670,139.724070,0.325611
resampled_data_batch_82.npz,9,139.866756,0.595179,139.701174,0.314487,139.979611,0.231759,139.734685,0.298053,139.704802,0.284307,139.739430,0.259036
resampled_data_batch_83.npz,9,139.947205,1.049849,139.772040,1.375130,140.005115,0.331776,139.808375,0.371476,139.756594,1.146999,139.813247,0.357102
resampled_data_batch_84.npz,9,139.769346,0.725380,139.551435,0.782458,139.843120,0.190118,139.641536,0.243258,139.560719,0.753243,139.648753,0.237439
resampled_data_batch_85.npz,9,139.840754,0.603852,139.689504,1.111470,139.756780,0.257079,139.546836,0.320302,139.668303,0.841525,139.547598,0.313895
resampled_data_batch_86.npz,9,139.748830,0.270344,139.554598,0.314788,139.786816,0.212574,139.530920,0.330110,139.556982,0.308724,139.542862,0.321211
resampled_data_batch_87.npz,9,139.748807,0.753954,139.599303,0.619960,139.634939,0.292954,139.412667,0.336466,139.598670,0.519338,139.422636,0.344881
resampled_data_batch_88.npz,9,139.864585,0.479407,139.719846,0.873860,139.680692,0.318968,139.547254,0.251962,139.705149,0.678554,139.543665,0.252508
resampled_data_batch_89.npz,9,139.941051,0.617634,139.754670,0.825808,139.926539,0.311758,139.699070,0.348378,139.752586,0.742248,139.712107,0.331943
resampled_data_batch_90.npz,9,139.949200,1.164681,139.849225,1.656494,139.842312,0.203307,139.612256,0.316996,139.789517,1.231024,139.610243,0.285331
resampled_data_batch_91.npz,9,139.822676,0.431495,139.665435,0.347269,139.724031,0.257192,139.544965,0.340295,139.661583,0.343576,139.550646,0.328646
resampled_data_batch_92.npz,9,139.896582,0.273936,139.698322,0.313376,139.935214,0.271348,139.719113,0.342643,139.702581,0.311038,139.709410,0.335512
resampled_data_batch_93.npz,9,139.903557,0.427150,139.695224,0.350167,139.809252,0.275684,139.608768,0.286462,139.695997,0.347798,139.604367,0.296947
resampled_data_batch_94.npz,9,139.862237,0.583545,139.694473,0.746596,139.923407,0.289323,139.759470,0.341458,139.699883,0.468201,139.753118,0.343061
resampled_data_batch_95.npz,9,139.879159,0.328533,139.677273,0.422111,139.707979,0.646842,139.650039,0.191241,139.698615,0.274420,139.647611,0.191946
resampled_data_batch_96.npz,9,139.941809,0.599075,139.699612,0.579849,139.863163,0.258844,139.596556,0.335694,139.701504,0.577938,139.589798,0.329281
resampled_data_batch_97.npz,9,139.855076,0.340617,139.684546,0.309773,139.858789,0.248834,139.701257,0.321043,139.684163,0.292525,139.688238,0.301370
resampled_data_batch_98.npz,9,139.952041,0.253769,139.768824,0.317777,139.973690,0.185505,139.810117,0.262345,139.772461,0.310711,139.808242,0.254253
resampled_data_batch_99.npz,9,139.832996,0.712512,139.613461,0.966607,139.848415,0.268699,139.622306,0.330484,139.630292,0.835835,139.633856,0.333156
resampled_data_batch_100.npz,9,139.844670,0.691855,139.643945,0.408629,139.816551,0.223371,139.563912,0.280228,139.641463,0.391147,139.572122,0.266293
resampled_data_batch_101.npz,9,139.895832,0.251569,139.717127,0.285955,139.864964,0.245073,139.735112,0.301288,139.715458,0.285015,139.731173,0.291221
